document,degradation,level,nb_mots_verite_terrain,nb_mots_ocr,cer,wer,taux_mots_detectes,taux_mots_manquants
0000971160.png,aucune,original,145,127,0.1589958158995816,0.35172413793103446,0.7327586206896551,0.26724137931034486
0000989556.png,aucune,original,232,212,0.6273421235253296,0.8060344827586207,0.5900621118012422,0.40993788819875776
0000990274.png,aucune,original,132,98,0.36560693641618497,0.5227272727272727,0.58,0.42000000000000004
0000999294.png,aucune,original,295,276,0.8428571428571429,0.9864406779661017,0.4794520547945205,0.5205479452054795
0001118259.png,aucune,original,90,53,0.497907949790795,0.7666666666666667,0.3333333333333333,0.6666666666666667
0001123541.png,aucune,original,189,145,0.4380639868744873,0.5873015873015873,0.4810126582278481,0.5189873417721519
0001129658.png,aucune,original,244,192,0.38033012379642367,0.5819672131147541,0.505,0.495
0001209043.png,aucune,original,145,139,0.7512019230769231,0.9103448275862069,0.7086614173228346,0.2913385826771654
0001239897.png,aucune,original,133,82,0.7220812182741116,0.8796992481203008,0.1595744680851064,0.8404255319148937
0001438955.png,aucune,original,144,110,0.7834912043301759,0.9583333333333334,0.4297520661157025,0.5702479338842975
0001456787.png,aucune,original,167,136,0.4485294117647059,0.7425149700598802,0.4842105263157895,0.5157894736842106
0001463282.png,aucune,original,218,192,0.6764934057408845,0.8761467889908257,0.5379746835443038,0.4620253164556962
0001463448.png,aucune,original,121,102,0.1783625730994152,0.4049586776859504,0.8157894736842105,0.1842105263157895
0001476912.png,aucune,original,96,91,0.7390476190476191,0.875,0.6071428571428571,0.3928571428571429
0001477983.png,aucune,original,289,251,0.5223961144090664,0.6747404844290658,0.7052631578947368,0.2947368421052632
0001485288.png,aucune,original,100,92,0.30952380952380953,0.54,0.7126436781609196,0.28735632183908044
00040534.png,aucune,original,214,200,0.6610738255033557,0.8317757009345794,0.4482758620689655,0.5517241379310345
00070353.png,aucune,original,126,113,0.2704714640198511,0.4444444444444444,0.6355140186915887,0.36448598130841126
00093726.png,aucune,original,232,211,0.6814486326681448,0.8189655172413793,0.6012269938650306,0.39877300613496935
0011505151.png,aucune,original,93,77,0.625,0.8172043010752689,0.4567901234567901,0.5432098765432098
0011838621.png,aucune,original,164,154,0.6258637709772952,0.7621951219512195,0.5772357723577236,0.4227642276422764
0011845203.png,aucune,original,165,140,0.6913086913086913,0.8181818181818182,0.7350427350427351,0.2649572649572649
0011856542.png,aucune,original,87,89,0.225177304964539,0.3793103448275862,0.8076923076923077,0.1923076923076923
0011859695.png,aucune,original,128,119,0.40272614622057,0.6484375,0.5221238938053098,0.47787610619469023
0011899960.png,aucune,original,117,113,0.2175,0.452991452991453,0.6728971962616822,0.3271028037383178
0011906503.png,aucune,original,242,252,0.5402010050251256,0.7107438016528925,0.7374301675977654,0.26256983240223464
0011973451.png,aucune,original,124,110,0.4475955610357583,0.6774193548387096,0.5327102803738317,0.4672897196261683
0011974919.png,aucune,original,108,104,0.4114441416893733,0.6388888888888888,0.7128712871287128,0.28712871287128716
0011976929.png,aucune,original,80,75,0.24197002141327623,0.4125,0.7323943661971831,0.2676056338028169
0012178355.png,aucune,original,151,140,0.390359168241966,0.6158940397350994,0.6454545454545455,0.3545454545454545
0012199830.png,aucune,original,83,64,0.36983471074380164,0.6024096385542169,0.4857142857142857,0.5142857142857142
0012529284.png,aucune,original,218,176,0.668936170212766,0.7844036697247706,0.6114649681528662,0.3885350318471338
0012529295.png,aucune,original,254,199,0.6271899088997898,0.8346456692913385,0.5080213903743316,0.4919786096256684
0012602424.png,aucune,original,219,165,0.6264,0.7808219178082192,0.4662576687116564,0.5337423312883436
0012947358.png,aucune,original,288,270,0.514460511679644,0.7291666666666666,0.5607476635514018,0.4392523364485982
0013255595.png,aucune,original,34,30,0.42857142857142855,0.5294117647058824,0.5882352941176471,0.4117647058823529
00283813.png,aucune,original,165,214,0.7592954990215264,1.0303030303030303,0.6454545454545455,0.3545454545454545
0030031163.png,aucune,original,131,130,0.28232189973614774,0.3816793893129771,0.8585858585858586,0.14141414141414144
0030041455.png,aucune,original,64,59,0.0856269113149847,0.328125,0.7358490566037735,0.26415094339622647
0060000813.png,aucune,original,105,106,0.7082152974504249,0.7714285714285715,0.671875,0.328125
0060007216.png,aucune,original,84,78,0.6517509727626459,0.7380952380952381,0.726027397260274,0.273972602739726
0060024314.png,aucune,original,106,97,0.3451443569553806,0.5660377358490566,0.6292134831460674,0.3707865168539326
0060025670.png,aucune,original,46,46,0.2360248447204969,0.32608695652173914,0.813953488372093,0.18604651162790697
0060029036.png,aucune,original,137,129,0.5746714456391876,0.6934306569343066,0.7433628318584071,0.2566371681415929
0060036622.png,aucune,original,150,123,0.26365795724465557,0.4533333333333333,0.6964285714285714,0.3035714285714286
0060068489.png,aucune,original,225,220,0.5417808219178082,0.6088888888888889,0.6596858638743456,0.3403141361256544
0060077689.png,aucune,original,202,135,0.6368243243243243,0.8316831683168316,0.3710691823899371,0.628930817610063
0060080406.png,aucune,original,182,155,0.5847234416154522,0.7582417582417582,0.474025974025974,0.525974025974026
0060091229.png,aucune,original,99,98,0.12745098039215685,0.4444444444444444,0.6470588235294118,0.3529411764705882
0060094595.png,aucune,original,139,129,0.8180494905385735,0.9496402877697842,0.27184466019417475,0.7281553398058253
0060136394.png,aucune,original,85,45,0.5816876122082585,0.7647058823529411,0.29333333333333333,0.7066666666666667
0060165115.png,aucune,original,104,88,0.6614173228346457,0.8653846153846154,0.358695652173913,0.6413043478260869
0060173256.png,aucune,original,62,32,0.7894736842105263,0.9193548387096774,0.37777777777777777,0.6222222222222222
0060207528.png,aucune,original,176,175,0.4114285714285714,0.6136363636363636,0.5912408759124088,0.4087591240875912
0060214859.png,aucune,original,133,103,0.44523470839260315,0.6842105263157895,0.49523809523809526,0.5047619047619047
0060255888.png,aucune,original,134,116,0.27020506634499397,0.44776119402985076,0.6826923076923077,0.3173076923076923
0060262650.png,aucune,original,225,209,0.5213730569948186,0.6488888888888888,0.6473988439306358,0.35260115606936415
0060270727.png,aucune,original,172,118,0.5868814729574223,0.8546511627906976,0.6330275229357798,0.3669724770642202
0060302201.png,aucune,original,168,176,0.21390374331550802,0.5059523809523809,0.65,0.35
0060308251.png,aucune,original,46,38,0.5286343612334802,0.782608695652174,0.45454545454545453,0.5454545454545454
0060308461.png,aucune,original,153,118,0.5827956989247312,0.869281045751634,0.6,0.4
0071032790.png,aucune,original,79,86,0.45807770961145194,0.5822784810126582,0.7846153846153846,0.2153846153846154
0071032807.png,aucune,original,68,68,0.2411504424778761,0.4117647058823529,0.7377049180327869,0.2622950819672131
00836244.png,aucune,original,181,123,0.6895833333333333,0.8287292817679558,0.25,0.75
00836816.png,aucune,original,175,126,0.2804284323271665,0.4228571428571429,0.5615384615384615,0.43846153846153846
00837285.png,aucune,original,223,221,0.5274151436031331,0.6053811659192825,0.49390243902439024,0.5060975609756098
00838511_00838525.png,aucune,original,61,41,0.39097744360902253,0.45901639344262296,0.5555555555555556,0.4444444444444444
00851772_1780.png,aucune,original,109,91,0.5117241379310344,0.6513761467889908,0.5434782608695652,0.4565217391304348
00851879.png,aucune,original,139,140,0.7405281285878301,0.8848920863309353,0.8392857142857143,0.1607142857142857
00860012_00860014.png,aucune,original,194,179,0.641965678627145,0.7577319587628866,0.4879518072289157,0.5120481927710843
00865872.png,aucune,original,137,67,0.5819397993311036,0.6058394160583942,0.44545454545454544,0.5545454545454546
00866042.png,aucune,original,193,181,0.6555059523809523,0.7668393782383419,0.5521472392638037,0.4478527607361963
00920222.png,aucune,original,178,152,0.3842412451361868,0.5617977528089888,0.6713286713286714,0.32867132867132864
00920294.png,aucune,original,92,71,0.6586345381526104,0.8478260869565217,0.5487804878048781,0.4512195121951219
00922237.png,aucune,original,161,119,0.5150925024342746,0.6770186335403726,0.45112781954887216,0.5488721804511278
01073843.png,aucune,original,171,155,0.7563981042654029,0.8947368421052632,0.39864864864864863,0.6013513513513513
01122115.png,aucune,original,282,245,0.6707938820101966,0.7801418439716312,0.6354166666666666,0.36458333333333337
01150773_01150774.png,aucune,original,161,79,0.7232580961727183,0.8819875776397516,0.3382352941176471,0.6617647058823529
01191071_1072.png,aucune,original,60,58,0.47757255936675463,0.6,0.7543859649122807,0.24561403508771928
01197604.png,aucune,original,95,54,0.6306913996627319,0.7789473684210526,0.27058823529411763,0.7294117647058824
01408099_01408101.png,aucune,original,131,131,0.6002430133657352,0.7938931297709924,0.6428571428571429,0.3571428571428571
11508234.png,aucune,original,233,207,0.7269049224544841,0.8755364806866953,0.6206896551724138,0.3793103448275862
11875011.png,aucune,original,177,176,0.1815856777493606,0.24293785310734464,0.8869565217391304,0.11304347826086958
12052385.png,aucune,original,55,41,0.683076923076923,0.7818181818181819,0.5283018867924528,0.4716981132075472
12603270.png,aucune,original,150,153,0.7367886178861789,0.9,0.6153846153846154,0.3846153846153846
12825369.png,aucune,original,205,196,0.3553459119496855,0.45365853658536587,0.7988165680473372,0.20118343195266275
13149651.png,aucune,original,325,194,0.7466266866566716,0.9723076923076923,0.2403846153846154,0.7596153846153846
660978.png,aucune,original,106,94,0.5721231766612642,0.6981132075471698,0.7078651685393258,0.2921348314606742
71108371.png,aucune,original,266,283,0.5343000557724484,0.706766917293233,0.8404255319148937,0.15957446808510634
71190280.png,aucune,original,66,78,0.7494553376906318,0.9696969696969697,0.6428571428571429,0.3571428571428571
71202511.png,aucune,original,213,194,0.5279693486590038,0.7370892018779343,0.625,0.375
71206427.png,aucune,original,61,69,0.3731958762886598,0.5409836065573771,0.9259259259259259,0.07407407407407407
71341634.png,aucune,original,243,201,0.7960479887085392,0.9835390946502057,0.1941747572815534,0.8058252427184466
71366499.png,aucune,original,71,51,0.720626631853786,0.8873239436619719,0.38181818181818183,0.6181818181818182
71563825.png,aucune,original,240,224,0.35714285714285715,0.5833333333333334,0.6411764705882353,0.35882352941176465
71601299.png,aucune,original,248,242,0.17376373626373626,0.3064516129032258,0.7987012987012987,0.2012987012987013
716552.png,aucune,original,219,186,0.49922600619195046,0.7168949771689498,0.45695364238410596,0.543046357615894
80310840a.png,aucune,original,210,148,0.5101427498121713,0.7571428571428571,0.4484848484848485,0.5515151515151515
80707440_7443.png,aucune,original,179,165,0.27634194831013914,0.3687150837988827,0.7202797202797203,0.2797202797202797
80718412_8413.png,aucune,original,83,72,0.6118811881188119,0.8072289156626506,0.5151515151515151,0.48484848484848486
80728670.png,aucune,original,119,103,0.2927536231884058,0.48739495798319327,0.631578947368421,0.368421052631579
81186212.png,aucune,original,62,61,0.16083916083916083,0.1935483870967742,0.9473684210526315,0.052631578947368474
81310636.png,aucune,original,73,70,0.4895397489539749,0.684931506849315,0.6607142857142857,0.3392857142857143
81574683.png,aucune,original,231,208,0.6098939929328622,0.7445887445887446,0.6594594594594595,0.3405405405405405
81619486_9488.png,aucune,original,154,107,0.5914438502673797,0.7597402597402597,0.5444444444444444,0.4555555555555556
81619511_9513.png,aucune,original,206,186,0.5655114116652579,0.8495145631067961,0.31343283582089554,0.6865671641791045
81749056_9057.png,aucune,original,184,121,0.5975485188968335,0.7445652173913043,0.4496124031007752,0.5503875968992248
82254638.png,aucune,original,139,140,0.5492788461538461,0.8201438848920863,0.5384615384615384,0.46153846153846156
87533049.png,aucune,original,110,97,0.46570972886762363,0.7454545454545455,0.5053763440860215,0.4946236559139785
87672097.png,aucune,original,206,167,0.7111111111111111,0.8689320388349514,0.3902439024390244,0.6097560975609756
87682908.png,aucune,original,125,117,0.5752212389380531,0.696,0.7142857142857143,0.2857142857142857
88057519.png,aucune,original,37,31,0.4936708860759494,0.6756756756756757,0.5588235294117647,0.4411764705882353
88547278_88547279.png,aucune,original,133,186,0.652962515114873,1.0,0.6097560975609756,0.3902439024390244
89368010.png,aucune,original,150,128,0.44384449244060475,0.6066666666666667,0.6880733944954128,0.3119266055045872
89386032.png,aucune,original,92,97,0.2795031055900621,0.3804347826086957,0.8481012658227848,0.15189873417721522
89817999_8002.png,aucune,original,155,161,0.2906610703043022,0.38064516129032255,0.84251968503937,0.15748031496062997
89867723.png,aucune,original,205,179,0.35948759007205766,0.526829268292683,0.639751552795031,0.36024844720496896
91104867.png,aucune,original,87,119,1.0,1.3218390804597702,0.5733333333333334,0.42666666666666664
91161344_91161347.png,aucune,original,254,224,0.7165021156558533,0.8858267716535433,0.5684931506849316,0.43150684931506844
91315069_91315070.png,aucune,original,81,78,0.3557483731019523,0.5061728395061729,0.7391304347826086,0.26086956521739135
91355841.png,aucune,original,94,55,0.6571969696969697,0.7978723404255319,0.4852941176470588,0.5147058823529411
91356315.png,aucune,original,100,61,0.5404040404040404,0.75,0.4189189189189189,0.5810810810810811
91361993.png,aucune,original,108,51,0.6443298969072165,0.7407407407407407,0.38961038961038963,0.6103896103896104
91372360.png,aucune,original,136,122,0.3850129198966408,0.5588235294117647,0.5862068965517241,0.4137931034482759
91391286.png,aucune,original,99,106,0.463855421686747,0.7676767676767676,0.651685393258427,0.348314606741573
91391310.png,aucune,original,88,85,0.6130573248407644,0.6931818181818182,0.7215189873417721,0.2784810126582279
91581919.png,aucune,original,157,154,0.3140495867768595,0.37579617834394907,0.7868852459016393,0.21311475409836067
91856041_6049.png,aucune,original,76,60,0.4448979591836735,0.6710526315789473,0.47692307692307695,0.523076923076923
91903177.png,aucune,original,106,93,0.4383561643835616,0.6886792452830188,0.7066666666666667,0.29333333333333333
91914407.png,aucune,original,109,98,0.3037974683544304,0.44036697247706424,0.7191011235955056,0.2808988764044944
91939637.png,aucune,original,133,131,0.39149888143176736,0.5037593984962406,0.8155339805825242,0.18446601941747576
91974562.png,aucune,original,107,86,0.34408602150537637,0.5420560747663551,0.6086956521739131,0.3913043478260869
92039708_9710.png,aucune,original,77,54,0.32574031890660593,0.7142857142857143,0.31746031746031744,0.6825396825396826
92081358_1359.png,aucune,original,157,152,0.3258426966292135,0.5414012738853503,0.696,0.30400000000000005
92091873.png,aucune,original,214,197,0.43237250554323725,0.6728971962616822,0.608433734939759,0.39156626506024095
92094746.png,aucune,original,152,142,0.5568927789934355,0.6842105263157895,0.65,0.35
92094751.png,aucune,original,194,171,0.4745470232959448,0.6082474226804123,0.6283783783783784,0.3716216216216216
92298125.png,aucune,original,140,121,0.33248730964467005,0.4642857142857143,0.6695652173913044,0.33043478260869563
92314414.png,aucune,original,240,236,0.2257834757834758,0.325,0.8294117647058824,0.1705882352941176
92327794.png,aucune,original,77,61,0.5401785714285714,0.6103896103896104,0.5588235294117647,0.4411764705882353
92433599_92433601.png,aucune,original,142,123,0.28052805280528054,0.4014084507042254,0.7213114754098361,0.2786885245901639
92586242.png,aucune,original,81,71,0.43,0.7654320987654321,0.463768115942029,0.536231884057971
92657311_7313.png,aucune,original,107,87,0.440625,0.5981308411214953,0.7142857142857143,0.2857142857142857
92657391.png,aucune,original,131,124,0.4236111111111111,0.6259541984732825,0.6909090909090909,0.3090909090909091
93213298.png,aucune,original,186,185,0.42328042328042326,0.6129032258064516,0.7829457364341085,0.21705426356589153
93329540.png,aucune,original,115,116,0.43890675241157556,0.6695652173913044,0.7586206896551724,0.24137931034482762
93351929_93351931.png,aucune,original,111,103,0.5464333781965006,0.7117117117117117,0.7142857142857143,0.2857142857142857
93380187.png,aucune,original,152,107,0.5955176093916755,0.8223684210526315,0.45217391304347826,0.5478260869565217
93455715.png,aucune,original,143,102,0.411543287327478,0.5944055944055944,0.7954545454545454,0.20454545454545459
0000971160.png,flou_gaussien,faible,145,111,0.28661087866108786,0.5310344827586206,0.5172413793103449,0.48275862068965514
0000971160.png,flou_gaussien,moyen,145,4,0.9874476987447699,1.0,0.0,1.0
0000971160.png,flou_gaussien,fort,145,0,1.0,1.0,0.0,1.0
0000971160.png,bruit_aleatoire,faible,145,127,0.1579497907949791,0.3586206896551724,0.7241379310344828,0.27586206896551724
0000971160.png,bruit_aleatoire,moyen,145,128,0.16527196652719664,0.4,0.7155172413793104,0.2844827586206896
0000971160.png,bruit_aleatoire,fort,145,131,0.1809623430962343,0.45517241379310347,0.646551724137931,0.35344827586206895
0000971160.png,rotation_legere,faible,145,118,0.2813807531380753,0.5862068965517241,0.5258620689655172,0.47413793103448276
0000971160.png,rotation_legere,moyen,145,125,0.34414225941422594,0.6827586206896552,0.45689655172413796,0.5431034482758621
0000971160.png,rotation_legere,fort,145,129,0.3106694560669456,0.7310344827586207,0.3793103448275862,0.6206896551724138
0000971160.png,faible_contraste,faible,145,127,0.15690376569037656,0.35172413793103446,0.7413793103448276,0.2586206896551724
0000971160.png,faible_contraste,moyen,145,127,0.15585774058577406,0.3448275862068966,0.7413793103448276,0.2586206896551724
0000971160.png,faible_contraste,fort,145,127,0.15585774058577406,0.35172413793103446,0.7327586206896551,0.26724137931034486
0000971160.png,compression_jpeg,faible,145,127,0.15690376569037656,0.36551724137931035,0.7155172413793104,0.2844827586206896
0000971160.png,compression_jpeg,moyen,145,127,0.1705020920502092,0.41379310344827586,0.6379310344827587,0.3620689655172413
0000971160.png,compression_jpeg,fort,145,127,0.2583682008368201,0.6275862068965518,0.4396551724137931,0.5603448275862069
0000971160.png,effet_scan_degrade,faible,145,123,0.20920502092050208,0.46206896551724136,0.6206896551724138,0.3793103448275862
0000971160.png,effet_scan_degrade,moyen,145,126,0.1903765690376569,0.4689655172413793,0.5948275862068966,0.4051724137931034
0000971160.png,effet_scan_degrade,fort,145,14,0.9079497907949791,0.9448275862068966,0.06896551724137931,0.9310344827586207
0000971160.png,distorsion_decalage,faible,145,121,0.20920502092050208,0.4,0.6637931034482759,0.3362068965517241
0000971160.png,distorsion_decalage,moyen,145,125,0.19769874476987448,0.4206896551724138,0.6724137931034483,0.3275862068965517
0000971160.png,distorsion_decalage,fort,145,126,0.18514644351464435,0.4,0.6896551724137931,0.31034482758620685
0000971160.png,ombres,faible,145,126,0.17154811715481172,0.38620689655172413,0.7068965517241379,0.2931034482758621
0000971160.png,ombres,moyen,145,60,0.602510460251046,0.7655172413793103,0.29310344827586204,0.7068965517241379
0000971160.png,ombres,fort,145,26,0.8169456066945606,0.8689655172413793,0.1724137931034483,0.8275862068965517
0000989556.png,flou_gaussien,faible,232,99,0.7487855655794587,0.8836206896551724,0.19875776397515527,0.8012422360248448
0000989556.png,flou_gaussien,moyen,232,0,1.0,1.0,0.0,1.0
0000989556.png,flou_gaussien,fort,232,0,1.0,1.0,0.0,1.0
0000989556.png,bruit_aleatoire,faible,232,214,0.6280360860513532,0.8232758620689655,0.6024844720496895,0.39751552795031053
0000989556.png,bruit_aleatoire,moyen,232,203,0.6190145732130465,0.8017241379310345,0.5403726708074534,0.45962732919254656
0000989556.png,bruit_aleatoire,fort,232,221,0.6238723108952117,0.9051724137931034,0.36024844720496896,0.639751552795031
0000989556.png,rotation_legere,faible,232,220,0.6703678001387925,0.8706896551724138,0.577639751552795,0.422360248447205
0000989556.png,rotation_legere,moyen,232,208,0.5857043719639139,0.728448275862069,0.577639751552795,0.422360248447205
0000989556.png,rotation_legere,fort,232,147,0.7550312283136711,0.9827586206896551,0.08074534161490683,0.9192546583850931
0000989556.png,faible_contraste,faible,232,211,0.6294240111034004,0.8017241379310345,0.5962732919254659,0.40372670807453415
0000989556.png,faible_contraste,moyen,232,210,0.6280360860513532,0.8060344827586207,0.6211180124223602,0.3788819875776398
0000989556.png,faible_contraste,fort,232,210,0.6266481609993061,0.8060344827586207,0.6024844720496895,0.39751552795031053
0000989556.png,compression_jpeg,faible,232,204,0.6134628730048577,0.8146551724137931,0.5279503105590062,0.4720496894409938
0000989556.png,compression_jpeg,moyen,232,210,0.6231783483691881,0.8318965517241379,0.484472049689441,0.515527950310559
0000989556.png,compression_jpeg,fort,232,193,0.6315058986814712,0.8577586206896551,0.36024844720496896,0.639751552795031
0000989556.png,effet_scan_degrade,faible,232,203,0.6217904233171409,0.8491379310344828,0.45962732919254656,0.5403726708074534
0000989556.png,effet_scan_degrade,moyen,232,110,0.7467036780013879,0.9051724137931034,0.22981366459627328,0.7701863354037267
0000989556.png,effet_scan_degrade,fort,232,102,0.7376821651630812,0.9655172413793104,0.10559006211180125,0.8944099378881988
0000989556.png,distorsion_decalage,faible,232,217,0.6474670367800138,0.8362068965517241,0.5962732919254659,0.40372670807453415
0000989556.png,distorsion_decalage,moyen,232,214,0.6065232477446217,0.8103448275862069,0.5838509316770186,0.4161490683229814
0000989556.png,distorsion_decalage,fort,232,201,0.5780707841776545,0.7543103448275862,0.577639751552795,0.422360248447205
0000989556.png,ombres,faible,232,213,0.6446911866759195,0.8318965517241379,0.577639751552795,0.422360248447205
0000989556.png,ombres,moyen,232,68,0.7730742539902845,0.8836206896551724,0.22981366459627328,0.7701863354037267
0000989556.png,ombres,fort,232,105,0.5961138098542679,0.7844827586206896,0.3105590062111801,0.68944099378882
0000990274.png,flou_gaussien,faible,132,113,0.45664739884393063,0.7045454545454546,0.39,0.61
0000990274.png,flou_gaussien,moyen,132,2,0.9913294797687862,1.0,0.0,1.0
0000990274.png,flou_gaussien,fort,132,5,0.9898843930635838,1.0,0.0,1.0
0000990274.png,bruit_aleatoire,faible,132,113,0.3468208092485549,0.5151515151515151,0.69,0.31000000000000005
0000990274.png,bruit_aleatoire,moyen,132,100,0.3670520231213873,0.553030303030303,0.57,0.43000000000000005
0000990274.png,bruit_aleatoire,fort,132,0,1.0,1.0,0.0,1.0
0000990274.png,rotation_legere,faible,132,107,0.3699421965317919,0.5681818181818182,0.57,0.43000000000000005
0000990274.png,rotation_legere,moyen,132,112,0.45375722543352603,0.7045454545454546,0.44,0.56
0000990274.png,rotation_legere,fort,132,13,0.9450867052023122,0.9696969696969697,0.06,0.94
0000990274.png,faible_contraste,faible,132,98,0.36416184971098264,0.5227272727272727,0.59,0.41000000000000003
0000990274.png,faible_contraste,moyen,132,97,0.36127167630057805,0.5227272727272727,0.59,0.41000000000000003
0000990274.png,faible_contraste,fort,132,97,0.3598265895953757,0.5303030303030303,0.59,0.41000000000000003
0000990274.png,compression_jpeg,faible,132,115,0.3872832369942196,0.5681818181818182,0.62,0.38
0000990274.png,compression_jpeg,moyen,132,102,0.38583815028901736,0.5757575757575758,0.56,0.43999999999999995
0000990274.png,compression_jpeg,fort,132,91,0.42485549132947975,0.6818181818181818,0.39,0.61
0000990274.png,effet_scan_degrade,faible,132,118,0.4508670520231214,0.6439393939393939,0.55,0.44999999999999996
0000990274.png,effet_scan_degrade,moyen,132,108,0.46965317919075145,0.7196969696969697,0.36,0.64
0000990274.png,effet_scan_degrade,fort,132,81,0.6488439306358381,0.8787878787878788,0.14,0.86
0000990274.png,distorsion_decalage,faible,132,113,0.38439306358381503,0.5757575757575758,0.6,0.4
0000990274.png,distorsion_decalage,moyen,132,71,0.6054913294797688,0.7727272727272727,0.4,0.6
0000990274.png,distorsion_decalage,fort,132,116,0.4956647398843931,0.7045454545454546,0.49,0.51
0000990274.png,ombres,faible,132,113,0.3468208092485549,0.5,0.7,0.30000000000000004
0000990274.png,ombres,moyen,132,60,0.7138728323699421,0.9242424242424242,0.17,0.83
0000990274.png,ombres,fort,132,66,0.611271676300578,0.75,0.38,0.62
0000999294.png,flou_gaussien,faible,295,201,0.7952380952380952,0.9796610169491525,0.2511415525114155,0.7488584474885844
0000999294.png,flou_gaussien,moyen,295,0,1.0,1.0,0.0,1.0
0000999294.png,flou_gaussien,fort,295,26,0.9398809523809524,1.0,0.0,1.0
0000999294.png,bruit_aleatoire,faible,295,279,0.8428571428571429,0.9830508474576272,0.4931506849315068,0.5068493150684932
0000999294.png,bruit_aleatoire,moyen,295,256,0.8136904761904762,0.9830508474576272,0.4292237442922374,0.5707762557077626
0000999294.png,bruit_aleatoire,fort,295,292,0.8339285714285715,0.9898305084745763,0.3744292237442922,0.6255707762557078
0000999294.png,rotation_legere,faible,295,266,0.8375,0.9830508474576272,0.4611872146118721,0.5388127853881279
0000999294.png,rotation_legere,moyen,295,269,0.8208333333333333,0.9864406779661017,0.4611872146118721,0.5388127853881279
0000999294.png,rotation_legere,fort,295,20,0.9494047619047619,0.9966101694915255,0.0045662100456621,0.995433789954338
0000999294.png,faible_contraste,faible,295,278,0.8416666666666667,0.9864406779661017,0.4931506849315068,0.5068493150684932
0000999294.png,faible_contraste,moyen,295,275,0.8375,0.9830508474576272,0.4885844748858447,0.5114155251141552
0000999294.png,faible_contraste,fort,295,275,0.8517857142857143,0.9898305084745763,0.4977168949771689,0.5022831050228311
0000999294.png,compression_jpeg,faible,295,269,0.8333333333333334,0.9830508474576272,0.4885844748858447,0.5114155251141552
0000999294.png,compression_jpeg,moyen,295,269,0.8261904761904761,0.9796610169491525,0.4474885844748858,0.5525114155251142
0000999294.png,compression_jpeg,fort,295,238,0.7880952380952381,0.976271186440678,0.365296803652968,0.634703196347032
0000999294.png,effet_scan_degrade,faible,295,196,0.7845238095238095,0.9694915254237289,0.2374429223744292,0.7625570776255708
0000999294.png,effet_scan_degrade,moyen,295,170,0.799404761904762,0.9728813559322034,0.182648401826484,0.817351598173516
0000999294.png,effet_scan_degrade,fort,295,139,0.8208333333333333,0.9830508474576272,0.0821917808219178,0.9178082191780822
0000999294.png,distorsion_decalage,faible,295,269,0.8220238095238095,0.9830508474576272,0.4703196347031963,0.5296803652968036
0000999294.png,distorsion_decalage,moyen,295,263,0.8119047619047619,0.9830508474576272,0.4018264840182648,0.5981735159817352
0000999294.png,distorsion_decalage,fort,295,210,0.7863095238095238,0.9694915254237289,0.3561643835616438,0.6438356164383562
0000999294.png,ombres,faible,295,273,0.8178571428571428,0.9796610169491525,0.4703196347031963,0.5296803652968036
0000999294.png,ombres,moyen,295,239,0.8089285714285714,0.976271186440678,0.4337899543378995,0.5662100456621004
0000999294.png,ombres,fort,295,186,0.7904761904761904,0.9694915254237289,0.3333333333333333,0.6666666666666667
0001118259.png,flou_gaussien,faible,90,11,0.8305439330543933,0.9222222222222223,0.11666666666666667,0.8833333333333333
0001118259.png,flou_gaussien,moyen,90,0,1.0,1.0,0.0,1.0
0001118259.png,flou_gaussien,fort,90,1,0.9916317991631799,1.0,0.0,1.0
0001118259.png,bruit_aleatoire,faible,90,49,0.49581589958158995,0.7444444444444445,0.3333333333333333,0.6666666666666667
0001118259.png,bruit_aleatoire,moyen,90,43,0.497907949790795,0.7333333333333333,0.3333333333333333,0.6666666666666667
0001118259.png,bruit_aleatoire,fort,90,29,0.7301255230125523,0.9111111111111111,0.2,0.8
0001118259.png,rotation_legere,faible,90,45,0.48326359832635984,0.7333333333333333,0.3333333333333333,0.6666666666666667
0001118259.png,rotation_legere,moyen,90,24,0.6924686192468619,0.8444444444444444,0.21666666666666667,0.7833333333333333
0001118259.png,rotation_legere,fort,90,48,0.5146443514644351,0.7555555555555555,0.3333333333333333,0.6666666666666667
0001118259.png,faible_contraste,faible,90,49,0.5062761506276151,0.7555555555555555,0.3,0.7
0001118259.png,faible_contraste,moyen,90,42,0.4874476987447699,0.7333333333333333,0.3333333333333333,0.6666666666666667
0001118259.png,faible_contraste,fort,90,42,0.4874476987447699,0.7333333333333333,0.3333333333333333,0.6666666666666667
0001118259.png,compression_jpeg,faible,90,52,0.4351464435146444,0.7333333333333333,0.35,0.65
0001118259.png,compression_jpeg,moyen,90,46,0.5188284518828452,0.7333333333333333,0.35,0.65
0001118259.png,compression_jpeg,fort,90,30,0.7071129707112971,0.8444444444444444,0.21666666666666667,0.7833333333333333
0001118259.png,effet_scan_degrade,faible,90,24,0.6652719665271967,0.8111111111111111,0.23333333333333334,0.7666666666666666
0001118259.png,effet_scan_degrade,moyen,90,11,0.8326359832635983,0.9222222222222223,0.11666666666666667,0.8833333333333333
0001118259.png,effet_scan_degrade,fort,90,15,0.8619246861924686,0.9333333333333333,0.1,0.9
0001118259.png,distorsion_decalage,faible,90,57,0.4916317991631799,0.7666666666666667,0.31666666666666665,0.6833333333333333
0001118259.png,distorsion_decalage,moyen,90,47,0.5209205020920502,0.7222222222222222,0.36666666666666664,0.6333333333333333
0001118259.png,distorsion_decalage,fort,90,47,0.7092050209205021,0.8666666666666667,0.3,0.7
0001118259.png,ombres,faible,90,48,0.5460251046025104,0.7444444444444445,0.35,0.65
0001118259.png,ombres,moyen,90,42,0.5397489539748954,0.7555555555555555,0.35,0.65
0001118259.png,ombres,fort,90,11,0.8326359832635983,0.9111111111111111,0.13333333333333333,0.8666666666666667
0001123541.png,flou_gaussien,faible,189,31,0.8252666119770303,0.8941798941798942,0.12025316455696203,0.879746835443038
0001123541.png,flou_gaussien,moyen,189,0,1.0,1.0,0.0,1.0
0001123541.png,flou_gaussien,fort,189,0,1.0,1.0,0.0,1.0
0001123541.png,bruit_aleatoire,faible,189,130,0.4602132895816243,0.5767195767195767,0.4810126582278481,0.5189873417721519
0001123541.png,bruit_aleatoire,moyen,189,121,0.49548810500410173,0.6190476190476191,0.4240506329113924,0.5759493670886076
0001123541.png,bruit_aleatoire,fort,189,135,0.4470877768662838,0.6031746031746031,0.43670886075949367,0.5632911392405063
0001123541.png,rotation_legere,faible,189,145,0.43560295324036097,0.6084656084656085,0.45569620253164556,0.5443037974683544
0001123541.png,rotation_legere,moyen,189,85,0.667760459392945,0.8359788359788359,0.21518987341772153,0.7848101265822784
0001123541.png,rotation_legere,fort,189,133,0.5586546349466776,0.798941798941799,0.2721518987341772,0.7278481012658228
0001123541.png,faible_contraste,faible,189,135,0.42165709598031176,0.5555555555555556,0.4873417721518987,0.5126582278481013
0001123541.png,faible_contraste,moyen,189,142,0.4413453650533224,0.5925925925925926,0.47468354430379744,0.5253164556962026
0001123541.png,faible_contraste,fort,189,142,0.42083675143560295,0.5608465608465608,0.4810126582278481,0.5189873417721519
0001123541.png,compression_jpeg,faible,189,126,0.48236259228876127,0.6349206349206349,0.41139240506329117,0.5886075949367089
0001123541.png,compression_jpeg,moyen,189,141,0.4495488105004102,0.6190476190476191,0.4177215189873418,0.5822784810126582
0001123541.png,compression_jpeg,fort,189,140,0.3921246923707957,0.6084656084656085,0.43670886075949367,0.5632911392405063
0001123541.png,effet_scan_degrade,faible,189,126,0.4889253486464315,0.656084656084656,0.3987341772151899,0.6012658227848101
0001123541.png,effet_scan_degrade,moyen,189,40,0.8014766201804758,0.8941798941798942,0.13291139240506328,0.8670886075949367
0001123541.png,effet_scan_degrade,fort,189,18,0.9097621000820345,0.9312169312169312,0.0759493670886076,0.9240506329113924
0001123541.png,distorsion_decalage,faible,189,130,0.5094339622641509,0.6613756613756614,0.4050632911392405,0.5949367088607596
0001123541.png,distorsion_decalage,moyen,189,158,0.4749794913863823,0.6455026455026455,0.46835443037974683,0.5316455696202531
0001123541.png,distorsion_decalage,fort,189,125,0.5061525840853158,0.6772486772486772,0.44936708860759494,0.5506329113924051
0001123541.png,ombres,faible,189,139,0.41755537325676784,0.5714285714285714,0.4620253164556962,0.5379746835443038
0001123541.png,ombres,moyen,189,140,0.42083675143560295,0.5608465608465608,0.4873417721518987,0.5126582278481013
0001123541.png,ombres,fort,189,46,0.7686628383921247,0.8571428571428571,0.17721518987341772,0.8227848101265822
0001129658.png,flou_gaussien,faible,244,110,0.7049518569463549,0.889344262295082,0.18,0.8200000000000001
0001129658.png,flou_gaussien,moyen,244,0,1.0,1.0,0.0,1.0
0001129658.png,flou_gaussien,fort,244,3,0.9944979367262724,0.9959016393442623,0.005,0.995
0001129658.png,bruit_aleatoire,faible,244,198,0.3741403026134801,0.5819672131147541,0.51,0.49
0001129658.png,bruit_aleatoire,moyen,244,215,0.3920220082530949,0.6147540983606558,0.49,0.51
0001129658.png,bruit_aleatoire,fort,244,198,0.48830811554332876,0.7213114754098361,0.385,0.615
0001129658.png,rotation_legere,faible,244,186,0.47730398899587345,0.6885245901639344,0.44,0.56
0001129658.png,rotation_legere,moyen,244,152,0.6636863823933975,0.8524590163934426,0.25,0.75
0001129658.png,rotation_legere,fort,244,139,0.657496561210454,0.889344262295082,0.16,0.84
0001129658.png,faible_contraste,faible,244,191,0.374828060522696,0.5778688524590164,0.5,0.5
0001129658.png,faible_contraste,moyen,244,193,0.3782668500687758,0.5860655737704918,0.495,0.505
0001129658.png,faible_contraste,fort,244,193,0.3810178817056396,0.5983606557377049,0.48,0.52
0001129658.png,compression_jpeg,faible,244,215,0.38376891334250346,0.610655737704918,0.495,0.505
0001129658.png,compression_jpeg,moyen,244,206,0.3947730398899587,0.6188524590163934,0.48,0.52
0001129658.png,compression_jpeg,fort,244,193,0.48074277854195324,0.7418032786885246,0.36,0.64
0001129658.png,effet_scan_degrade,faible,244,122,0.6299862448418156,0.8073770491803278,0.28,0.72
0001129658.png,effet_scan_degrade,moyen,244,120,0.7090784044016506,0.8934426229508197,0.15,0.85
0001129658.png,effet_scan_degrade,fort,244,47,0.8762035763411279,0.9836065573770492,0.03,0.97
0001129658.png,distorsion_decalage,faible,244,198,0.40990371389270974,0.6352459016393442,0.465,0.5349999999999999
0001129658.png,distorsion_decalage,moyen,244,205,0.3734525447042641,0.6024590163934426,0.485,0.515
0001129658.png,distorsion_decalage,fort,244,117,0.7056396148555708,0.8442622950819673,0.28,0.72
0001129658.png,ombres,faible,244,200,0.3768913342503439,0.5901639344262295,0.505,0.495
0001129658.png,ombres,moyen,244,201,0.3817056396148556,0.5942622950819673,0.51,0.49
0001129658.png,ombres,fort,244,142,0.48486932599724897,0.7049180327868853,0.335,0.665
0001209043.png,flou_gaussien,faible,145,55,0.8137019230769231,0.9172413793103448,0.16535433070866143,0.8346456692913385
0001209043.png,flou_gaussien,moyen,145,21,0.9507211538461539,0.993103448275862,0.007874015748031496,0.9921259842519685
0001209043.png,flou_gaussien,fort,145,6,0.9831730769230769,0.993103448275862,0.007874015748031496,0.9921259842519685
0001209043.png,bruit_aleatoire,faible,145,146,0.5793269230769231,0.7931034482758621,0.7007874015748031,0.2992125984251969
0001209043.png,bruit_aleatoire,moyen,145,145,0.5901442307692307,0.8206896551724138,0.6692913385826772,0.3307086614173228
0001209043.png,bruit_aleatoire,fort,145,169,0.6478365384615384,0.9793103448275862,0.5826771653543307,0.4173228346456693
0001209043.png,rotation_legere,faible,145,160,0.6225961538461539,0.903448275862069,0.6456692913385826,0.35433070866141736
0001209043.png,rotation_legere,moyen,145,117,0.6177884615384616,0.8551724137931035,0.5118110236220472,0.4881889763779528
0001209043.png,rotation_legere,fort,145,154,0.6057692307692307,0.8482758620689655,0.6456692913385826,0.35433070866141736
0001209043.png,faible_contraste,faible,145,140,0.6153846153846154,0.8137931034482758,0.6929133858267716,0.30708661417322836
0001209043.png,faible_contraste,moyen,145,140,0.6153846153846154,0.8137931034482758,0.6929133858267716,0.30708661417322836
0001209043.png,faible_contraste,fort,145,138,0.7512019230769231,0.9103448275862069,0.7165354330708661,0.2834645669291339
0001209043.png,compression_jpeg,faible,145,148,0.5757211538461539,0.8137931034482758,0.7086614173228346,0.2913385826771654
0001209043.png,compression_jpeg,moyen,145,148,0.6045673076923077,0.8275862068965517,0.6850393700787402,0.31496062992125984
0001209043.png,compression_jpeg,fort,145,149,0.5973557692307693,0.8689655172413793,0.5826771653543307,0.4173228346456693
0001209043.png,effet_scan_degrade,faible,145,107,0.6826923076923077,0.8413793103448276,0.4881889763779528,0.5118110236220472
0001209043.png,effet_scan_degrade,moyen,145,78,0.796875,0.9379310344827586,0.2047244094488189,0.7952755905511811
0001209043.png,effet_scan_degrade,fort,145,21,0.9254807692307693,0.9793103448275862,0.047244094488188976,0.952755905511811
0001209043.png,distorsion_decalage,faible,145,141,0.5564903846153846,0.7586206896551724,0.7086614173228346,0.2913385826771654
0001209043.png,distorsion_decalage,moyen,145,136,0.6322115384615384,0.8689655172413793,0.5984251968503937,0.40157480314960625
0001209043.png,distorsion_decalage,fort,145,153,0.7908653846153846,1.0551724137931036,0.6062992125984252,0.39370078740157477
0001209043.png,ombres,faible,145,125,0.6850961538461539,0.8137931034482758,0.6850393700787402,0.31496062992125984
0001209043.png,ombres,moyen,145,38,0.8473557692307693,0.9241379310344827,0.1889763779527559,0.8110236220472441
0001209043.png,ombres,fort,145,64,0.71875,0.8137931034482758,0.3228346456692913,0.6771653543307087
0001239897.png,flou_gaussien,faible,133,0,1.0,1.0,0.0,1.0
0001239897.png,flou_gaussien,moyen,133,0,1.0,1.0,0.0,1.0
0001239897.png,flou_gaussien,fort,133,0,1.0,1.0,0.0,1.0
0001239897.png,bruit_aleatoire,faible,133,90,0.7449238578680203,0.8947368421052632,0.1595744680851064,0.8404255319148937
0001239897.png,bruit_aleatoire,moyen,133,80,0.8071065989847716,0.9323308270676691,0.09574468085106383,0.9042553191489362
0001239897.png,bruit_aleatoire,fort,133,53,0.8109137055837563,0.9473684210526315,0.0851063829787234,0.9148936170212766
0001239897.png,rotation_legere,faible,133,79,0.7271573604060914,0.924812030075188,0.0851063829787234,0.9148936170212766
0001239897.png,rotation_legere,moyen,133,44,0.7855329949238579,0.924812030075188,0.10638297872340426,0.8936170212765957
0001239897.png,rotation_legere,fort,133,0,1.0,1.0,0.0,1.0
0001239897.png,faible_contraste,faible,133,81,0.7144670050761421,0.8872180451127819,0.13829787234042554,0.8617021276595744
0001239897.png,faible_contraste,moyen,133,84,0.7093908629441624,0.8796992481203008,0.1595744680851064,0.8404255319148937
0001239897.png,faible_contraste,fort,133,81,0.7068527918781726,0.8872180451127819,0.14893617021276595,0.851063829787234
0001239897.png,compression_jpeg,faible,133,87,0.7398477157360406,0.9022556390977443,0.14893617021276595,0.851063829787234
0001239897.png,compression_jpeg,moyen,133,68,0.7588832487309645,0.9398496240601504,0.09574468085106383,0.9042553191489362
0001239897.png,compression_jpeg,fort,133,50,0.8426395939086294,0.9924812030075187,0.010638297872340425,0.9893617021276596
0001239897.png,effet_scan_degrade,faible,133,28,0.8591370558375635,0.9699248120300752,0.0425531914893617,0.9574468085106383
0001239897.png,effet_scan_degrade,moyen,133,0,1.0,1.0,0.0,1.0
0001239897.png,effet_scan_degrade,fort,133,5,0.9771573604060914,1.0,0.0,1.0
0001239897.png,distorsion_decalage,faible,133,53,0.7157360406091371,0.8796992481203008,0.1595744680851064,0.8404255319148937
0001239897.png,distorsion_decalage,moyen,133,46,0.7588832487309645,0.924812030075188,0.09574468085106383,0.9042553191489362
0001239897.png,distorsion_decalage,fort,133,60,0.7157360406091371,0.9172932330827067,0.11702127659574468,0.8829787234042553
0001239897.png,ombres,faible,133,88,0.7030456852791879,0.8721804511278195,0.19148936170212766,0.8085106382978724
0001239897.png,ombres,moyen,133,68,0.7398477157360406,0.9097744360902256,0.1276595744680851,0.8723404255319149
0001239897.png,ombres,fort,133,19,0.9149746192893401,0.9924812030075187,0.010638297872340425,0.9893617021276596
0001438955.png,flou_gaussien,faible,144,69,0.8159675236806495,0.9375,0.17355371900826447,0.8264462809917356
0001438955.png,flou_gaussien,moyen,144,5,0.9837618403247632,1.0,0.0,1.0
0001438955.png,flou_gaussien,fort,144,9,0.9837618403247632,1.0,0.0,1.0
0001438955.png,bruit_aleatoire,faible,144,96,0.7794316644113667,0.9375,0.4132231404958678,0.5867768595041323
0001438955.png,bruit_aleatoire,moyen,144,113,0.7794316644113667,0.9652777777777778,0.4132231404958678,0.5867768595041323
0001438955.png,bruit_aleatoire,fort,144,105,0.7889039242219216,0.9791666666666666,0.256198347107438,0.743801652892562
0001438955.png,rotation_legere,faible,144,117,0.7821380243572396,0.9513888888888888,0.4214876033057851,0.578512396694215
0001438955.png,rotation_legere,moyen,144,129,0.8132611637347767,0.9652777777777778,0.3305785123966942,0.6694214876033058
0001438955.png,rotation_legere,fort,144,34,0.8863328822733424,0.9861111111111112,0.03305785123966942,0.9669421487603306
0001438955.png,faible_contraste,faible,144,110,0.7794316644113667,0.9513888888888888,0.4380165289256198,0.5619834710743802
0001438955.png,faible_contraste,moyen,144,110,0.7821380243572396,0.9513888888888888,0.4380165289256198,0.5619834710743802
0001438955.png,faible_contraste,fort,144,110,0.7780784844384303,0.9513888888888888,0.4380165289256198,0.5619834710743802
0001438955.png,compression_jpeg,faible,144,109,0.7916102841677943,0.9513888888888888,0.3884297520661157,0.6115702479338843
0001438955.png,compression_jpeg,moyen,144,118,0.790257104194858,0.9513888888888888,0.4462809917355372,0.5537190082644627
0001438955.png,compression_jpeg,fort,144,93,0.7537212449255751,0.9236111111111112,0.32231404958677684,0.6776859504132231
0001438955.png,effet_scan_degrade,faible,144,97,0.7875507442489851,0.9027777777777778,0.3140495867768595,0.6859504132231404
0001438955.png,effet_scan_degrade,moyen,144,73,0.8092016238159675,0.9444444444444444,0.18181818181818182,0.8181818181818181
0001438955.png,effet_scan_degrade,fort,144,43,0.8335588633288228,0.9652777777777778,0.0743801652892562,0.9256198347107438
0001438955.png,distorsion_decalage,faible,144,106,0.7861975642760487,0.9375,0.3884297520661157,0.6115702479338843
0001438955.png,distorsion_decalage,moyen,144,116,0.7889039242219216,0.9513888888888888,0.45454545454545453,0.5454545454545454
0001438955.png,distorsion_decalage,fort,144,124,0.8092016238159675,0.9791666666666666,0.4628099173553719,0.5371900826446281
0001438955.png,ombres,faible,144,116,0.79702300405954,0.9444444444444444,0.4793388429752066,0.5206611570247934
0001438955.png,ombres,moyen,144,97,0.7997293640054127,0.9583333333333334,0.33884297520661155,0.6611570247933884
0001438955.png,ombres,fort,144,17,0.8903924221921515,0.9513888888888888,0.08264462809917356,0.9173553719008265
0001456787.png,flou_gaussien,faible,167,130,0.6659663865546218,0.9401197604790419,0.22105263157894736,0.7789473684210526
0001456787.png,flou_gaussien,moyen,167,29,0.9327731092436975,1.0,0.0,1.0
0001456787.png,flou_gaussien,fort,167,12,0.9611344537815126,1.0,0.0,1.0
0001456787.png,bruit_aleatoire,faible,167,133,0.4411764705882353,0.688622754491018,0.47368421052631576,0.5263157894736843
0001456787.png,bruit_aleatoire,moyen,167,128,0.4065126050420168,0.6766467065868264,0.5157894736842106,0.4842105263157894
0001456787.png,bruit_aleatoire,fort,167,0,1.0,1.0,0.0,1.0
0001456787.png,rotation_legere,faible,167,153,0.6060924369747899,0.9341317365269461,0.4842105263157895,0.5157894736842106
0001456787.png,rotation_legere,moyen,167,159,0.6848739495798319,0.9700598802395209,0.4105263157894737,0.5894736842105264
0001456787.png,rotation_legere,fort,167,102,0.5430672268907563,0.8383233532934131,0.29473684210526313,0.7052631578947368
0001456787.png,faible_contraste,faible,167,137,0.44432773109243695,0.7065868263473054,0.47368421052631576,0.5263157894736843
0001456787.png,faible_contraste,moyen,167,138,0.4495798319327731,0.7005988023952096,0.4631578947368421,0.5368421052631579
0001456787.png,faible_contraste,fort,167,134,0.42436974789915966,0.6946107784431138,0.49473684210526314,0.5052631578947369
0001456787.png,compression_jpeg,faible,167,126,0.42857142857142855,0.7005988023952096,0.4631578947368421,0.5368421052631579
0001456787.png,compression_jpeg,moyen,167,116,0.421218487394958,0.7005988023952096,0.43157894736842106,0.5684210526315789
0001456787.png,compression_jpeg,fort,167,125,0.6523109243697479,0.9520958083832335,0.24210526315789474,0.7578947368421053
0001456787.png,effet_scan_degrade,faible,167,77,0.5063025210084033,0.7005988023952096,0.3894736842105263,0.6105263157894737
0001456787.png,effet_scan_degrade,moyen,167,77,0.5273109243697479,0.7544910179640718,0.28421052631578947,0.7157894736842105
0001456787.png,effet_scan_degrade,fort,167,100,0.6754201680672269,0.9580838323353293,0.06315789473684211,0.9368421052631579
0001456787.png,distorsion_decalage,faible,167,152,0.5903361344537815,0.9281437125748503,0.5473684210526316,0.4526315789473684
0001456787.png,distorsion_decalage,moyen,167,101,0.42331932773109243,0.7245508982035929,0.4,0.6
0001456787.png,distorsion_decalage,fort,167,83,0.7216386554621849,0.9401197604790419,0.2,0.8
0001456787.png,ombres,faible,167,147,0.6113445378151261,0.9161676646706587,0.5263157894736842,0.4736842105263158
0001456787.png,ombres,moyen,167,65,0.782563025210084,0.9461077844311377,0.23157894736842105,0.7684210526315789
0001456787.png,ombres,fort,167,80,0.7678571428571429,0.9341317365269461,0.3157894736842105,0.6842105263157895
0001463282.png,flou_gaussien,faible,218,83,0.8145849495733126,0.9311926605504587,0.17721518987341772,0.8227848101265822
0001463282.png,flou_gaussien,moyen,218,0,1.0,1.0,0.0,1.0
0001463282.png,flou_gaussien,fort,218,17,0.9643134212567882,1.0,0.0,1.0
0001463282.png,bruit_aleatoire,faible,218,194,0.6687354538401862,0.8899082568807339,0.5379746835443038,0.4620253164556962
0001463282.png,bruit_aleatoire,moyen,218,202,0.7517455391776571,0.9541284403669725,0.5189873417721519,0.4810126582278481
0001463282.png,bruit_aleatoire,fort,218,198,0.7401086113266098,0.9587155963302753,0.4050632911392405,0.5949367088607596
0001463282.png,rotation_legere,faible,218,206,0.7664856477889838,0.9724770642201835,0.47468354430379744,0.5253164556962026
0001463282.png,rotation_legere,moyen,218,184,0.7253685027152832,0.8990825688073395,0.47468354430379744,0.5253164556962026
0001463282.png,rotation_legere,fort,218,179,0.7401086113266098,0.9587155963302753,0.2974683544303797,0.7025316455696202
0001463282.png,faible_contraste,faible,218,194,0.6764934057408845,0.8807339449541285,0.5316455696202531,0.4683544303797469
0001463282.png,faible_contraste,moyen,218,194,0.6764934057408845,0.8761467889908257,0.5316455696202531,0.4683544303797469
0001463282.png,faible_contraste,fort,218,196,0.7571761055081458,0.9357798165137615,0.5569620253164557,0.44303797468354433
0001463282.png,compression_jpeg,faible,218,196,0.7455391776570985,0.9403669724770642,0.5316455696202531,0.4683544303797469
0001463282.png,compression_jpeg,moyen,218,185,0.7331264546159814,0.9357798165137615,0.46835443037974683,0.5316455696202531
0001463282.png,compression_jpeg,fort,218,183,0.7160589604344453,0.9311926605504587,0.43670886075949367,0.5632911392405063
0001463282.png,effet_scan_degrade,faible,218,143,0.6982156710628394,0.8944954128440367,0.4050632911392405,0.5949367088607596
0001463282.png,effet_scan_degrade,moyen,218,91,0.7967416602017068,0.9495412844036697,0.17721518987341772,0.8227848101265822
0001463282.png,effet_scan_degrade,fort,218,35,0.8906128782001551,0.9862385321100917,0.03164556962025317,0.9683544303797469
0001463282.png,distorsion_decalage,faible,218,189,0.7323506594259116,0.926605504587156,0.5189873417721519,0.4810126582278481
0001463282.png,distorsion_decalage,moyen,218,179,0.7354538401861909,0.9357798165137615,0.4620253164556962,0.5379746835443038
0001463282.png,distorsion_decalage,fort,218,153,0.7377812257564003,0.9036697247706422,0.4177215189873418,0.5822784810126582
0001463282.png,ombres,faible,218,195,0.7595034910783554,0.9311926605504587,0.5379746835443038,0.4620253164556962
0001463282.png,ombres,moyen,218,193,0.7424359968968193,0.9403669724770642,0.5253164556962026,0.47468354430379744
0001463282.png,ombres,fort,218,60,0.8370830100853375,0.9403669724770642,0.189873417721519,0.810126582278481
0001463448.png,flou_gaussien,faible,121,99,0.24269005847953215,0.49586776859504134,0.6710526315789473,0.32894736842105265
0001463448.png,flou_gaussien,moyen,121,5,0.9824561403508771,1.0,0.0,1.0
0001463448.png,flou_gaussien,fort,121,0,1.0,1.0,0.0,1.0
0001463448.png,bruit_aleatoire,faible,121,106,0.18567251461988304,0.4462809917355372,0.7894736842105263,0.21052631578947367
0001463448.png,bruit_aleatoire,moyen,121,106,0.16228070175438597,0.4380165289256198,0.7894736842105263,0.21052631578947367
0001463448.png,bruit_aleatoire,fort,121,0,1.0,1.0,0.0,1.0
0001463448.png,rotation_legere,faible,121,108,0.21637426900584794,0.4793388429752066,0.8026315789473685,0.19736842105263153
0001463448.png,rotation_legere,moyen,121,90,0.4371345029239766,0.7520661157024794,0.4473684210526316,0.5526315789473684
0001463448.png,rotation_legere,fort,121,30,0.7982456140350878,0.9256198347107438,0.10526315789473684,0.8947368421052632
0001463448.png,faible_contraste,faible,121,102,0.17690058479532164,0.39669421487603307,0.8289473684210527,0.17105263157894735
0001463448.png,faible_contraste,moyen,121,114,0.21783625730994152,0.49586776859504134,0.8026315789473685,0.19736842105263153
0001463448.png,faible_contraste,fort,121,102,0.17251461988304093,0.4049586776859504,0.8157894736842105,0.1842105263157895
0001463448.png,compression_jpeg,faible,121,104,0.1827485380116959,0.4132231404958678,0.8157894736842105,0.1842105263157895
0001463448.png,compression_jpeg,moyen,121,110,0.2573099415204678,0.5702479338842975,0.7236842105263158,0.2763157894736842
0001463448.png,compression_jpeg,fort,121,105,0.25292397660818716,0.5867768595041323,0.6842105263157895,0.3157894736842105
0001463448.png,effet_scan_degrade,faible,121,91,0.20760233918128654,0.4049586776859504,0.7763157894736842,0.22368421052631582
0001463448.png,effet_scan_degrade,moyen,121,99,0.25,0.5702479338842975,0.631578947368421,0.368421052631579
0001463448.png,effet_scan_degrade,fort,121,59,0.5862573099415205,0.8842975206611571,0.21052631578947367,0.7894736842105263
0001463448.png,distorsion_decalage,faible,121,110,0.24561403508771928,0.5041322314049587,0.75,0.25
0001463448.png,distorsion_decalage,moyen,121,103,0.13596491228070176,0.3884297520661157,0.8157894736842105,0.1842105263157895
0001463448.png,distorsion_decalage,fort,121,104,0.36988304093567254,0.5950413223140496,0.7894736842105263,0.21052631578947367
0001463448.png,ombres,faible,121,95,0.1476608187134503,0.38016528925619836,0.8026315789473685,0.19736842105263153
0001463448.png,ombres,moyen,121,61,0.5321637426900585,0.6859504132231405,0.47368421052631576,0.5263157894736843
0001463448.png,ombres,fort,121,37,0.7017543859649122,0.8016528925619835,0.32894736842105265,0.6710526315789473
0001476912.png,flou_gaussien,faible,96,57,0.6876190476190476,0.8229166666666666,0.2857142857142857,0.7142857142857143
0001476912.png,flou_gaussien,moyen,96,0,1.0,1.0,0.0,1.0
0001476912.png,flou_gaussien,fort,96,5,0.9809523809523809,1.0,0.0,1.0
0001476912.png,bruit_aleatoire,faible,96,91,0.76,0.96875,0.4642857142857143,0.5357142857142857
0001476912.png,bruit_aleatoire,moyen,96,121,0.660952380952381,0.9166666666666666,0.5119047619047619,0.48809523809523814
0001476912.png,bruit_aleatoire,fort,96,90,0.7066666666666667,0.90625,0.42857142857142855,0.5714285714285714
0001476912.png,rotation_legere,faible,96,103,0.8342857142857143,0.9895833333333334,0.5952380952380952,0.40476190476190477
0001476912.png,rotation_legere,moyen,96,116,0.8876190476190476,1.1145833333333333,0.47619047619047616,0.5238095238095238
0001476912.png,rotation_legere,fort,96,12,0.9352380952380952,0.9895833333333334,0.011904761904761904,0.9880952380952381
0001476912.png,faible_contraste,faible,96,93,0.7409523809523809,0.90625,0.5595238095238095,0.44047619047619047
0001476912.png,faible_contraste,moyen,96,90,0.7333333333333333,0.8645833333333334,0.5833333333333334,0.41666666666666663
0001476912.png,faible_contraste,fort,96,93,0.7485714285714286,0.8958333333333334,0.5833333333333334,0.41666666666666663
0001476912.png,compression_jpeg,faible,96,107,0.7714285714285715,0.9583333333333334,0.6071428571428571,0.3928571428571429
0001476912.png,compression_jpeg,moyen,96,104,0.8114285714285714,1.0208333333333333,0.6071428571428571,0.3928571428571429
0001476912.png,compression_jpeg,fort,96,106,0.8609523809523809,1.03125,0.40476190476190477,0.5952380952380952
0001476912.png,effet_scan_degrade,faible,96,67,0.6933333333333334,0.8541666666666666,0.38095238095238093,0.6190476190476191
0001476912.png,effet_scan_degrade,moyen,96,49,0.6704761904761904,0.8125,0.23809523809523808,0.7619047619047619
0001476912.png,effet_scan_degrade,fort,96,35,0.8228571428571428,0.9479166666666666,0.07142857142857142,0.9285714285714286
0001476912.png,distorsion_decalage,faible,96,103,0.8038095238095239,0.9895833333333334,0.6071428571428571,0.3928571428571429
0001476912.png,distorsion_decalage,moyen,96,108,0.8133333333333334,1.0625,0.47619047619047616,0.5238095238095238
0001476912.png,distorsion_decalage,fort,96,106,0.8095238095238095,1.0104166666666667,0.6428571428571429,0.3571428571428571
0001476912.png,ombres,faible,96,97,0.7714285714285715,0.8958333333333334,0.6309523809523809,0.36904761904761907
0001476912.png,ombres,moyen,96,20,0.8057142857142857,0.8645833333333334,0.16666666666666666,0.8333333333333334
0001476912.png,ombres,fort,96,15,0.8857142857142857,0.9166666666666666,0.11904761904761904,0.8809523809523809
0001477983.png,flou_gaussien,faible,289,194,0.5202374527792768,0.6885813148788927,0.5210526315789473,0.4789473684210527
0001477983.png,flou_gaussien,moyen,289,3,0.9978413383702105,1.0,0.0,1.0
0001477983.png,flou_gaussien,fort,289,5,0.9924446842957366,1.0,0.0,1.0
0001477983.png,bruit_aleatoire,faible,289,252,0.5137614678899083,0.6539792387543253,0.6789473684210526,0.32105263157894737
0001477983.png,bruit_aleatoire,moyen,289,271,0.4991905018888289,0.6782006920415224,0.7,0.30000000000000004
0001477983.png,bruit_aleatoire,fort,289,264,0.5483000539665407,0.7785467128027682,0.5631578947368421,0.4368421052631579
0001477983.png,rotation_legere,faible,289,283,0.47922288181327577,0.6262975778546713,0.7736842105263158,0.22631578947368425
0001477983.png,rotation_legere,moyen,289,184,0.6130599028602267,0.8373702422145328,0.4263157894736842,0.5736842105263158
0001477983.png,rotation_legere,fort,289,129,0.6880733944954128,0.8477508650519031,0.25263157894736843,0.7473684210526316
0001477983.png,faible_contraste,faible,289,247,0.5105234754452239,0.6747404844290658,0.6842105263157895,0.3157894736842105
0001477983.png,faible_contraste,moyen,289,247,0.5078251484079871,0.6643598615916955,0.6789473684210526,0.32105263157894737
0001477983.png,faible_contraste,fort,289,247,0.5051268213707502,0.6608996539792388,0.6842105263157895,0.3157894736842105
0001477983.png,compression_jpeg,faible,289,258,0.5002698327037237,0.671280276816609,0.6789473684210526,0.32105263157894737
0001477983.png,compression_jpeg,moyen,289,299,0.5223961144090664,0.7335640138408305,0.7157894736842105,0.28421052631578947
0001477983.png,compression_jpeg,fort,289,264,0.49487317862924984,0.6955017301038062,0.6684210526315789,0.3315789473684211
0001477983.png,effet_scan_degrade,faible,289,256,0.5412844036697247,0.71280276816609,0.6421052631578947,0.35789473684210527
0001477983.png,effet_scan_degrade,moyen,289,268,0.5196977873718295,0.726643598615917,0.6,0.4
0001477983.png,effet_scan_degrade,fort,289,199,0.6492174851592013,0.889273356401384,0.19473684210526315,0.8052631578947369
0001477983.png,distorsion_decalage,faible,289,277,0.49487317862924984,0.657439446366782,0.7473684210526316,0.25263157894736843
0001477983.png,distorsion_decalage,moyen,289,284,0.5844576362655154,0.726643598615917,0.7526315789473684,0.24736842105263157
0001477983.png,distorsion_decalage,fort,289,262,0.5898542903399892,0.8062283737024222,0.6210526315789474,0.3789473684210526
0001477983.png,ombres,faible,289,252,0.5137614678899083,0.643598615916955,0.7052631578947368,0.2947368421052632
0001477983.png,ombres,moyen,289,252,0.5083648138154344,0.6505190311418685,0.7,0.30000000000000004
0001477983.png,ombres,fort,289,168,0.579600647598489,0.71280276816609,0.42105263157894735,0.5789473684210527
0001485288.png,flou_gaussien,faible,100,80,0.34183673469387754,0.64,0.5402298850574713,0.45977011494252873
0001485288.png,flou_gaussien,moyen,100,28,0.8809523809523809,1.0,0.0,1.0
0001485288.png,flou_gaussien,fort,100,12,0.9574829931972789,1.0,0.0,1.0
0001485288.png,bruit_aleatoire,faible,100,97,0.3401360544217687,0.58,0.6896551724137931,0.31034482758620685
0001485288.png,bruit_aleatoire,moyen,100,92,0.29081632653061223,0.54,0.7011494252873564,0.29885057471264365
0001485288.png,bruit_aleatoire,fort,100,0,1.0,1.0,0.0,1.0
0001485288.png,rotation_legere,faible,100,92,0.3078231292517007,0.57,0.6781609195402298,0.32183908045977017
0001485288.png,rotation_legere,moyen,100,97,0.3129251700680272,0.58,0.7011494252873564,0.29885057471264365
0001485288.png,rotation_legere,fort,100,96,0.36904761904761907,0.59,0.7011494252873564,0.29885057471264365
0001485288.png,faible_contraste,faible,100,90,0.2976190476190476,0.52,0.7241379310344828,0.27586206896551724
0001485288.png,faible_contraste,moyen,100,90,0.30612244897959184,0.55,0.6666666666666666,0.33333333333333337
0001485288.png,faible_contraste,fort,100,90,0.2976190476190476,0.53,0.7011494252873564,0.29885057471264365
0001485288.png,compression_jpeg,faible,100,91,0.29591836734693877,0.5,0.7471264367816092,0.25287356321839083
0001485288.png,compression_jpeg,moyen,100,87,0.3282312925170068,0.56,0.6666666666666666,0.33333333333333337
0001485288.png,compression_jpeg,fort,100,91,0.34183673469387754,0.6,0.6206896551724138,0.3793103448275862
0001485288.png,effet_scan_degrade,faible,100,85,0.32482993197278914,0.58,0.6551724137931034,0.3448275862068966
0001485288.png,effet_scan_degrade,moyen,100,79,0.38095238095238093,0.68,0.5632183908045977,0.4367816091954023
0001485288.png,effet_scan_degrade,fort,100,53,0.6173469387755102,0.86,0.19540229885057472,0.8045977011494253
0001485288.png,distorsion_decalage,faible,100,88,0.29931972789115646,0.53,0.7011494252873564,0.29885057471264365
0001485288.png,distorsion_decalage,moyen,100,95,0.33503401360544216,0.59,0.6896551724137931,0.31034482758620685
0001485288.png,distorsion_decalage,fort,100,93,0.3792517006802721,0.64,0.6206896551724138,0.3793103448275862
0001485288.png,ombres,faible,100,83,0.4489795918367347,0.57,0.7586206896551724,0.24137931034482762
0001485288.png,ombres,moyen,100,53,0.5357142857142857,0.68,0.47126436781609193,0.5287356321839081
0001485288.png,ombres,fort,100,55,0.5493197278911565,0.72,0.4827586206896552,0.5172413793103448
00040534.png,flou_gaussien,faible,214,4,0.9773489932885906,0.9813084112149533,0.022988505747126436,0.9770114942528736
00040534.png,flou_gaussien,moyen,214,3,0.99748322147651,0.9953271028037384,0.005747126436781609,0.9942528735632183
00040534.png,flou_gaussien,fort,214,0,1.0,1.0,0.0,1.0
00040534.png,bruit_aleatoire,faible,214,190,0.6526845637583892,0.8271028037383178,0.41954022988505746,0.5804597701149425
00040534.png,bruit_aleatoire,moyen,214,190,0.6568791946308725,0.8317757009345794,0.41379310344827586,0.5862068965517242
00040534.png,bruit_aleatoire,fort,214,160,0.6208053691275168,0.7757009345794392,0.40229885057471265,0.5977011494252873
00040534.png,rotation_legere,faible,214,196,0.6401006711409396,0.8317757009345794,0.4367816091954023,0.5632183908045977
00040534.png,rotation_legere,moyen,214,188,0.6870805369127517,0.9158878504672897,0.3218390804597701,0.6781609195402298
00040534.png,rotation_legere,fort,214,0,1.0,1.0,0.0,1.0
00040534.png,faible_contraste,faible,214,197,0.6585570469798657,0.8317757009345794,0.4482758620689655,0.5517241379310345
00040534.png,faible_contraste,moyen,214,198,0.6635906040268457,0.8271028037383178,0.45977011494252873,0.5402298850574713
00040534.png,faible_contraste,fort,214,194,0.6501677852348994,0.8317757009345794,0.4540229885057471,0.5459770114942528
00040534.png,compression_jpeg,faible,214,201,0.6493288590604027,0.8457943925233645,0.41954022988505746,0.5804597701149425
00040534.png,compression_jpeg,moyen,214,188,0.6459731543624161,0.822429906542056,0.40229885057471265,0.5977011494252873
00040534.png,compression_jpeg,fort,214,180,0.6510067114093959,0.8130841121495327,0.40804597701149425,0.5919540229885057
00040534.png,effet_scan_degrade,faible,214,46,0.8271812080536913,0.8785046728971962,0.1896551724137931,0.8103448275862069
00040534.png,effet_scan_degrade,moyen,214,9,0.9672818791946308,0.985981308411215,0.022988505747126436,0.9770114942528736
00040534.png,effet_scan_degrade,fort,214,0,1.0,1.0,0.0,1.0
00040534.png,distorsion_decalage,faible,214,172,0.6308724832214765,0.7897196261682243,0.4425287356321839,0.5574712643678161
00040534.png,distorsion_decalage,moyen,214,146,0.6359060402684564,0.7757009345794392,0.39080459770114945,0.6091954022988506
00040534.png,distorsion_decalage,fort,214,178,0.6401006711409396,0.794392523364486,0.40804597701149425,0.5919540229885057
00040534.png,ombres,faible,214,198,0.6585570469798657,0.8317757009345794,0.4425287356321839,0.5574712643678161
00040534.png,ombres,moyen,214,187,0.6199664429530202,0.7897196261682243,0.4827586206896552,0.5172413793103448
00040534.png,ombres,fort,214,30,0.8976510067114094,0.9439252336448598,0.12643678160919541,0.8735632183908046
00070353.png,flou_gaussien,faible,126,71,0.6153846153846154,0.746031746031746,0.37383177570093457,0.6261682242990654
00070353.png,flou_gaussien,moyen,126,6,0.9801488833746899,1.0,0.0,1.0
00070353.png,flou_gaussien,fort,126,0,1.0,1.0,0.0,1.0
00070353.png,bruit_aleatoire,faible,126,113,0.2816377171215881,0.4444444444444444,0.6635514018691588,0.33644859813084116
00070353.png,bruit_aleatoire,moyen,126,120,0.2555831265508685,0.3968253968253968,0.6915887850467289,0.30841121495327106
00070353.png,bruit_aleatoire,fort,126,79,0.456575682382134,0.6587301587301587,0.35514018691588783,0.6448598130841121
00070353.png,rotation_legere,faible,126,121,0.23325062034739455,0.36507936507936506,0.719626168224299,0.28037383177570097
00070353.png,rotation_legere,moyen,126,121,0.303970223325062,0.4603174603174603,0.6261682242990654,0.3738317757009346
00070353.png,rotation_legere,fort,126,119,0.24193548387096775,0.35714285714285715,0.7289719626168224,0.2710280373831776
00070353.png,faible_contraste,faible,126,113,0.2655086848635236,0.4444444444444444,0.6355140186915887,0.36448598130841126
00070353.png,faible_contraste,moyen,126,112,0.2729528535980149,0.4523809523809524,0.6355140186915887,0.36448598130841126
00070353.png,faible_contraste,fort,126,113,0.2655086848635236,0.4365079365079365,0.6448598130841121,0.3551401869158879
00070353.png,compression_jpeg,faible,126,113,0.4057071960297767,0.5634920634920635,0.5700934579439252,0.4299065420560748
00070353.png,compression_jpeg,moyen,126,119,0.25806451612903225,0.38095238095238093,0.6822429906542056,0.31775700934579443
00070353.png,compression_jpeg,fort,126,122,0.2729528535980149,0.47619047619047616,0.5981308411214953,0.4018691588785047
00070353.png,effet_scan_degrade,faible,126,122,0.2667493796526055,0.40476190476190477,0.6822429906542056,0.31775700934579443
00070353.png,effet_scan_degrade,moyen,126,67,0.6488833746898263,0.753968253968254,0.3644859813084112,0.6355140186915889
00070353.png,effet_scan_degrade,fort,126,39,0.7369727047146402,0.9047619047619048,0.1588785046728972,0.8411214953271028
00070353.png,distorsion_decalage,faible,126,115,0.25806451612903225,0.3888888888888889,0.6822429906542056,0.31775700934579443
00070353.png,distorsion_decalage,moyen,126,73,0.598014888337469,0.7380952380952381,0.3925233644859813,0.6074766355140186
00070353.png,distorsion_decalage,fort,126,92,0.4119106699751861,0.6349206349206349,0.4392523364485981,0.5607476635514019
00070353.png,ombres,faible,126,113,0.2667493796526055,0.4523809523809524,0.6355140186915887,0.36448598130841126
00070353.png,ombres,moyen,126,75,0.46153846153846156,0.5793650793650794,0.411214953271028,0.5887850467289719
00070353.png,ombres,fort,126,54,0.6650124069478908,0.7142857142857143,0.2616822429906542,0.7383177570093458
00093726.png,flou_gaussien,faible,232,153,0.6422764227642277,0.8103448275862069,0.44785276073619634,0.5521472392638036
00093726.png,flou_gaussien,moyen,232,34,0.9260901699926091,0.9956896551724138,0.006134969325153374,0.9938650306748467
00093726.png,flou_gaussien,fort,232,0,1.0,1.0,0.0,1.0
00093726.png,bruit_aleatoire,faible,232,202,0.6999260901699926,0.8103448275862069,0.5950920245398773,0.4049079754601227
00093726.png,bruit_aleatoire,moyen,232,210,0.6467110125646711,0.7672413793103449,0.6319018404907976,0.36809815950920244
00093726.png,bruit_aleatoire,fort,232,254,0.7450110864745011,0.9827586206896551,0.4171779141104294,0.5828220858895705
00093726.png,rotation_legere,faible,232,204,0.6762749445676275,0.7887931034482759,0.6319018404907976,0.36809815950920244
00093726.png,rotation_legere,moyen,232,241,0.7767923133776792,0.9482758620689655,0.6441717791411042,0.35582822085889576
00093726.png,rotation_legere,fort,232,225,0.7716186252771619,0.9267241379310345,0.5705521472392638,0.42944785276073616
00093726.png,faible_contraste,faible,232,208,0.6866223207686623,0.8146551724137931,0.558282208588957,0.44171779141104295
00093726.png,faible_contraste,moyen,232,207,0.6866223207686623,0.8146551724137931,0.5644171779141104,0.4355828220858896
00093726.png,faible_contraste,fort,232,209,0.6836659275683666,0.8146551724137931,0.5705521472392638,0.42944785276073616
00093726.png,compression_jpeg,faible,232,206,0.6910569105691057,0.7887931034482759,0.6073619631901841,0.3926380368098159
00093726.png,compression_jpeg,moyen,232,209,0.6962305986696231,0.8146551724137931,0.6257668711656442,0.3742331288343558
00093726.png,compression_jpeg,fort,232,213,0.6836659275683666,0.8017241379310345,0.588957055214724,0.41104294478527603
00093726.png,effet_scan_degrade,faible,232,203,0.6962305986696231,0.8060344827586207,0.5644171779141104,0.4355828220858896
00093726.png,effet_scan_degrade,moyen,232,162,0.6193643754619365,0.7370689655172413,0.44785276073619634,0.5521472392638036
00093726.png,effet_scan_degrade,fort,232,59,0.8144863266814486,0.9267241379310345,0.1165644171779141,0.8834355828220859
00093726.png,distorsion_decalage,faible,232,211,0.713229859571323,0.8189655172413793,0.6503067484662577,0.3496932515337423
00093726.png,distorsion_decalage,moyen,232,214,0.6215816703621582,0.7543103448275862,0.5950920245398773,0.4049079754601227
00093726.png,distorsion_decalage,fort,232,205,0.688839615668884,0.8232758620689655,0.588957055214724,0.41104294478527603
00093726.png,ombres,faible,232,208,0.6851441241685144,0.7758620689655172,0.6073619631901841,0.3926380368098159
00093726.png,ombres,moyen,232,207,0.6792313377679231,0.7887931034482759,0.588957055214724,0.41104294478527603
00093726.png,ombres,fort,232,161,0.6991869918699187,0.8620689655172413,0.5030674846625767,0.49693251533742333
0011505151.png,flou_gaussien,faible,93,35,0.6269230769230769,0.8709677419354839,0.18518518518518517,0.8148148148148149
0011505151.png,flou_gaussien,moyen,93,9,0.9692307692307692,1.0,0.0,1.0
0011505151.png,flou_gaussien,fort,93,4,0.9826923076923076,1.0,0.0,1.0
0011505151.png,bruit_aleatoire,faible,93,77,0.6403846153846153,0.8279569892473119,0.43209876543209874,0.5679012345679013
0011505151.png,bruit_aleatoire,moyen,93,73,0.6865384615384615,0.8602150537634409,0.4074074074074074,0.5925925925925926
0011505151.png,bruit_aleatoire,fort,93,81,0.7788461538461539,0.956989247311828,0.345679012345679,0.654320987654321
0011505151.png,rotation_legere,faible,93,73,0.6134615384615385,0.8172043010752689,0.41975308641975306,0.5802469135802469
0011505151.png,rotation_legere,moyen,93,70,0.6423076923076924,0.8387096774193549,0.3333333333333333,0.6666666666666667
0011505151.png,rotation_legere,fort,93,58,0.6480769230769231,0.8817204301075269,0.2222222222222222,0.7777777777777778
0011505151.png,faible_contraste,faible,93,76,0.6230769230769231,0.8172043010752689,0.4567901234567901,0.5432098765432098
0011505151.png,faible_contraste,moyen,93,78,0.6211538461538462,0.8172043010752689,0.4444444444444444,0.5555555555555556
0011505151.png,faible_contraste,fort,93,78,0.6230769230769231,0.8279569892473119,0.4444444444444444,0.5555555555555556
0011505151.png,compression_jpeg,faible,93,73,0.6211538461538462,0.7849462365591398,0.4074074074074074,0.5925925925925926
0011505151.png,compression_jpeg,moyen,93,70,0.6692307692307692,0.8494623655913979,0.37037037037037035,0.6296296296296297
0011505151.png,compression_jpeg,fort,93,74,0.6211538461538462,0.8387096774193549,0.38271604938271603,0.617283950617284
0011505151.png,effet_scan_degrade,faible,93,42,0.5576923076923077,0.8172043010752689,0.25925925925925924,0.7407407407407407
0011505151.png,effet_scan_degrade,moyen,93,38,0.6865384615384615,0.9247311827956989,0.1111111111111111,0.8888888888888888
0011505151.png,effet_scan_degrade,fort,93,8,0.9615384615384616,1.0,0.0,1.0
0011505151.png,distorsion_decalage,faible,93,67,0.573076923076923,0.8172043010752689,0.38271604938271603,0.617283950617284
0011505151.png,distorsion_decalage,moyen,93,62,0.5826923076923077,0.7956989247311828,0.37037037037037035,0.6296296296296297
0011505151.png,distorsion_decalage,fort,93,65,0.6326923076923077,0.8172043010752689,0.3950617283950617,0.6049382716049383
0011505151.png,ombres,faible,93,78,0.6230769230769231,0.7956989247311828,0.4567901234567901,0.5432098765432098
0011505151.png,ombres,moyen,93,37,0.7538461538461538,0.9139784946236559,0.18518518518518517,0.8148148148148149
0011505151.png,ombres,fort,93,7,0.9038461538461539,0.978494623655914,0.037037037037037035,0.962962962962963
0011838621.png,flou_gaussien,faible,164,75,0.7393879565646594,0.8292682926829268,0.2764227642276423,0.7235772357723578
0011838621.png,flou_gaussien,moyen,164,11,0.9703849950641659,1.0,0.0,1.0
0011838621.png,flou_gaussien,fort,164,0,1.0,1.0,0.0,1.0
0011838621.png,bruit_aleatoire,faible,164,121,0.6357354392892399,0.7682926829268293,0.5121951219512195,0.4878048780487805
0011838621.png,bruit_aleatoire,moyen,164,130,0.6890424481737414,0.7682926829268293,0.4959349593495935,0.5040650406504066
0011838621.png,bruit_aleatoire,fort,164,136,0.7393879565646594,0.8780487804878049,0.43902439024390244,0.5609756097560976
0011838621.png,rotation_legere,faible,164,149,0.629812438302073,0.725609756097561,0.5934959349593496,0.4065040650406504
0011838621.png,rotation_legere,moyen,164,137,0.6722606120434353,0.8841463414634146,0.3333333333333333,0.6666666666666667
0011838621.png,rotation_legere,fort,164,128,0.769990128331688,0.9451219512195121,0.2764227642276423,0.7235772357723578
0011838621.png,faible_contraste,faible,164,155,0.633761105626851,0.7926829268292683,0.5447154471544715,0.4552845528455285
0011838621.png,faible_contraste,moyen,164,158,0.6347482724580454,0.7987804878048781,0.5447154471544715,0.4552845528455285
0011838621.png,faible_contraste,fort,164,146,0.6347482724580454,0.7439024390243902,0.5609756097560976,0.4390243902439024
0011838621.png,compression_jpeg,faible,164,154,0.6406712734452122,0.7987804878048781,0.5447154471544715,0.4552845528455285
0011838621.png,compression_jpeg,moyen,164,157,0.6633761105626851,0.8170731707317073,0.5447154471544715,0.4552845528455285
0011838621.png,compression_jpeg,fort,164,119,0.7433366238894373,0.9146341463414634,0.36585365853658536,0.6341463414634146
0011838621.png,effet_scan_degrade,faible,164,107,0.6643632773938796,0.774390243902439,0.37398373983739835,0.6260162601626016
0011838621.png,effet_scan_degrade,moyen,164,83,0.7186574531095755,0.8902439024390244,0.17886178861788618,0.8211382113821138
0011838621.png,effet_scan_degrade,fort,164,107,0.7690029615004936,0.9817073170731707,0.024390243902439025,0.975609756097561
0011838621.png,distorsion_decalage,faible,164,134,0.6781836130306022,0.7865853658536586,0.4878048780487805,0.5121951219512195
0011838621.png,distorsion_decalage,moyen,164,139,0.6525172754195459,0.7987804878048781,0.4959349593495935,0.5040650406504066
0011838621.png,distorsion_decalage,fort,164,142,0.6061204343534057,0.7560975609756098,0.5853658536585366,0.41463414634146345
0011838621.png,ombres,faible,164,142,0.6426456071076012,0.7560975609756098,0.5528455284552846,0.44715447154471544
0011838621.png,ombres,moyen,164,77,0.7729516288252715,0.8658536585365854,0.3089430894308943,0.6910569105691057
0011838621.png,ombres,fort,164,42,0.8509378084896347,0.926829268292683,0.17886178861788618,0.8211382113821138
0011845203.png,flou_gaussien,faible,165,111,0.7152847152847153,0.8848484848484849,0.5042735042735043,0.49572649572649574
0011845203.png,flou_gaussien,moyen,165,16,0.971028971028971,1.0,0.0,1.0
0011845203.png,flou_gaussien,fort,165,0,1.0,1.0,0.0,1.0
0011845203.png,bruit_aleatoire,faible,165,142,0.6903096903096904,0.8303030303030303,0.7350427350427351,0.2649572649572649
0011845203.png,bruit_aleatoire,moyen,165,141,0.6893106893106893,0.8303030303030303,0.7350427350427351,0.2649572649572649
0011845203.png,bruit_aleatoire,fort,165,155,0.7062937062937062,0.8545454545454545,0.6923076923076923,0.3076923076923077
0011845203.png,rotation_legere,faible,165,135,0.6803196803196803,0.806060606060606,0.7435897435897436,0.2564102564102564
0011845203.png,rotation_legere,moyen,165,146,0.7132867132867133,0.8424242424242424,0.6837606837606838,0.3162393162393162
0011845203.png,rotation_legere,fort,165,41,0.8571428571428571,0.9696969696969697,0.08547008547008547,0.9145299145299145
0011845203.png,faible_contraste,faible,165,139,0.6903096903096904,0.8242424242424242,0.717948717948718,0.28205128205128205
0011845203.png,faible_contraste,moyen,165,139,0.6893106893106893,0.8242424242424242,0.717948717948718,0.28205128205128205
0011845203.png,faible_contraste,fort,165,139,0.6903096903096904,0.8242424242424242,0.7094017094017094,0.29059829059829057
0011845203.png,compression_jpeg,faible,165,141,0.6933066933066933,0.8303030303030303,0.7350427350427351,0.2649572649572649
0011845203.png,compression_jpeg,moyen,165,144,0.6893106893106893,0.8303030303030303,0.7435897435897436,0.2564102564102564
0011845203.png,compression_jpeg,fort,165,147,0.7112887112887113,0.8666666666666667,0.6666666666666666,0.33333333333333337
0011845203.png,effet_scan_degrade,faible,165,145,0.6973026973026973,0.8303030303030303,0.7264957264957265,0.27350427350427353
0011845203.png,effet_scan_degrade,moyen,165,106,0.7042957042957043,0.8666666666666667,0.48717948717948717,0.5128205128205128
0011845203.png,effet_scan_degrade,fort,165,10,0.967032967032967,1.0,0.0,1.0
0011845203.png,distorsion_decalage,faible,165,146,0.7012987012987013,0.8424242424242424,0.7521367521367521,0.24786324786324787
0011845203.png,distorsion_decalage,moyen,165,145,0.6973026973026973,0.8303030303030303,0.7264957264957265,0.27350427350427353
0011845203.png,distorsion_decalage,fort,165,145,0.7032967032967034,0.8424242424242424,0.7264957264957265,0.27350427350427353
0011845203.png,ombres,faible,165,140,0.6913086913086913,0.8181818181818182,0.7435897435897436,0.2564102564102564
0011845203.png,ombres,moyen,165,53,0.7942057942057942,0.9212121212121213,0.28205128205128205,0.717948717948718
0011845203.png,ombres,fort,165,54,0.7862137862137862,0.9151515151515152,0.3418803418803419,0.6581196581196581
0011856542.png,flou_gaussien,faible,87,71,0.4326241134751773,0.6896551724137931,0.47435897435897434,0.5256410256410257
0011856542.png,flou_gaussien,moyen,87,5,0.9769503546099291,1.0,0.0,1.0
0011856542.png,flou_gaussien,fort,87,0,1.0,1.0,0.0,1.0
0011856542.png,bruit_aleatoire,faible,87,89,0.20035460992907803,0.3448275862068966,0.8076923076923077,0.1923076923076923
0011856542.png,bruit_aleatoire,moyen,87,88,0.22163120567375885,0.42528735632183906,0.7948717948717948,0.20512820512820518
0011856542.png,bruit_aleatoire,fort,87,100,0.35815602836879434,0.7471264367816092,0.5512820512820513,0.4487179487179487
0011856542.png,rotation_legere,faible,87,89,0.5070921985815603,0.6666666666666666,0.8461538461538461,0.15384615384615385
0011856542.png,rotation_legere,moyen,87,86,0.5709219858156028,0.7931034482758621,0.6923076923076923,0.3076923076923077
0011856542.png,rotation_legere,fort,87,38,0.7269503546099291,0.9310344827586207,0.1282051282051282,0.8717948717948718
0011856542.png,faible_contraste,faible,87,89,0.23049645390070922,0.39080459770114945,0.8076923076923077,0.1923076923076923
0011856542.png,faible_contraste,moyen,87,88,0.225177304964539,0.3793103448275862,0.8076923076923077,0.1923076923076923
0011856542.png,faible_contraste,fort,87,89,0.22163120567375885,0.39080459770114945,0.8076923076923077,0.1923076923076923
0011856542.png,compression_jpeg,faible,87,87,0.4716312056737589,0.6666666666666666,0.8205128205128205,0.17948717948717952
0011856542.png,compression_jpeg,moyen,87,87,0.20390070921985815,0.3448275862068966,0.8205128205128205,0.17948717948717952
0011856542.png,compression_jpeg,fort,87,88,0.5230496453900709,0.7701149425287356,0.717948717948718,0.28205128205128205
0011856542.png,effet_scan_degrade,faible,87,85,0.31382978723404253,0.5172413793103449,0.6538461538461539,0.34615384615384615
0011856542.png,effet_scan_degrade,moyen,87,71,0.43439716312056736,0.6436781609195402,0.48717948717948717,0.5128205128205128
0011856542.png,effet_scan_degrade,fort,87,36,0.7943262411347518,0.9195402298850575,0.11538461538461539,0.8846153846153846
0011856542.png,distorsion_decalage,faible,87,91,0.20567375886524822,0.3793103448275862,0.8461538461538461,0.15384615384615385
0011856542.png,distorsion_decalage,moyen,87,93,0.1879432624113475,0.367816091954023,0.7948717948717948,0.20512820512820518
0011856542.png,distorsion_decalage,fort,87,89,0.225177304964539,0.40229885057471265,0.782051282051282,0.21794871794871795
0011856542.png,ombres,faible,87,89,0.5159574468085106,0.6896551724137931,0.8076923076923077,0.1923076923076923
0011856542.png,ombres,moyen,87,23,0.7570921985815603,0.7816091954022989,0.2564102564102564,0.7435897435897436
0011856542.png,ombres,fort,87,23,0.7304964539007093,0.7701149425287356,0.21794871794871795,0.782051282051282
0011859695.png,flou_gaussien,faible,128,106,0.43742255266418834,0.6484375,0.4424778761061947,0.5575221238938053
0011859695.png,flou_gaussien,moyen,128,12,0.9541511771995044,1.0,0.0,1.0
0011859695.png,flou_gaussien,fort,128,0,1.0,1.0,0.0,1.0
0011859695.png,bruit_aleatoire,faible,128,119,0.3643122676579926,0.5703125,0.5221238938053098,0.47787610619469023
0011859695.png,bruit_aleatoire,moyen,128,105,0.32342007434944237,0.5234375,0.5398230088495575,0.4601769911504425
0011859695.png,bruit_aleatoire,fort,128,140,0.5625774473358116,0.9140625,0.30973451327433627,0.6902654867256637
0011859695.png,rotation_legere,faible,128,97,0.4448574969021066,0.6640625,0.49557522123893805,0.504424778761062
0011859695.png,rotation_legere,moyen,128,116,0.40892193308550184,0.7109375,0.39823008849557523,0.6017699115044248
0011859695.png,rotation_legere,fort,128,0,1.0,1.0,0.0,1.0
0011859695.png,faible_contraste,faible,128,118,0.38042131350681535,0.6328125,0.5221238938053098,0.47787610619469023
0011859695.png,faible_contraste,moyen,128,118,0.37670384138785623,0.625,0.5309734513274337,0.4690265486725663
0011859695.png,faible_contraste,fort,128,118,0.3828996282527881,0.625,0.5575221238938053,0.4424778761061947
0011859695.png,compression_jpeg,faible,128,112,0.38042131350681535,0.59375,0.5309734513274337,0.4690265486725663
0011859695.png,compression_jpeg,moyen,128,119,0.3643122676579926,0.6328125,0.5398230088495575,0.4601769911504425
0011859695.png,compression_jpeg,fort,128,109,0.4448574969021066,0.6640625,0.39823008849557523,0.6017699115044248
0011859695.png,effet_scan_degrade,faible,128,117,0.379182156133829,0.609375,0.48672566371681414,0.5132743362831859
0011859695.png,effet_scan_degrade,moyen,128,101,0.43370508054522927,0.65625,0.4247787610619469,0.5752212389380531
0011859695.png,effet_scan_degrade,fort,128,81,0.5576208178438662,0.7734375,0.23893805309734514,0.7610619469026548
0011859695.png,distorsion_decalage,faible,128,106,0.37174721189591076,0.6015625,0.48672566371681414,0.5132743362831859
0011859695.png,distorsion_decalage,moyen,128,106,0.40892193308550184,0.6796875,0.4336283185840708,0.5663716814159292
0011859695.png,distorsion_decalage,fort,128,103,0.5229244114002478,0.71875,0.4247787610619469,0.5752212389380531
0011859695.png,ombres,faible,128,103,0.4349442379182156,0.7109375,0.4690265486725664,0.5309734513274336
0011859695.png,ombres,moyen,128,76,0.5700123915737298,0.734375,0.3274336283185841,0.6725663716814159
0011859695.png,ombres,fort,128,68,0.5055762081784386,0.65625,0.37168141592920356,0.6283185840707964
0011899960.png,flou_gaussien,faible,117,103,0.31,0.5470085470085471,0.5420560747663551,0.4579439252336449
0011899960.png,flou_gaussien,moyen,117,66,0.78375,0.9914529914529915,0.009345794392523364,0.9906542056074766
0011899960.png,flou_gaussien,fort,117,0,1.0,1.0,0.0,1.0
0011899960.png,bruit_aleatoire,faible,117,114,0.22125,0.4444444444444444,0.6822429906542056,0.31775700934579443
0011899960.png,bruit_aleatoire,moyen,117,114,0.22,0.452991452991453,0.6635514018691588,0.33644859813084116
0011899960.png,bruit_aleatoire,fort,117,4,0.96375,0.9914529914529915,0.009345794392523364,0.9906542056074766
0011899960.png,rotation_legere,faible,117,118,0.21625,0.4700854700854701,0.6822429906542056,0.31775700934579443
0011899960.png,rotation_legere,moyen,117,131,0.3075,0.7008547008547008,0.514018691588785,0.485981308411215
0011899960.png,rotation_legere,fort,117,112,0.23375,0.452991452991453,0.6635514018691588,0.33644859813084116
0011899960.png,faible_contraste,faible,117,114,0.21875,0.4358974358974359,0.6915887850467289,0.30841121495327106
0011899960.png,faible_contraste,moyen,117,113,0.21875,0.4358974358974359,0.6822429906542056,0.31775700934579443
0011899960.png,faible_contraste,fort,117,113,0.215,0.4358974358974359,0.6822429906542056,0.31775700934579443
0011899960.png,compression_jpeg,faible,117,112,0.2125,0.4017094017094017,0.7289719626168224,0.2710280373831776
0011899960.png,compression_jpeg,moyen,117,115,0.22875,0.46153846153846156,0.6635514018691588,0.33644859813084116
0011899960.png,compression_jpeg,fort,117,118,0.24875,0.5982905982905983,0.5514018691588785,0.44859813084112155
0011899960.png,effet_scan_degrade,faible,117,113,0.34125,0.5982905982905983,0.5981308411214953,0.4018691588785047
0011899960.png,effet_scan_degrade,moyen,117,103,0.3475,0.6153846153846154,0.4766355140186916,0.5233644859813085
0011899960.png,effet_scan_degrade,fort,117,86,0.45375,0.7692307692307693,0.2897196261682243,0.7102803738317758
0011899960.png,distorsion_decalage,faible,117,113,0.2225,0.452991452991453,0.6542056074766355,0.3457943925233645
0011899960.png,distorsion_decalage,moyen,117,114,0.4025,0.7008547008547008,0.5607476635514018,0.4392523364485982
0011899960.png,distorsion_decalage,fort,117,115,0.22,0.42735042735042733,0.7102803738317757,0.28971962616822433
0011899960.png,ombres,faible,117,112,0.22,0.4358974358974359,0.6822429906542056,0.31775700934579443
0011899960.png,ombres,moyen,117,82,0.485,0.6410256410256411,0.4953271028037383,0.5046728971962617
0011899960.png,ombres,fort,117,79,0.51125,0.7094017094017094,0.42990654205607476,0.5700934579439252
0011906503.png,flou_gaussien,faible,242,204,0.49748743718592964,0.7107438016528925,0.553072625698324,0.44692737430167595
0011906503.png,flou_gaussien,moyen,242,7,0.9868090452261307,1.0,0.0,1.0
0011906503.png,flou_gaussien,fort,242,0,1.0,1.0,0.0,1.0
0011906503.png,bruit_aleatoire,faible,242,245,0.5445979899497487,0.6983471074380165,0.7039106145251397,0.2960893854748603
0011906503.png,bruit_aleatoire,moyen,242,240,0.5332914572864321,0.6983471074380165,0.664804469273743,0.33519553072625696
0011906503.png,bruit_aleatoire,fort,242,244,0.5050251256281407,0.7231404958677686,0.6312849162011173,0.36871508379888274
0011906503.png,rotation_legere,faible,242,233,0.5295226130653267,0.7727272727272727,0.553072625698324,0.44692737430167595
0011906503.png,rotation_legere,moyen,242,255,0.5866834170854272,0.8305785123966942,0.5921787709497207,0.4078212290502793
0011906503.png,rotation_legere,fort,242,0,1.0,1.0,0.0,1.0
0011906503.png,faible_contraste,faible,242,252,0.5326633165829145,0.6942148760330579,0.7318435754189944,0.26815642458100564
0011906503.png,faible_contraste,moyen,242,252,0.535175879396985,0.7024793388429752,0.7374301675977654,0.26256983240223464
0011906503.png,faible_contraste,fort,242,253,0.535175879396985,0.6983471074380165,0.7318435754189944,0.26815642458100564
0011906503.png,compression_jpeg,faible,242,248,0.5370603015075377,0.7148760330578512,0.6759776536312849,0.3240223463687151
0011906503.png,compression_jpeg,moyen,242,250,0.5332914572864321,0.7355371900826446,0.6759776536312849,0.3240223463687151
0011906503.png,compression_jpeg,fort,242,239,0.5238693467336684,0.7851239669421488,0.5363128491620112,0.46368715083798884
0011906503.png,effet_scan_degrade,faible,242,245,0.5238693467336684,0.7107438016528925,0.6703910614525139,0.3296089385474861
0011906503.png,effet_scan_degrade,moyen,242,156,0.6048994974874372,0.756198347107438,0.4692737430167598,0.5307262569832403
0011906503.png,effet_scan_degrade,fort,242,5,0.9930904522613065,0.9958677685950413,0.00558659217877095,0.994413407821229
0011906503.png,distorsion_decalage,faible,242,243,0.5119346733668342,0.6694214876033058,0.6983240223463687,0.3016759776536313
0011906503.png,distorsion_decalage,moyen,242,242,0.5201005025125628,0.6900826446280992,0.7374301675977654,0.26256983240223464
0011906503.png,distorsion_decalage,fort,242,219,0.6827889447236181,0.8553719008264463,0.5698324022346368,0.4301675977653632
0011906503.png,ombres,faible,242,251,0.5383165829145728,0.7066115702479339,0.7486033519553073,0.25139664804469275
0011906503.png,ombres,moyen,242,250,0.5433417085427136,0.7148760330578512,0.7039106145251397,0.2960893854748603
0011906503.png,ombres,fort,242,73,0.8134422110552764,0.9256198347107438,0.2122905027932961,0.7877094972067039
0011973451.png,flou_gaussien,faible,124,57,0.6103575832305795,0.75,0.308411214953271,0.691588785046729
0011973451.png,flou_gaussien,moyen,124,37,0.8668310727496917,0.9758064516129032,0.028037383177570093,0.9719626168224299
0011973451.png,flou_gaussien,fort,124,6,0.9839704069050554,1.0,0.0,1.0
0011973451.png,bruit_aleatoire,faible,124,95,0.45499383477188654,0.6774193548387096,0.4485981308411215,0.5514018691588785
0011973451.png,bruit_aleatoire,moyen,124,101,0.5265104808877928,0.7983870967741935,0.38317757009345793,0.6168224299065421
0011973451.png,bruit_aleatoire,fort,124,116,0.594327990135635,0.8790322580645161,0.3644859813084112,0.6355140186915889
0011973451.png,rotation_legere,faible,124,98,0.45869297163995065,0.6693548387096774,0.4766355140186916,0.5233644859813085
0011973451.png,rotation_legere,moyen,124,111,0.6695437731196054,0.8951612903225806,0.37383177570093457,0.6261682242990654
0011973451.png,rotation_legere,fort,124,100,0.5462392108508015,0.7983870967741935,0.3925233644859813,0.6074766355140186
0011973451.png,faible_contraste,faible,124,109,0.44636251541307026,0.6532258064516129,0.5420560747663551,0.4579439252336449
0011973451.png,faible_contraste,moyen,124,111,0.45006165228113443,0.6693548387096774,0.5514018691588785,0.44859813084112155
0011973451.png,faible_contraste,fort,124,109,0.44882860665844637,0.6532258064516129,0.5327102803738317,0.4672897196261683
0011973451.png,compression_jpeg,faible,124,109,0.4562268803945746,0.7096774193548387,0.4953271028037383,0.5046728971962617
0011973451.png,compression_jpeg,moyen,124,105,0.5326757090012331,0.7661290322580645,0.40186915887850466,0.5981308411214954
0011973451.png,compression_jpeg,fort,124,97,0.4845869297163995,0.7419354838709677,0.3644859813084112,0.6355140186915889
0011973451.png,effet_scan_degrade,faible,124,91,0.5351418002466092,0.7419354838709677,0.3644859813084112,0.6355140186915889
0011973451.png,effet_scan_degrade,moyen,124,40,0.7114673242909988,0.8225806451612904,0.21495327102803738,0.7850467289719626
0011973451.png,effet_scan_degrade,fort,124,18,0.8964241676942046,0.9758064516129032,0.028037383177570093,0.9719626168224299
0011973451.png,distorsion_decalage,faible,124,111,0.499383477188656,0.717741935483871,0.5046728971962616,0.4953271028037384
0011973451.png,distorsion_decalage,moyen,124,112,0.4870530209617756,0.75,0.48598130841121495,0.514018691588785
0011973451.png,distorsion_decalage,fort,124,86,0.4882860665844636,0.7258064516129032,0.3925233644859813,0.6074766355140186
0011973451.png,ombres,faible,124,112,0.4525277435265105,0.6935483870967742,0.5327102803738317,0.4672897196261683
0011973451.png,ombres,moyen,124,67,0.55980271270037,0.7338709677419355,0.3644859813084112,0.6355140186915889
0011973451.png,ombres,fort,124,47,0.6831072749691739,0.7903225806451613,0.2616822429906542,0.7383177570093458
0011974919.png,flou_gaussien,faible,108,76,0.5994550408719346,0.7592592592592593,0.45544554455445546,0.5445544554455446
0011974919.png,flou_gaussien,moyen,108,0,1.0,1.0,0.0,1.0
0011974919.png,flou_gaussien,fort,108,0,1.0,1.0,0.0,1.0
0011974919.png,bruit_aleatoire,faible,108,105,0.4128065395095368,0.6388888888888888,0.7227722772277227,0.27722772277227725
0011974919.png,bruit_aleatoire,moyen,108,99,0.45095367847411444,0.6944444444444444,0.6435643564356436,0.3564356435643564
0011974919.png,bruit_aleatoire,fort,108,102,0.444141689373297,0.6666666666666666,0.6336633663366337,0.36633663366336633
0011974919.png,rotation_legere,faible,108,104,0.4100817438692098,0.6296296296296297,0.693069306930693,0.306930693069307
0011974919.png,rotation_legere,moyen,108,85,0.46185286103542234,0.6666666666666666,0.5643564356435643,0.4356435643564357
0011974919.png,rotation_legere,fort,108,13,0.9305177111716622,0.9814814814814815,0.019801980198019802,0.9801980198019802
0011974919.png,faible_contraste,faible,108,104,0.4087193460490463,0.6203703703703703,0.7326732673267327,0.26732673267326734
0011974919.png,faible_contraste,moyen,108,105,0.4128065395095368,0.6296296296296297,0.7326732673267327,0.26732673267326734
0011974919.png,faible_contraste,fort,108,106,0.41825613079019075,0.6296296296296297,0.7128712871287128,0.28712871287128716
0011974919.png,compression_jpeg,faible,108,106,0.41553133514986373,0.6574074074074074,0.7227722772277227,0.27722772277227725
0011974919.png,compression_jpeg,moyen,108,96,0.4209809264305177,0.6574074074074074,0.6336633663366337,0.36633663366336633
0011974919.png,compression_jpeg,fort,108,101,0.46321525885558584,0.7314814814814815,0.5544554455445545,0.4455445544554455
0011974919.png,effet_scan_degrade,faible,108,103,0.44141689373297005,0.6851851851851852,0.6534653465346535,0.3465346534653465
0011974919.png,effet_scan_degrade,moyen,108,72,0.614441416893733,0.8333333333333334,0.31683168316831684,0.6831683168316831
0011974919.png,effet_scan_degrade,fort,108,47,0.7956403269754768,0.9907407407407407,0.009900990099009901,0.9900990099009901
0011974919.png,distorsion_decalage,faible,108,102,0.42370572207084467,0.6388888888888888,0.7326732673267327,0.26732673267326734
0011974919.png,distorsion_decalage,moyen,108,103,0.40054495912806537,0.6111111111111112,0.7128712871287128,0.28712871287128716
0011974919.png,distorsion_decalage,fort,108,109,0.42915531335149865,0.6203703703703703,0.7722772277227723,0.2277227722772277
0011974919.png,ombres,faible,108,104,0.4128065395095368,0.6388888888888888,0.7128712871287128,0.28712871287128716
0011974919.png,ombres,moyen,108,102,0.4032697547683924,0.6388888888888888,0.7029702970297029,0.29702970297029707
0011974919.png,ombres,fort,108,36,0.7929155313351499,0.8425925925925926,0.25742574257425743,0.7425742574257426
0011976929.png,flou_gaussien,faible,80,78,0.278372591006424,0.5875,0.5774647887323944,0.4225352112676056
0011976929.png,flou_gaussien,moyen,80,0,1.0,1.0,0.0,1.0
0011976929.png,flou_gaussien,fort,80,0,1.0,1.0,0.0,1.0
0011976929.png,bruit_aleatoire,faible,80,73,0.3683083511777302,0.4625,0.7464788732394366,0.2535211267605634
0011976929.png,bruit_aleatoire,moyen,80,75,0.24839400428265523,0.4125,0.7323943661971831,0.2676056338028169
0011976929.png,bruit_aleatoire,fort,80,0,1.0,1.0,0.0,1.0
0011976929.png,rotation_legere,faible,80,72,0.278372591006424,0.475,0.704225352112676,0.295774647887324
0011976929.png,rotation_legere,moyen,80,76,0.23554603854389722,0.4125,0.7464788732394366,0.2535211267605634
0011976929.png,rotation_legere,fort,80,84,0.5438972162740899,0.925,0.323943661971831,0.676056338028169
0011976929.png,faible_contraste,faible,80,74,0.2334047109207709,0.4125,0.7183098591549296,0.2816901408450704
0011976929.png,faible_contraste,moyen,80,74,0.23126338329764454,0.3875,0.7464788732394366,0.2535211267605634
0011976929.png,faible_contraste,fort,80,74,0.23126338329764454,0.4,0.7323943661971831,0.2676056338028169
0011976929.png,compression_jpeg,faible,80,75,0.23554603854389722,0.4,0.7605633802816901,0.23943661971830987
0011976929.png,compression_jpeg,moyen,80,74,0.2462526766595289,0.4375,0.7323943661971831,0.2676056338028169
0011976929.png,compression_jpeg,fort,80,76,0.2569593147751606,0.5,0.6338028169014085,0.3661971830985915
0011976929.png,effet_scan_degrade,faible,80,64,0.33832976445396146,0.525,0.5774647887323944,0.4225352112676056
0011976929.png,effet_scan_degrade,moyen,80,76,0.3426124197002141,0.625,0.5211267605633803,0.47887323943661975
0011976929.png,effet_scan_degrade,fort,80,68,0.5117773019271948,0.9,0.16901408450704225,0.8309859154929577
0011976929.png,distorsion_decalage,faible,80,74,0.22698072805139186,0.4375,0.6901408450704225,0.3098591549295775
0011976929.png,distorsion_decalage,moyen,80,75,0.4732334047109208,0.575,0.647887323943662,0.352112676056338
0011976929.png,distorsion_decalage,fort,80,74,0.4625267665952891,0.575,0.6056338028169014,0.3943661971830986
0011976929.png,ombres,faible,80,74,0.3811563169164882,0.4875,0.7183098591549296,0.2816901408450704
0011976929.png,ombres,moyen,80,31,0.6209850107066381,0.7875,0.28169014084507044,0.7183098591549295
0011976929.png,ombres,fort,80,21,0.7944325481798715,0.8875,0.19718309859154928,0.8028169014084507
0012178355.png,flou_gaussien,faible,151,114,0.5614366729678639,0.7682119205298014,0.5,0.5
0012178355.png,flou_gaussien,moyen,151,0,1.0,1.0,0.0,1.0
0012178355.png,flou_gaussien,fort,151,0,1.0,1.0,0.0,1.0
0012178355.png,bruit_aleatoire,faible,151,140,0.3799621928166352,0.5629139072847682,0.6727272727272727,0.32727272727272727
0012178355.png,bruit_aleatoire,moyen,151,139,0.5822306238185255,0.7483443708609272,0.6454545454545455,0.3545454545454545
0012178355.png,bruit_aleatoire,fort,151,156,0.6086956521739131,0.9006622516556292,0.5272727272727272,0.4727272727272728
0012178355.png,rotation_legere,faible,151,140,0.6332703213610587,0.8211920529801324,0.6181818181818182,0.38181818181818183
0012178355.png,rotation_legere,moyen,151,155,0.558601134215501,0.8079470198675497,0.6,0.4
0012178355.png,rotation_legere,fort,151,86,0.7334593572778828,0.9470198675496688,0.13636363636363635,0.8636363636363636
0012178355.png,faible_contraste,faible,151,141,0.388468809073724,0.5960264900662252,0.6818181818181818,0.31818181818181823
0012178355.png,faible_contraste,moyen,151,140,0.3846880907372401,0.5894039735099338,0.6909090909090909,0.3090909090909091
0012178355.png,faible_contraste,fort,151,143,0.391304347826087,0.6026490066225165,0.6818181818181818,0.31818181818181823
0012178355.png,compression_jpeg,faible,151,141,0.3960302457466919,0.5827814569536424,0.6909090909090909,0.3090909090909091
0012178355.png,compression_jpeg,moyen,151,136,0.6134215500945179,0.7880794701986755,0.6363636363636364,0.36363636363636365
0012178355.png,compression_jpeg,fort,151,144,0.46880907372400754,0.7880794701986755,0.4909090909090909,0.509090909090909
0012178355.png,effet_scan_degrade,faible,151,131,0.6483931947069943,0.8013245033112583,0.5818181818181818,0.4181818181818182
0012178355.png,effet_scan_degrade,moyen,151,96,0.6880907372400756,0.8543046357615894,0.36363636363636365,0.6363636363636364
0012178355.png,effet_scan_degrade,fort,151,1,0.9914933837429112,0.9933774834437086,0.00909090909090909,0.990909090909091
0012178355.png,distorsion_decalage,faible,151,143,0.611531190926276,0.7947019867549668,0.6909090909090909,0.3090909090909091
0012178355.png,distorsion_decalage,moyen,151,139,0.3818525519848771,0.5894039735099338,0.6454545454545455,0.3545454545454545
0012178355.png,distorsion_decalage,fort,151,149,0.5396975425330813,0.7549668874172185,0.6454545454545455,0.3545454545454545
0012178355.png,ombres,faible,151,141,0.391304347826087,0.6026490066225165,0.6545454545454545,0.34545454545454546
0012178355.png,ombres,moyen,151,81,0.6275992438563327,0.7350993377483444,0.39090909090909093,0.6090909090909091
0012178355.png,ombres,fort,151,49,0.6909262759924386,0.8410596026490066,0.2545454545454545,0.7454545454545455
0012199830.png,flou_gaussien,faible,83,30,0.731404958677686,0.8795180722891566,0.24285714285714285,0.7571428571428571
0012199830.png,flou_gaussien,moyen,83,4,0.9793388429752066,1.0,0.0,1.0
0012199830.png,flou_gaussien,fort,83,2,0.9855371900826446,1.0,0.0,1.0
0012199830.png,bruit_aleatoire,faible,83,59,0.3760330578512397,0.6385542168674698,0.42857142857142855,0.5714285714285714
0012199830.png,bruit_aleatoire,moyen,83,69,0.378099173553719,0.6506024096385542,0.5142857142857142,0.48571428571428577
0012199830.png,bruit_aleatoire,fort,83,0,1.0,1.0,0.0,1.0
0012199830.png,rotation_legere,faible,83,71,0.36363636363636365,0.6385542168674698,0.5428571428571428,0.4571428571428572
0012199830.png,rotation_legere,moyen,83,67,0.3574380165289256,0.6265060240963856,0.5571428571428572,0.44285714285714284
0012199830.png,rotation_legere,fort,83,67,0.3822314049586777,0.6385542168674698,0.5,0.5
0012199830.png,faible_contraste,faible,83,63,0.3822314049586777,0.5903614457831325,0.5,0.5
0012199830.png,faible_contraste,moyen,83,63,0.384297520661157,0.6024096385542169,0.4857142857142857,0.5142857142857142
0012199830.png,faible_contraste,fort,83,63,0.38016528925619836,0.5903614457831325,0.5,0.5
0012199830.png,compression_jpeg,faible,83,68,0.4194214876033058,0.6265060240963856,0.5142857142857142,0.48571428571428577
0012199830.png,compression_jpeg,moyen,83,67,0.371900826446281,0.6385542168674698,0.5142857142857142,0.48571428571428577
0012199830.png,compression_jpeg,fort,83,69,0.4152892561983471,0.6987951807228916,0.4857142857142857,0.5142857142857142
0012199830.png,effet_scan_degrade,faible,83,71,0.4607438016528926,0.7108433734939759,0.5142857142857142,0.48571428571428577
0012199830.png,effet_scan_degrade,moyen,83,25,0.78099173553719,0.927710843373494,0.14285714285714285,0.8571428571428572
0012199830.png,effet_scan_degrade,fort,83,7,0.9400826446280992,0.9879518072289156,0.014285714285714285,0.9857142857142858
0012199830.png,distorsion_decalage,faible,83,71,0.40702479338842973,0.6626506024096386,0.5285714285714286,0.4714285714285714
0012199830.png,distorsion_decalage,moyen,83,67,0.36983471074380164,0.6385542168674698,0.5428571428571428,0.4571428571428572
0012199830.png,distorsion_decalage,fort,83,68,0.359504132231405,0.6144578313253012,0.5285714285714286,0.4714285714285714
0012199830.png,ombres,faible,83,61,0.378099173553719,0.6506024096385542,0.44285714285714284,0.5571428571428572
0012199830.png,ombres,moyen,83,22,0.7954545454545454,0.8433734939759037,0.15714285714285714,0.8428571428571429
0012199830.png,ombres,fort,83,26,0.7706611570247934,0.9156626506024096,0.17142857142857143,0.8285714285714285
0012529284.png,flou_gaussien,faible,218,163,0.6953191489361702,0.8532110091743119,0.47770700636942676,0.5222929936305732
0012529284.png,flou_gaussien,moyen,218,16,0.9659574468085106,1.0,0.0,1.0
0012529284.png,flou_gaussien,fort,218,7,0.9821276595744681,1.0,0.006369426751592357,0.9936305732484076
0012529284.png,bruit_aleatoire,faible,218,177,0.6706382978723404,0.7844036697247706,0.5923566878980892,0.40764331210191085
0012529284.png,bruit_aleatoire,moyen,218,178,0.6663829787234042,0.7844036697247706,0.5796178343949044,0.42038216560509556
0012529284.png,bruit_aleatoire,fort,218,213,0.7148936170212766,0.8899082568807339,0.5414012738853503,0.4585987261146497
0012529284.png,rotation_legere,faible,218,181,0.6782978723404255,0.7889908256880734,0.6050955414012739,0.39490445859872614
0012529284.png,rotation_legere,moyen,218,181,0.6663829787234042,0.7844036697247706,0.5923566878980892,0.40764331210191085
0012529284.png,rotation_legere,fort,218,112,0.7523404255319149,0.944954128440367,0.17834394904458598,0.821656050955414
0012529284.png,faible_contraste,faible,218,177,0.6655319148936171,0.7844036697247706,0.6114649681528662,0.3885350318471338
0012529284.png,faible_contraste,moyen,218,176,0.6663829787234042,0.7798165137614679,0.6114649681528662,0.3885350318471338
0012529284.png,faible_contraste,fort,218,176,0.6655319148936171,0.7798165137614679,0.6114649681528662,0.3885350318471338
0012529284.png,compression_jpeg,faible,218,178,0.6723404255319149,0.7798165137614679,0.5923566878980892,0.40764331210191085
0012529284.png,compression_jpeg,moyen,218,179,0.6706382978723404,0.7935779816513762,0.554140127388535,0.445859872611465
0012529284.png,compression_jpeg,fort,218,178,0.6672340425531915,0.7844036697247706,0.5605095541401274,0.4394904458598726
0012529284.png,effet_scan_degrade,faible,218,169,0.6621276595744681,0.7981651376146789,0.554140127388535,0.445859872611465
0012529284.png,effet_scan_degrade,moyen,218,157,0.676595744680851,0.8577981651376146,0.4267515923566879,0.5732484076433121
0012529284.png,effet_scan_degrade,fort,218,134,0.7268085106382979,0.926605504587156,0.2229299363057325,0.7770700636942676
0012529284.png,distorsion_decalage,faible,218,177,0.6604255319148936,0.7798165137614679,0.5987261146496815,0.4012738853503185
0012529284.png,distorsion_decalage,moyen,218,179,0.6774468085106383,0.7935779816513762,0.5859872611464968,0.4140127388535032
0012529284.png,distorsion_decalage,fort,218,175,0.6646808510638298,0.7981651376146789,0.5987261146496815,0.4012738853503185
0012529284.png,ombres,faible,218,173,0.6672340425531915,0.7798165137614679,0.5987261146496815,0.4012738853503185
0012529284.png,ombres,moyen,218,117,0.6561702127659574,0.7844036697247706,0.39490445859872614,0.6050955414012739
0012529284.png,ombres,fort,218,93,0.7710638297872341,0.8990825688073395,0.24203821656050956,0.7579617834394905
0012529295.png,flou_gaussien,faible,254,194,0.693062368605466,0.8858267716535433,0.2887700534759358,0.7112299465240641
0012529295.png,flou_gaussien,moyen,254,0,1.0,1.0,0.0,1.0
0012529295.png,flou_gaussien,fort,254,5,0.9901892081289418,1.0,0.0,1.0
0012529295.png,bruit_aleatoire,faible,254,209,0.6454099509460406,0.84251968503937,0.5240641711229946,0.47593582887700536
0012529295.png,bruit_aleatoire,moyen,254,208,0.6629292221443588,0.8307086614173228,0.5080213903743316,0.4919786096256684
0012529295.png,bruit_aleatoire,fort,254,221,0.7182901191310441,0.9133858267716536,0.3850267379679144,0.6149732620320856
0012529295.png,rotation_legere,faible,254,207,0.6818500350385424,0.8582677165354331,0.5133689839572193,0.4866310160427807
0012529295.png,rotation_legere,moyen,254,224,0.7168885774351786,0.9291338582677166,0.43315508021390375,0.5668449197860963
0012529295.png,rotation_legere,fort,254,214,0.6783461807988788,0.8937007874015748,0.3850267379679144,0.6149732620320856
0012529295.png,faible_contraste,faible,254,207,0.6215837421163279,0.8385826771653543,0.5240641711229946,0.47593582887700536
0012529295.png,faible_contraste,moyen,254,208,0.6222845129642607,0.8346456692913385,0.5294117647058824,0.47058823529411764
0012529295.png,faible_contraste,fort,254,205,0.6180798878766643,0.8307086614173228,0.5294117647058824,0.47058823529411764
0012529295.png,compression_jpeg,faible,254,225,0.665031534688157,0.8858267716535433,0.47593582887700536,0.5240641711229946
0012529295.png,compression_jpeg,moyen,254,210,0.657323055360897,0.8700787401574803,0.5133689839572193,0.4866310160427807
0012529295.png,compression_jpeg,fort,254,201,0.6720392431674842,0.889763779527559,0.37433155080213903,0.625668449197861
0012529295.png,effet_scan_degrade,faible,254,206,0.6860546601261388,0.889763779527559,0.44385026737967914,0.5561497326203209
0012529295.png,effet_scan_degrade,moyen,254,180,0.6853538892782061,0.8818897637795275,0.3315508021390374,0.6684491978609626
0012529295.png,effet_scan_degrade,fort,254,123,0.747021723896286,0.968503937007874,0.09090909090909091,0.9090909090909091
0012529295.png,distorsion_decalage,faible,254,211,0.6475122634898388,0.8228346456692913,0.48663101604278075,0.5133689839572193
0012529295.png,distorsion_decalage,moyen,254,221,0.6566222845129642,0.8622047244094488,0.5080213903743316,0.4919786096256684
0012529295.png,distorsion_decalage,fort,254,211,0.7351086194814296,0.889763779527559,0.5133689839572193,0.4866310160427807
0012529295.png,ombres,faible,254,212,0.6727400140154169,0.8779527559055118,0.48128342245989303,0.518716577540107
0012529295.png,ombres,moyen,254,95,0.7386124737210932,0.8858267716535433,0.23529411764705882,0.7647058823529411
0012529295.png,ombres,fort,254,61,0.8199018920812894,0.8937007874015748,0.18716577540106952,0.8128342245989305
0012602424.png,flou_gaussien,faible,219,106,0.784,0.9497716894977168,0.17791411042944785,0.8220858895705522
0012602424.png,flou_gaussien,moyen,219,0,1.0,1.0,0.0,1.0
0012602424.png,flou_gaussien,fort,219,2,0.9984,1.0,0.0,1.0
0012602424.png,bruit_aleatoire,faible,219,180,0.6544,0.8264840182648402,0.4233128834355828,0.5766871165644172
0012602424.png,bruit_aleatoire,moyen,219,162,0.6344,0.7853881278538812,0.44171779141104295,0.558282208588957
0012602424.png,bruit_aleatoire,fort,219,160,0.6376,0.7945205479452054,0.4171779141104294,0.5828220858895705
0012602424.png,rotation_legere,faible,219,151,0.6224,0.7945205479452054,0.43558282208588955,0.5644171779141105
0012602424.png,rotation_legere,moyen,219,165,0.6024,0.7853881278538812,0.44785276073619634,0.5521472392638036
0012602424.png,rotation_legere,fort,219,131,0.7528,0.9315068493150684,0.2085889570552147,0.7914110429447853
0012602424.png,faible_contraste,faible,219,164,0.6256,0.7899543378995434,0.4662576687116564,0.5337423312883436
0012602424.png,faible_contraste,moyen,219,159,0.6136,0.7990867579908676,0.44171779141104295,0.558282208588957
0012602424.png,faible_contraste,fort,219,159,0.6152,0.7945205479452054,0.44785276073619634,0.5521472392638036
0012602424.png,compression_jpeg,faible,219,161,0.6184,0.776255707762557,0.44171779141104295,0.558282208588957
0012602424.png,compression_jpeg,moyen,219,176,0.6408,0.8127853881278538,0.4294478527607362,0.5705521472392638
0012602424.png,compression_jpeg,fort,219,152,0.6464,0.8127853881278538,0.3987730061349693,0.6012269938650308
0012602424.png,effet_scan_degrade,faible,219,153,0.6,0.7671232876712328,0.4601226993865031,0.5398773006134969
0012602424.png,effet_scan_degrade,moyen,219,106,0.7608,0.9406392694063926,0.147239263803681,0.852760736196319
0012602424.png,effet_scan_degrade,fort,219,0,1.0,1.0,0.0,1.0
0012602424.png,distorsion_decalage,faible,219,153,0.6488,0.7990867579908676,0.38650306748466257,0.6134969325153374
0012602424.png,distorsion_decalage,moyen,219,162,0.612,0.7990867579908676,0.4233128834355828,0.5766871165644172
0012602424.png,distorsion_decalage,fort,219,165,0.6144,0.7990867579908676,0.4294478527607362,0.5705521472392638
0012602424.png,ombres,faible,219,166,0.648,0.7990867579908676,0.4233128834355828,0.5766871165644172
0012602424.png,ombres,moyen,219,145,0.5936,0.776255707762557,0.4294478527607362,0.5705521472392638
0012602424.png,ombres,fort,219,67,0.8304,0.9452054794520548,0.11042944785276074,0.8895705521472392
0012947358.png,flou_gaussien,faible,288,173,0.5639599555061179,0.7708333333333334,0.37850467289719625,0.6214953271028038
0012947358.png,flou_gaussien,moyen,288,45,0.924916573971079,0.9965277777777778,0.004672897196261682,0.9953271028037384
0012947358.png,flou_gaussien,fort,288,0,1.0,1.0,0.0,1.0
0012947358.png,bruit_aleatoire,faible,288,242,0.5417130144605117,0.7395833333333334,0.5233644859813084,0.47663551401869164
0012947358.png,bruit_aleatoire,moyen,288,251,0.5172413793103449,0.7222222222222222,0.5233644859813084,0.47663551401869164
0012947358.png,bruit_aleatoire,fort,288,265,0.5278086763070078,0.7743055555555556,0.5093457943925234,0.49065420560747663
0012947358.png,rotation_legere,faible,288,260,0.4966629588431591,0.7395833333333334,0.5327102803738317,0.4672897196261683
0012947358.png,rotation_legere,moyen,288,260,0.5272525027808677,0.8055555555555556,0.4766355140186916,0.5233644859813085
0012947358.png,rotation_legere,fort,288,35,0.9165739710789766,0.9791666666666666,0.03271028037383177,0.9672897196261683
0012947358.png,faible_contraste,faible,288,269,0.5055617352614016,0.7361111111111112,0.5700934579439252,0.4299065420560748
0012947358.png,faible_contraste,moyen,288,270,0.5083426028921023,0.7291666666666666,0.5747663551401869,0.4252336448598131
0012947358.png,faible_contraste,fort,288,263,0.5127919911012235,0.7291666666666666,0.5700934579439252,0.4299065420560748
0012947358.png,compression_jpeg,faible,288,267,0.5255839822024472,0.7534722222222222,0.5560747663551402,0.4439252336448598
0012947358.png,compression_jpeg,moyen,288,240,0.5962180200222469,0.8298611111111112,0.4719626168224299,0.5280373831775701
0012947358.png,compression_jpeg,fort,288,256,0.5239154616240267,0.8020833333333334,0.397196261682243,0.602803738317757
0012947358.png,effet_scan_degrade,faible,288,194,0.5105672969966629,0.7361111111111112,0.49065420560747663,0.5093457943925234
0012947358.png,effet_scan_degrade,moyen,288,175,0.5839822024471635,0.7847222222222222,0.40654205607476634,0.5934579439252337
0012947358.png,effet_scan_degrade,fort,288,150,0.6351501668520578,0.8333333333333334,0.2523364485981308,0.7476635514018692
0012947358.png,distorsion_decalage,faible,288,244,0.6863181312569522,0.8819444444444444,0.5420560747663551,0.4579439252336449
0012947358.png,distorsion_decalage,moyen,288,243,0.582313681868743,0.8090277777777778,0.4953271028037383,0.5046728971962617
0012947358.png,distorsion_decalage,fort,288,254,0.5545050055617352,0.7916666666666666,0.5,0.5
0012947358.png,ombres,faible,288,219,0.5806451612903226,0.7673611111111112,0.4719626168224299,0.5280373831775701
0012947358.png,ombres,moyen,288,241,0.5105672969966629,0.7534722222222222,0.5420560747663551,0.4579439252336449
0012947358.png,ombres,fort,288,171,0.7313681868743048,0.90625,0.24766355140186916,0.7523364485981309
0013255595.png,flou_gaussien,faible,34,31,0.49783549783549785,0.6470588235294118,0.5294117647058824,0.47058823529411764
0013255595.png,flou_gaussien,moyen,34,13,0.8787878787878788,1.0,0.0,1.0
0013255595.png,flou_gaussien,fort,34,0,1.0,1.0,0.0,1.0
0013255595.png,bruit_aleatoire,faible,34,31,0.46320346320346323,0.5882352941176471,0.6176470588235294,0.38235294117647056
0013255595.png,bruit_aleatoire,moyen,34,31,0.45454545454545453,0.5882352941176471,0.6764705882352942,0.32352941176470584
0013255595.png,bruit_aleatoire,fort,34,35,0.5670995670995671,0.8235294117647058,0.6176470588235294,0.38235294117647056
0013255595.png,rotation_legere,faible,34,31,0.45021645021645024,0.6176470588235294,0.5294117647058824,0.47058823529411764
0013255595.png,rotation_legere,moyen,34,31,0.5281385281385281,0.7647058823529411,0.5294117647058824,0.47058823529411764
0013255595.png,rotation_legere,fort,34,34,0.48917748917748916,0.7058823529411765,0.5588235294117647,0.4411764705882353
0013255595.png,faible_contraste,faible,34,30,0.42857142857142855,0.5294117647058824,0.6176470588235294,0.38235294117647056
0013255595.png,faible_contraste,moyen,34,30,0.42857142857142855,0.5294117647058824,0.6176470588235294,0.38235294117647056
0013255595.png,faible_contraste,fort,34,30,0.42857142857142855,0.5294117647058824,0.6176470588235294,0.38235294117647056
0013255595.png,compression_jpeg,faible,34,30,0.49783549783549785,0.7058823529411765,0.5294117647058824,0.47058823529411764
0013255595.png,compression_jpeg,moyen,34,31,0.5021645021645021,0.6764705882352942,0.7058823529411765,0.2941176470588235
0013255595.png,compression_jpeg,fort,34,31,0.47186147186147187,0.6764705882352942,0.6176470588235294,0.38235294117647056
0013255595.png,effet_scan_degrade,faible,34,32,0.46320346320346323,0.5882352941176471,0.6470588235294118,0.3529411764705882
0013255595.png,effet_scan_degrade,moyen,34,30,0.48484848484848486,0.6470588235294118,0.47058823529411764,0.5294117647058824
0013255595.png,effet_scan_degrade,fort,34,24,0.49783549783549785,0.8235294117647058,0.23529411764705882,0.7647058823529411
0013255595.png,distorsion_decalage,faible,34,31,0.46320346320346323,0.6764705882352942,0.6470588235294118,0.3529411764705882
0013255595.png,distorsion_decalage,moyen,34,31,0.5151515151515151,0.7058823529411765,0.6176470588235294,0.38235294117647056
0013255595.png,distorsion_decalage,fort,34,32,0.45021645021645024,0.5882352941176471,0.6764705882352942,0.32352941176470584
0013255595.png,ombres,faible,34,30,0.42857142857142855,0.5294117647058824,0.6176470588235294,0.38235294117647056
0013255595.png,ombres,moyen,34,11,0.6796536796536796,0.7941176470588235,0.2647058823529412,0.7352941176470589
0013255595.png,ombres,fort,34,13,0.683982683982684,0.7647058823529411,0.3235294117647059,0.6764705882352942
00283813.png,flou_gaussien,faible,165,113,0.7113502935420744,0.8606060606060606,0.5272727272727272,0.4727272727272728
00283813.png,flou_gaussien,moyen,165,8,0.9735812133072407,0.9939393939393939,0.00909090909090909,0.990909090909091
00283813.png,flou_gaussien,fort,165,0,1.0,1.0,0.0,1.0
00283813.png,bruit_aleatoire,faible,165,208,0.7504892367906066,0.9272727272727272,0.7181818181818181,0.28181818181818186
00283813.png,bruit_aleatoire,moyen,165,188,0.6536203522504892,0.8363636363636363,0.7545454545454545,0.24545454545454548
00283813.png,bruit_aleatoire,fort,165,161,0.639921722113503,0.8484848484848485,0.5272727272727272,0.4727272727272728
00283813.png,rotation_legere,faible,165,194,0.6927592954990215,0.9090909090909091,0.7909090909090909,0.2090909090909091
00283813.png,rotation_legere,moyen,165,201,0.7563600782778865,1.0242424242424242,0.6,0.4
00283813.png,rotation_legere,fort,165,181,0.799412915851272,0.9818181818181818,0.5363636363636364,0.4636363636363636
00283813.png,faible_contraste,faible,165,210,0.7906066536203522,1.0,0.6727272727272727,0.32727272727272727
00283813.png,faible_contraste,moyen,165,212,0.7896281800391389,1.0121212121212122,0.6909090909090909,0.3090909090909091
00283813.png,faible_contraste,fort,165,213,0.7925636007827789,1.006060606060606,0.6909090909090909,0.3090909090909091
00283813.png,compression_jpeg,faible,165,196,0.8140900195694716,0.9636363636363636,0.7454545454545455,0.2545454545454545
00283813.png,compression_jpeg,moyen,165,177,0.6457925636007827,0.7818181818181819,0.8,0.19999999999999996
00283813.png,compression_jpeg,fort,165,190,0.6986301369863014,0.8424242424242424,0.7818181818181819,0.21818181818181814
00283813.png,effet_scan_degrade,faible,165,188,0.586105675146771,0.7757575757575758,0.7,0.30000000000000004
00283813.png,effet_scan_degrade,moyen,165,109,0.6986301369863014,0.8484848484848485,0.5181818181818182,0.4818181818181818
00283813.png,effet_scan_degrade,fort,165,98,0.6888454011741683,0.8424242424242424,0.35454545454545455,0.6454545454545455
00283813.png,distorsion_decalage,faible,165,203,0.6673189823874756,0.896969696969697,0.7363636363636363,0.26363636363636367
00283813.png,distorsion_decalage,moyen,165,207,0.6702544031311155,0.9030303030303031,0.7,0.30000000000000004
00283813.png,distorsion_decalage,fort,165,175,0.824853228962818,0.9939393939393939,0.6090909090909091,0.3909090909090909
00283813.png,ombres,faible,165,215,0.812133072407045,1.0242424242424242,0.7,0.30000000000000004
00283813.png,ombres,moyen,165,179,0.7015655577299413,0.8848484848484849,0.5727272727272728,0.42727272727272725
00283813.png,ombres,fort,165,147,0.735812133072407,0.9212121212121213,0.5818181818181818,0.4181818181818182
0030031163.png,flou_gaussien,faible,131,128,0.20052770448548812,0.3893129770992366,0.8282828282828283,0.1717171717171717
0030031163.png,flou_gaussien,moyen,131,16,0.9485488126649076,1.0,0.0,1.0
0030031163.png,flou_gaussien,fort,131,8,0.9709762532981531,1.0,0.0,1.0
0030031163.png,bruit_aleatoire,faible,131,128,0.27308707124010556,0.35877862595419846,0.8585858585858586,0.14141414141414144
0030031163.png,bruit_aleatoire,moyen,131,131,0.2849604221635884,0.3893129770992366,0.8585858585858586,0.14141414141414144
0030031163.png,bruit_aleatoire,fort,131,142,0.29023746701846964,0.4961832061068702,0.8181818181818182,0.18181818181818177
0030031163.png,rotation_legere,faible,131,147,0.27308707124010556,0.5572519083969466,0.8585858585858586,0.14141414141414144
0030031163.png,rotation_legere,moyen,131,110,0.3179419525065963,0.46564885496183206,0.7171717171717171,0.2828282828282829
0030031163.png,rotation_legere,fort,131,133,0.25857519788918204,0.5877862595419847,0.6666666666666666,0.33333333333333337
0030031163.png,faible_contraste,faible,131,130,0.28232189973614774,0.3816793893129771,0.8585858585858586,0.14141414141414144
0030031163.png,faible_contraste,moyen,131,130,0.2836411609498681,0.3969465648854962,0.8484848484848485,0.1515151515151515
0030031163.png,faible_contraste,fort,131,130,0.2836411609498681,0.3893129770992366,0.8585858585858586,0.14141414141414144
0030031163.png,compression_jpeg,faible,131,130,0.2836411609498681,0.3893129770992366,0.8585858585858586,0.14141414141414144
0030031163.png,compression_jpeg,moyen,131,129,0.28232189973614774,0.366412213740458,0.8585858585858586,0.14141414141414144
0030031163.png,compression_jpeg,fort,131,136,0.3021108179419525,0.48091603053435117,0.8282828282828283,0.1717171717171717
0030031163.png,effet_scan_degrade,faible,131,139,0.24538258575197888,0.44274809160305345,0.8585858585858586,0.14141414141414144
0030031163.png,effet_scan_degrade,moyen,131,118,0.2519788918205805,0.4351145038167939,0.797979797979798,0.202020202020202
0030031163.png,effet_scan_degrade,fort,131,103,0.32717678100263853,0.5114503816793893,0.6666666666666666,0.33333333333333337
0030031163.png,distorsion_decalage,faible,131,133,0.25857519788918204,0.3969465648854962,0.8585858585858586,0.14141414141414144
0030031163.png,distorsion_decalage,moyen,131,136,0.25065963060686014,0.4198473282442748,0.8686868686868687,0.13131313131313127
0030031163.png,distorsion_decalage,fort,131,146,0.3390501319261214,0.5801526717557252,0.8484848484848485,0.1515151515151515
0030031163.png,ombres,faible,131,130,0.28232189973614774,0.3816793893129771,0.8585858585858586,0.14141414141414144
0030031163.png,ombres,moyen,131,130,0.287598944591029,0.3969465648854962,0.8484848484848485,0.1515151515151515
0030031163.png,ombres,fort,131,69,0.6886543535620053,0.732824427480916,0.41414141414141414,0.5858585858585859
0030041455.png,flou_gaussien,faible,64,57,0.11314984709480122,0.34375,0.6792452830188679,0.3207547169811321
0030041455.png,flou_gaussien,moyen,64,22,0.8623853211009175,0.984375,0.018867924528301886,0.9811320754716981
0030041455.png,flou_gaussien,fort,64,1,0.9969418960244648,1.0,0.0,1.0
0030041455.png,bruit_aleatoire,faible,64,61,0.11009174311926606,0.34375,0.7547169811320755,0.24528301886792447
0030041455.png,bruit_aleatoire,moyen,64,60,0.09480122324159021,0.328125,0.7169811320754716,0.28301886792452835
0030041455.png,bruit_aleatoire,fort,64,0,1.0,1.0,0.0,1.0
0030041455.png,rotation_legere,faible,64,61,0.11314984709480122,0.359375,0.6981132075471698,0.30188679245283023
0030041455.png,rotation_legere,moyen,64,59,0.37920489296636084,0.578125,0.6792452830188679,0.3207547169811321
0030041455.png,rotation_legere,fort,64,45,0.4740061162079511,0.640625,0.5283018867924528,0.4716981132075472
0030041455.png,faible_contraste,faible,64,59,0.08868501529051988,0.3125,0.7547169811320755,0.24528301886792447
0030041455.png,faible_contraste,moyen,64,59,0.08256880733944955,0.3125,0.7547169811320755,0.24528301886792447
0030041455.png,faible_contraste,fort,64,59,0.0856269113149847,0.3125,0.7547169811320755,0.24528301886792447
0030041455.png,compression_jpeg,faible,64,59,0.08256880733944955,0.328125,0.7358490566037735,0.26415094339622647
0030041455.png,compression_jpeg,moyen,64,59,0.09174311926605505,0.3125,0.7358490566037735,0.26415094339622647
0030041455.png,compression_jpeg,fort,64,60,0.10397553516819572,0.328125,0.6981132075471698,0.30188679245283023
0030041455.png,effet_scan_degrade,faible,64,60,0.09785932721712538,0.34375,0.7169811320754716,0.28301886792452835
0030041455.png,effet_scan_degrade,moyen,64,42,0.3425076452599388,0.484375,0.5471698113207547,0.4528301886792453
0030041455.png,effet_scan_degrade,fort,64,50,0.3058103975535168,0.625,0.4339622641509434,0.5660377358490566
0030041455.png,distorsion_decalage,faible,64,59,0.10703363914373089,0.328125,0.7358490566037735,0.26415094339622647
0030041455.png,distorsion_decalage,moyen,64,57,0.11926605504587157,0.34375,0.6792452830188679,0.3207547169811321
0030041455.png,distorsion_decalage,fort,64,60,0.09174311926605505,0.34375,0.7169811320754716,0.28301886792452835
0030041455.png,ombres,faible,64,59,0.0856269113149847,0.328125,0.7358490566037735,0.26415094339622647
0030041455.png,ombres,moyen,64,51,0.25688073394495414,0.4375,0.6037735849056604,0.39622641509433965
0030041455.png,ombres,fort,64,30,0.5321100917431193,0.671875,0.39622641509433965,0.6037735849056604
0060000813.png,flou_gaussien,faible,105,98,0.7025495750708215,0.9619047619047619,0.453125,0.546875
0060000813.png,flou_gaussien,moyen,105,0,1.0,1.0,0.0,1.0
0060000813.png,flou_gaussien,fort,105,4,0.9943342776203966,1.0,0.0,1.0
0060000813.png,bruit_aleatoire,faible,105,113,0.7237960339943342,0.8476190476190476,0.703125,0.296875
0060000813.png,bruit_aleatoire,moyen,105,107,0.7110481586402266,0.7714285714285715,0.6875,0.3125
0060000813.png,bruit_aleatoire,fort,105,116,0.7393767705382436,0.8666666666666667,0.625,0.375
0060000813.png,rotation_legere,faible,105,106,0.726628895184136,0.8,0.671875,0.328125
0060000813.png,rotation_legere,moyen,105,116,0.7521246458923513,0.8380952380952381,0.734375,0.265625
0060000813.png,rotation_legere,fort,105,22,0.8640226628895185,0.9904761904761905,0.015625,0.984375
0060000813.png,faible_contraste,faible,105,105,0.6954674220963173,0.7714285714285715,0.65625,0.34375
0060000813.png,faible_contraste,moyen,105,105,0.6926345609065155,0.7619047619047619,0.6875,0.3125
0060000813.png,faible_contraste,fort,105,101,0.6855524079320113,0.7333333333333333,0.65625,0.34375
0060000813.png,compression_jpeg,faible,105,107,0.7195467422096318,0.7714285714285715,0.765625,0.234375
0060000813.png,compression_jpeg,moyen,105,100,0.6968838526912181,0.7619047619047619,0.6875,0.3125
0060000813.png,compression_jpeg,fort,105,106,0.7209631728045326,0.8380952380952381,0.671875,0.328125
0060000813.png,effet_scan_degrade,faible,105,103,0.7492917847025495,0.9047619047619048,0.59375,0.40625
0060000813.png,effet_scan_degrade,moyen,105,78,0.7294617563739377,0.9238095238095239,0.40625,0.59375
0060000813.png,effet_scan_degrade,fort,105,0,1.0,1.0,0.0,1.0
0060000813.png,distorsion_decalage,faible,105,109,0.71671388101983,0.8095238095238095,0.71875,0.28125
0060000813.png,distorsion_decalage,moyen,105,101,0.6997167138810199,0.7333333333333333,0.6875,0.3125
0060000813.png,distorsion_decalage,fort,105,110,0.7237960339943342,0.8095238095238095,0.734375,0.265625
0060000813.png,ombres,faible,105,109,0.7110481586402266,0.7523809523809524,0.75,0.25
0060000813.png,ombres,moyen,105,100,0.6798866855524079,0.7333333333333333,0.71875,0.28125
0060000813.png,ombres,fort,105,40,0.7252124645892352,0.8761904761904762,0.3125,0.6875
0060007216.png,flou_gaussien,faible,84,51,0.5992217898832685,0.7380952380952381,0.4520547945205479,0.547945205479452
0060007216.png,flou_gaussien,moyen,84,2,0.9902723735408561,1.0,0.0,1.0
0060007216.png,flou_gaussien,fort,84,3,0.9883268482490273,1.0,0.0,1.0
0060007216.png,bruit_aleatoire,faible,84,83,0.6926070038910506,0.7857142857142857,0.7671232876712328,0.23287671232876717
0060007216.png,bruit_aleatoire,moyen,84,76,0.6595330739299611,0.7261904761904762,0.7397260273972602,0.26027397260273977
0060007216.png,bruit_aleatoire,fort,84,0,1.0,1.0,0.0,1.0
0060007216.png,rotation_legere,faible,84,77,0.6634241245136187,0.7738095238095238,0.6712328767123288,0.3287671232876712
0060007216.png,rotation_legere,moyen,84,80,0.6984435797665369,0.9285714285714286,0.4520547945205479,0.547945205479452
0060007216.png,rotation_legere,fort,84,84,0.6848249027237354,0.8333333333333334,0.6575342465753424,0.34246575342465757
0060007216.png,faible_contraste,faible,84,78,0.6536964980544747,0.7261904761904762,0.7534246575342466,0.2465753424657534
0060007216.png,faible_contraste,moyen,84,78,0.6498054474708171,0.7142857142857143,0.7808219178082192,0.2191780821917808
0060007216.png,faible_contraste,fort,84,78,0.6498054474708171,0.7261904761904762,0.7671232876712328,0.23287671232876717
0060007216.png,compression_jpeg,faible,84,76,0.6536964980544747,0.7142857142857143,0.7671232876712328,0.23287671232876717
0060007216.png,compression_jpeg,moyen,84,75,0.48443579766536965,0.5833333333333334,0.7397260273972602,0.26027397260273977
0060007216.png,compression_jpeg,fort,84,77,0.49416342412451364,0.7142857142857143,0.5205479452054794,0.4794520547945206
0060007216.png,effet_scan_degrade,faible,84,59,0.6050583657587548,0.7380952380952381,0.5342465753424658,0.4657534246575342
0060007216.png,effet_scan_degrade,moyen,84,63,0.45330739299610895,0.5952380952380952,0.547945205479452,0.452054794520548
0060007216.png,effet_scan_degrade,fort,84,32,0.7996108949416343,0.9761904761904762,0.0273972602739726,0.9726027397260274
0060007216.png,distorsion_decalage,faible,84,76,0.5097276264591439,0.6428571428571429,0.7123287671232876,0.28767123287671237
0060007216.png,distorsion_decalage,moyen,84,80,0.47470817120622566,0.5952380952380952,0.7397260273972602,0.26027397260273977
0060007216.png,distorsion_decalage,fort,84,77,0.48443579766536965,0.6428571428571429,0.6027397260273972,0.3972602739726028
0060007216.png,ombres,faible,84,78,0.4649805447470817,0.5476190476190477,0.7671232876712328,0.23287671232876717
0060007216.png,ombres,moyen,84,27,0.7626459143968871,0.8928571428571429,0.1917808219178082,0.8082191780821918
0060007216.png,ombres,fort,84,37,0.6926070038910506,0.7976190476190477,0.3698630136986301,0.6301369863013699
0060024314.png,flou_gaussien,faible,106,95,0.41338582677165353,0.6792452830188679,0.47191011235955055,0.5280898876404494
0060024314.png,flou_gaussien,moyen,106,0,1.0,1.0,0.0,1.0
0060024314.png,flou_gaussien,fort,106,1,0.9973753280839895,1.0,0.0,1.0
0060024314.png,bruit_aleatoire,faible,106,98,0.4068241469816273,0.6320754716981132,0.5617977528089888,0.4382022471910112
0060024314.png,bruit_aleatoire,moyen,106,97,0.4146981627296588,0.6698113207547169,0.550561797752809,0.449438202247191
0060024314.png,bruit_aleatoire,fort,106,111,0.4461942257217848,0.7358490566037735,0.5393258426966292,0.4606741573033708
0060024314.png,rotation_legere,faible,106,98,0.3805774278215223,0.6132075471698113,0.5393258426966292,0.4606741573033708
0060024314.png,rotation_legere,moyen,106,91,0.3989501312335958,0.5943396226415094,0.550561797752809,0.449438202247191
0060024314.png,rotation_legere,fort,106,96,0.4330708661417323,0.6698113207547169,0.550561797752809,0.449438202247191
0060024314.png,faible_contraste,faible,106,102,0.35170603674540685,0.5660377358490566,0.6067415730337079,0.3932584269662921
0060024314.png,faible_contraste,moyen,106,94,0.35170603674540685,0.5377358490566038,0.6292134831460674,0.3707865168539326
0060024314.png,faible_contraste,fort,106,102,0.3530183727034121,0.5660377358490566,0.6179775280898876,0.3820224719101124
0060024314.png,compression_jpeg,faible,106,99,0.3805774278215223,0.5943396226415094,0.5617977528089888,0.4382022471910112
0060024314.png,compression_jpeg,moyen,106,97,0.4094488188976378,0.6226415094339622,0.550561797752809,0.449438202247191
0060024314.png,compression_jpeg,fort,106,94,0.42650918635170604,0.6886792452830188,0.4943820224719101,0.5056179775280899
0060024314.png,effet_scan_degrade,faible,106,103,0.41732283464566927,0.6792452830188679,0.5280898876404494,0.4719101123595506
0060024314.png,effet_scan_degrade,moyen,106,95,0.45144356955380577,0.7641509433962265,0.38202247191011235,0.6179775280898876
0060024314.png,effet_scan_degrade,fort,106,68,0.652230971128609,0.839622641509434,0.19101123595505617,0.8089887640449438
0060024314.png,distorsion_decalage,faible,106,86,0.3937007874015748,0.5471698113207547,0.5955056179775281,0.4044943820224719
0060024314.png,distorsion_decalage,moyen,106,96,0.40288713910761154,0.5566037735849056,0.6067415730337079,0.3932584269662921
0060024314.png,distorsion_decalage,fort,106,86,0.39501312335958005,0.5754716981132075,0.550561797752809,0.449438202247191
0060024314.png,ombres,faible,106,101,0.34908136482939633,0.5754716981132075,0.6292134831460674,0.3707865168539326
0060024314.png,ombres,moyen,106,33,0.7125984251968503,0.7735849056603774,0.2696629213483146,0.7303370786516854
0060024314.png,ombres,fort,106,24,0.8202099737532809,0.8867924528301887,0.1348314606741573,0.8651685393258427
0060025670.png,flou_gaussien,faible,46,39,0.3136645962732919,0.41304347826086957,0.627906976744186,0.37209302325581395
0060025670.png,flou_gaussien,moyen,46,0,1.0,1.0,0.0,1.0
0060025670.png,flou_gaussien,fort,46,0,1.0,1.0,0.0,1.0
0060025670.png,bruit_aleatoire,faible,46,47,0.2639751552795031,0.3695652173913043,0.8372093023255814,0.16279069767441856
0060025670.png,bruit_aleatoire,moyen,46,46,0.2826086956521739,0.34782608695652173,0.8372093023255814,0.16279069767441856
0060025670.png,bruit_aleatoire,fort,46,0,1.0,1.0,0.0,1.0
0060025670.png,rotation_legere,faible,46,46,0.2515527950310559,0.391304347826087,0.7209302325581395,0.2790697674418605
0060025670.png,rotation_legere,moyen,46,52,0.422360248447205,0.8478260869565217,0.3953488372093023,0.6046511627906976
0060025670.png,rotation_legere,fort,46,1,0.9937888198757764,1.0,0.0,1.0
0060025670.png,faible_contraste,faible,46,46,0.2360248447204969,0.30434782608695654,0.8372093023255814,0.16279069767441856
0060025670.png,faible_contraste,moyen,46,46,0.2329192546583851,0.32608695652173914,0.8372093023255814,0.16279069767441856
0060025670.png,faible_contraste,fort,46,46,0.2329192546583851,0.30434782608695654,0.813953488372093,0.18604651162790697
0060025670.png,compression_jpeg,faible,46,46,0.22981366459627328,0.30434782608695654,0.8604651162790697,0.13953488372093026
0060025670.png,compression_jpeg,moyen,46,47,0.40683229813664595,0.5434782608695652,0.7674418604651163,0.2325581395348837
0060025670.png,compression_jpeg,fort,46,45,0.2732919254658385,0.45652173913043476,0.6744186046511628,0.32558139534883723
0060025670.png,effet_scan_degrade,faible,46,44,0.2732919254658385,0.3695652173913043,0.7209302325581395,0.2790697674418605
0060025670.png,effet_scan_degrade,moyen,46,35,0.5590062111801242,0.6739130434782609,0.5116279069767442,0.4883720930232558
0060025670.png,effet_scan_degrade,fort,46,16,0.7422360248447205,0.9130434782608695,0.09302325581395349,0.9069767441860466
0060025670.png,distorsion_decalage,faible,46,46,0.2826086956521739,0.41304347826086957,0.7441860465116279,0.2558139534883721
0060025670.png,distorsion_decalage,moyen,46,48,0.39751552795031053,0.6086956521739131,0.6976744186046512,0.3023255813953488
0060025670.png,distorsion_decalage,fort,46,48,0.46273291925465837,0.5434782608695652,0.813953488372093,0.18604651162790697
0060025670.png,ombres,faible,46,46,0.2515527950310559,0.32608695652173914,0.8372093023255814,0.16279069767441856
0060025670.png,ombres,moyen,46,23,0.546583850931677,0.6521739130434783,0.37209302325581395,0.627906976744186
0060025670.png,ombres,fort,46,29,0.5279503105590062,0.5434782608695652,0.5116279069767442,0.4883720930232558
0060029036.png,flou_gaussien,faible,137,123,0.5758661887694145,0.7226277372262774,0.6637168141592921,0.33628318584070793
0060029036.png,flou_gaussien,moyen,137,12,0.9605734767025089,1.0,0.0,1.0
0060029036.png,flou_gaussien,fort,137,3,0.994026284348865,1.0,0.0,1.0
0060029036.png,bruit_aleatoire,faible,137,129,0.5722819593787336,0.6788321167883211,0.7610619469026548,0.23893805309734517
0060029036.png,bruit_aleatoire,moyen,137,127,0.5675029868578255,0.7153284671532847,0.7345132743362832,0.2654867256637168
0060029036.png,bruit_aleatoire,fort,137,134,0.5866188769414575,0.7153284671532847,0.7433628318584071,0.2566371681415929
0060029036.png,rotation_legere,faible,137,140,0.5985663082437276,0.708029197080292,0.7699115044247787,0.23008849557522126
0060029036.png,rotation_legere,moyen,137,131,0.5818399044205496,0.6934306569343066,0.7699115044247787,0.23008849557522126
0060029036.png,rotation_legere,fort,137,53,0.8124253285543608,0.9781021897810219,0.08849557522123894,0.911504424778761
0060029036.png,faible_contraste,faible,137,129,0.5710872162485066,0.6861313868613139,0.7522123893805309,0.24778761061946908
0060029036.png,faible_contraste,moyen,137,129,0.5734767025089605,0.6861313868613139,0.7522123893805309,0.24778761061946908
0060029036.png,faible_contraste,fort,137,129,0.5758661887694145,0.7153284671532847,0.7256637168141593,0.2743362831858407
0060029036.png,compression_jpeg,faible,137,132,0.5639187574671446,0.6496350364963503,0.8230088495575221,0.17699115044247793
0060029036.png,compression_jpeg,moyen,137,120,0.6248506571087217,0.708029197080292,0.7345132743362832,0.2654867256637168
0060029036.png,compression_jpeg,fort,137,122,0.6332138590203107,0.7299270072992701,0.6637168141592921,0.33628318584070793
0060029036.png,effet_scan_degrade,faible,137,112,0.5854241338112306,0.6861313868613139,0.6637168141592921,0.33628318584070793
0060029036.png,effet_scan_degrade,moyen,137,40,0.7741935483870968,0.8686131386861314,0.25663716814159293,0.7433628318584071
0060029036.png,effet_scan_degrade,fort,137,101,0.6726403823178017,0.8759124087591241,0.26548672566371684,0.7345132743362832
0060029036.png,distorsion_decalage,faible,137,129,0.5698924731182796,0.6788321167883211,0.7522123893805309,0.24778761061946908
0060029036.png,distorsion_decalage,moyen,137,130,0.6021505376344086,0.7007299270072993,0.7522123893805309,0.24778761061946908
0060029036.png,distorsion_decalage,fort,137,133,0.5651135005973715,0.656934306569343,0.7964601769911505,0.20353982300884954
0060029036.png,ombres,faible,137,133,0.5603345280764636,0.635036496350365,0.8230088495575221,0.17699115044247793
0060029036.png,ombres,moyen,137,131,0.5615292712066906,0.635036496350365,0.831858407079646,0.16814159292035402
0060029036.png,ombres,fort,137,62,0.7562724014336918,0.8467153284671532,0.37168141592920356,0.6283185840707964
0060036622.png,flou_gaussien,faible,150,93,0.4833729216152019,0.6666666666666666,0.5,0.5
0060036622.png,flou_gaussien,moyen,150,4,0.9845605700712589,1.0,0.0,1.0
0060036622.png,flou_gaussien,fort,150,0,1.0,1.0,0.0,1.0
0060036622.png,bruit_aleatoire,faible,150,126,0.2755344418052256,0.47333333333333333,0.6875,0.3125
0060036622.png,bruit_aleatoire,moyen,150,131,0.27909738717339666,0.5,0.6785714285714286,0.3214285714285714
0060036622.png,bruit_aleatoire,fort,150,174,0.46080760095011875,0.8666666666666667,0.5803571428571429,0.4196428571428571
0060036622.png,rotation_legere,faible,150,127,0.23040380047505937,0.47333333333333333,0.6785714285714286,0.3214285714285714
0060036622.png,rotation_legere,moyen,150,101,0.5570071258907363,0.7666666666666667,0.36607142857142855,0.6339285714285714
0060036622.png,rotation_legere,fort,150,134,0.29572446555819476,0.5866666666666667,0.5625,0.4375
0060036622.png,faible_contraste,faible,150,121,0.26009501187648454,0.44,0.7142857142857143,0.2857142857142857
0060036622.png,faible_contraste,moyen,150,123,0.26128266033254155,0.44666666666666666,0.7142857142857143,0.2857142857142857
0060036622.png,faible_contraste,fort,150,120,0.2505938242280285,0.44666666666666666,0.7142857142857143,0.2857142857142857
0060036622.png,compression_jpeg,faible,150,120,0.29572446555819476,0.47333333333333333,0.6607142857142857,0.3392857142857143
0060036622.png,compression_jpeg,moyen,150,123,0.30403800475059384,0.5066666666666667,0.6696428571428571,0.3303571428571429
0060036622.png,compression_jpeg,fort,150,132,0.26365795724465557,0.49333333333333335,0.6339285714285714,0.3660714285714286
0060036622.png,effet_scan_degrade,faible,150,129,0.26247030878859856,0.4666666666666667,0.7053571428571429,0.2946428571428571
0060036622.png,effet_scan_degrade,moyen,150,74,0.5700712589073634,0.7266666666666667,0.375,0.625
0060036622.png,effet_scan_degrade,fort,150,82,0.5688836104513064,0.7533333333333333,0.3392857142857143,0.6607142857142857
0060036622.png,distorsion_decalage,faible,150,131,0.23515439429928742,0.4666666666666667,0.6875,0.3125
0060036622.png,distorsion_decalage,moyen,150,133,0.23871733966745842,0.48,0.6875,0.3125
0060036622.png,distorsion_decalage,fort,150,130,0.22446555819477435,0.44,0.7142857142857143,0.2857142857142857
0060036622.png,ombres,faible,150,127,0.2589073634204275,0.46,0.7053571428571429,0.2946428571428571
0060036622.png,ombres,moyen,150,96,0.501187648456057,0.6333333333333333,0.5267857142857143,0.4732142857142857
0060036622.png,ombres,fort,150,32,0.832541567695962,0.8533333333333334,0.17857142857142858,0.8214285714285714
0060068489.png,flou_gaussien,faible,225,174,0.510958904109589,0.6,0.45549738219895286,0.5445026178010471
0060068489.png,flou_gaussien,moyen,225,0,1.0,1.0,0.0,1.0
0060068489.png,flou_gaussien,fort,225,0,1.0,1.0,0.0,1.0
0060068489.png,bruit_aleatoire,faible,225,225,0.5506849315068493,0.6311111111111111,0.6596858638743456,0.3403141361256544
0060068489.png,bruit_aleatoire,moyen,225,220,0.5068493150684932,0.5911111111111111,0.6701570680628273,0.32984293193717273
0060068489.png,bruit_aleatoire,fort,225,171,0.5260273972602739,0.5644444444444444,0.5706806282722513,0.4293193717277487
0060068489.png,rotation_legere,faible,225,212,0.5006849315068493,0.5733333333333334,0.675392670157068,0.32460732984293195
0060068489.png,rotation_legere,moyen,225,206,0.6061643835616438,0.7555555555555555,0.5287958115183246,0.47120418848167545
0060068489.png,rotation_legere,fort,225,214,0.5068493150684932,0.56,0.7015706806282722,0.2984293193717278
0060068489.png,faible_contraste,faible,225,220,0.5486301369863014,0.6088888888888889,0.6649214659685864,0.33507853403141363
0060068489.png,faible_contraste,moyen,225,221,0.5506849315068493,0.6133333333333333,0.6649214659685864,0.33507853403141363
0060068489.png,faible_contraste,fort,225,228,0.552054794520548,0.6311111111111111,0.680628272251309,0.31937172774869105
0060068489.png,compression_jpeg,faible,225,207,0.589041095890411,0.6888888888888889,0.6020942408376964,0.39790575916230364
0060068489.png,compression_jpeg,moyen,225,215,0.5568493150684931,0.6488888888888888,0.643979057591623,0.356020942408377
0060068489.png,compression_jpeg,fort,225,205,0.5452054794520548,0.6533333333333333,0.5497382198952879,0.4502617801047121
0060068489.png,effet_scan_degrade,faible,225,156,0.43904109589041096,0.5022222222222222,0.5287958115183246,0.47120418848167545
0060068489.png,effet_scan_degrade,moyen,225,174,0.6,0.6622222222222223,0.4816753926701571,0.5183246073298429
0060068489.png,effet_scan_degrade,fort,225,80,0.8280821917808219,0.9644444444444444,0.08376963350785341,0.9162303664921466
0060068489.png,distorsion_decalage,faible,225,200,0.4691780821917808,0.52,0.6649214659685864,0.33507853403141363
0060068489.png,distorsion_decalage,moyen,225,186,0.547945205479452,0.6311111111111111,0.5602094240837696,0.4397905759162304
0060068489.png,distorsion_decalage,fort,225,199,0.5150684931506849,0.5644444444444444,0.6387434554973822,0.3612565445026178
0060068489.png,ombres,faible,225,205,0.5924657534246576,0.6622222222222223,0.6492146596858639,0.3507853403141361
0060068489.png,ombres,moyen,225,207,0.5547945205479452,0.6488888888888888,0.5968586387434555,0.40314136125654454
0060068489.png,ombres,fort,225,148,0.44246575342465755,0.5111111111111111,0.4816753926701571,0.5183246073298429
0060077689.png,flou_gaussien,faible,202,41,0.8234797297297297,0.9257425742574258,0.10062893081761007,0.89937106918239
0060077689.png,flou_gaussien,moyen,202,11,0.9679054054054054,1.0,0.0,1.0
0060077689.png,flou_gaussien,fort,202,0,1.0,1.0,0.0,1.0
0060077689.png,bruit_aleatoire,faible,202,138,0.5971283783783784,0.8217821782178217,0.29559748427672955,0.7044025157232705
0060077689.png,bruit_aleatoire,moyen,202,115,0.6841216216216216,0.8366336633663366,0.27672955974842767,0.7232704402515724
0060077689.png,bruit_aleatoire,fort,202,118,0.7043918918918919,0.8811881188118812,0.2138364779874214,0.7861635220125787
0060077689.png,rotation_legere,faible,202,127,0.6621621621621622,0.8811881188118812,0.2641509433962264,0.7358490566037736
0060077689.png,rotation_legere,moyen,202,127,0.612331081081081,0.8168316831683168,0.3018867924528302,0.6981132075471699
0060077689.png,rotation_legere,fort,202,52,0.8150337837837838,0.9405940594059405,0.07547169811320754,0.9245283018867925
0060077689.png,faible_contraste,faible,202,146,0.6148648648648649,0.806930693069307,0.3710691823899371,0.628930817610063
0060077689.png,faible_contraste,moyen,202,143,0.6157094594594594,0.806930693069307,0.36477987421383645,0.6352201257861636
0060077689.png,faible_contraste,fort,202,135,0.6334459459459459,0.8366336633663366,0.3710691823899371,0.628930817610063
0060077689.png,compression_jpeg,faible,202,110,0.6621621621621622,0.8366336633663366,0.2578616352201258,0.7421383647798743
0060077689.png,compression_jpeg,moyen,202,112,0.65625,0.8465346534653465,0.2578616352201258,0.7421383647798743
0060077689.png,compression_jpeg,fort,202,108,0.6841216216216216,0.8663366336633663,0.1949685534591195,0.8050314465408805
0060077689.png,effet_scan_degrade,faible,202,98,0.731418918918919,0.9158415841584159,0.2138364779874214,0.7861635220125787
0060077689.png,effet_scan_degrade,moyen,202,29,0.8842905405405406,0.9603960396039604,0.050314465408805034,0.949685534591195
0060077689.png,effet_scan_degrade,fort,202,69,0.7795608108108109,0.9356435643564357,0.11949685534591195,0.8805031446540881
0060077689.png,distorsion_decalage,faible,202,114,0.6967905405405406,0.8811881188118812,0.2389937106918239,0.7610062893081762
0060077689.png,distorsion_decalage,moyen,202,122,0.7018581081081081,0.8762376237623762,0.22641509433962265,0.7735849056603774
0060077689.png,distorsion_decalage,fort,202,104,0.6849662162162162,0.8564356435643564,0.2389937106918239,0.7610062893081762
0060077689.png,ombres,faible,202,107,0.6756756756756757,0.8613861386138614,0.25157232704402516,0.7484276729559749
0060077689.png,ombres,moyen,202,102,0.6942567567567568,0.8564356435643564,0.2389937106918239,0.7610062893081762
0060077689.png,ombres,fort,202,55,0.839527027027027,0.9405940594059405,0.11949685534591195,0.8805031446540881
0060080406.png,flou_gaussien,faible,182,86,0.6619841966637401,0.7857142857142857,0.33116883116883117,0.6688311688311688
0060080406.png,flou_gaussien,moyen,182,0,1.0,1.0,0.0,1.0
0060080406.png,flou_gaussien,fort,182,0,1.0,1.0,0.0,1.0
0060080406.png,bruit_aleatoire,faible,182,141,0.5618964003511853,0.7032967032967034,0.5,0.5
0060080406.png,bruit_aleatoire,moyen,182,154,0.5943810359964882,0.7692307692307693,0.461038961038961,0.538961038961039
0060080406.png,bruit_aleatoire,fort,182,152,0.5443371378402108,0.7417582417582418,0.42857142857142855,0.5714285714285714
0060080406.png,rotation_legere,faible,182,156,0.5908691834942933,0.8076923076923077,0.43506493506493504,0.564935064935065
0060080406.png,rotation_legere,moyen,182,126,0.6022827041264267,0.7692307692307693,0.42207792207792205,0.577922077922078
0060080406.png,rotation_legere,fort,182,144,0.6119402985074627,0.7582417582417582,0.45454545454545453,0.5454545454545454
0060080406.png,faible_contraste,faible,182,151,0.5856014047410009,0.7417582417582418,0.487012987012987,0.512987012987013
0060080406.png,faible_contraste,moyen,182,153,0.5899912203687445,0.7307692307692307,0.5064935064935064,0.49350649350649356
0060080406.png,faible_contraste,fort,182,148,0.5715539947322212,0.7087912087912088,0.538961038961039,0.461038961038961
0060080406.png,compression_jpeg,faible,182,154,0.6215978928884986,0.7747252747252747,0.487012987012987,0.512987012987013
0060080406.png,compression_jpeg,moyen,182,144,0.5891132572431957,0.7637362637362637,0.44805194805194803,0.551948051948052
0060080406.png,compression_jpeg,fort,182,157,0.6681299385425812,0.8571428571428571,0.38311688311688313,0.6168831168831168
0060080406.png,effet_scan_degrade,faible,182,112,0.6084284460052678,0.7472527472527473,0.4090909090909091,0.5909090909090908
0060080406.png,effet_scan_degrade,moyen,182,106,0.6479367866549605,0.7747252747252747,0.3246753246753247,0.6753246753246753
0060080406.png,effet_scan_degrade,fort,182,69,0.7295873573309921,0.8241758241758241,0.17532467532467533,0.8246753246753247
0060080406.png,distorsion_decalage,faible,182,151,0.5873573309920983,0.7417582417582418,0.4935064935064935,0.5064935064935066
0060080406.png,distorsion_decalage,moyen,182,126,0.6540825285338016,0.8021978021978022,0.44805194805194803,0.551948051948052
0060080406.png,distorsion_decalage,fort,182,128,0.6988586479367866,0.8626373626373627,0.38311688311688313,0.6168831168831168
0060080406.png,ombres,faible,182,141,0.611062335381914,0.7802197802197802,0.5064935064935064,0.49350649350649356
0060080406.png,ombres,moyen,182,153,0.5873573309920983,0.7527472527472527,0.487012987012987,0.512987012987013
0060080406.png,ombres,fort,182,74,0.7682177348551361,0.8956043956043956,0.17532467532467533,0.8246753246753247
0060091229.png,flou_gaussien,faible,99,14,0.8349673202614379,0.9191919191919192,0.08235294117647059,0.9176470588235294
0060091229.png,flou_gaussien,moyen,99,19,0.9052287581699346,1.0,0.0,1.0
0060091229.png,flou_gaussien,fort,99,2,0.9934640522875817,1.0,0.0,1.0
0060091229.png,bruit_aleatoire,faible,99,98,0.12908496732026145,0.4444444444444444,0.6470588235294118,0.3529411764705882
0060091229.png,bruit_aleatoire,moyen,99,97,0.14869281045751634,0.43434343434343436,0.6705882352941176,0.3294117647058824
0060091229.png,bruit_aleatoire,fort,99,93,0.36764705882352944,0.6868686868686869,0.4235294117647059,0.5764705882352941
0060091229.png,rotation_legere,faible,99,65,0.5245098039215687,0.7373737373737373,0.3411764705882353,0.6588235294117647
0060091229.png,rotation_legere,moyen,99,84,0.23202614379084968,0.494949494949495,0.5882352941176471,0.4117647058823529
0060091229.png,rotation_legere,fort,99,70,0.42483660130718953,0.7272727272727273,0.3176470588235294,0.6823529411764706
0060091229.png,faible_contraste,faible,99,98,0.12418300653594772,0.42424242424242425,0.6705882352941176,0.3294117647058824
0060091229.png,faible_contraste,moyen,99,97,0.12581699346405228,0.4444444444444444,0.6352941176470588,0.3647058823529412
0060091229.png,faible_contraste,fort,99,96,0.19117647058823528,0.45454545454545453,0.6588235294117647,0.3411764705882353
0060091229.png,compression_jpeg,faible,99,95,0.119281045751634,0.42424242424242425,0.6352941176470588,0.3647058823529412
0060091229.png,compression_jpeg,moyen,99,91,0.1650326797385621,0.4444444444444444,0.611764705882353,0.388235294117647
0060091229.png,compression_jpeg,fort,99,87,0.20751633986928106,0.45454545454545453,0.611764705882353,0.388235294117647
0060091229.png,effet_scan_degrade,faible,99,80,0.22875816993464052,0.48484848484848486,0.5411764705882353,0.45882352941176474
0060091229.png,effet_scan_degrade,moyen,99,11,0.9199346405228758,0.9797979797979798,0.023529411764705882,0.9764705882352941
0060091229.png,effet_scan_degrade,fort,99,3,0.9689542483660131,1.0,0.0,1.0
0060091229.png,distorsion_decalage,faible,99,87,0.19934640522875818,0.3939393939393939,0.6588235294117647,0.3411764705882353
0060091229.png,distorsion_decalage,moyen,99,97,0.12908496732026145,0.37373737373737376,0.7058823529411765,0.2941176470588235
0060091229.png,distorsion_decalage,fort,99,92,0.13725490196078433,0.3939393939393939,0.6588235294117647,0.3411764705882353
0060091229.png,ombres,faible,99,98,0.12581699346405228,0.43434343434343436,0.6588235294117647,0.3411764705882353
0060091229.png,ombres,moyen,99,56,0.4673202614379085,0.6363636363636364,0.4470588235294118,0.5529411764705883
0060091229.png,ombres,fort,99,25,0.8529411764705882,0.898989898989899,0.12941176470588237,0.8705882352941177
0060094595.png,flou_gaussien,faible,139,1,0.9956331877729258,1.0,0.0,1.0
0060094595.png,flou_gaussien,moyen,139,0,1.0,1.0,0.0,1.0
0060094595.png,flou_gaussien,fort,139,0,1.0,1.0,0.0,1.0
0060094595.png,bruit_aleatoire,faible,139,123,0.8034934497816594,0.8705035971223022,0.44660194174757284,0.5533980582524272
0060094595.png,bruit_aleatoire,moyen,139,132,0.826783114992722,0.920863309352518,0.34951456310679613,0.6504854368932038
0060094595.png,bruit_aleatoire,fort,139,125,0.8064046579330422,0.9568345323741008,0.2912621359223301,0.7087378640776699
0060094595.png,rotation_legere,faible,139,121,0.8296943231441049,0.935251798561151,0.34951456310679613,0.6504854368932038
0060094595.png,rotation_legere,moyen,139,119,0.7787481804949054,0.8920863309352518,0.3786407766990291,0.6213592233009708
0060094595.png,rotation_legere,fort,139,0,1.0,1.0,0.0,1.0
0060094595.png,faible_contraste,faible,139,129,0.8122270742358079,0.9424460431654677,0.30097087378640774,0.6990291262135923
0060094595.png,faible_contraste,moyen,139,129,0.8136826783114993,0.9424460431654677,0.2912621359223301,0.7087378640776699
0060094595.png,faible_contraste,fort,139,128,0.8195050946142649,0.9568345323741008,0.27184466019417475,0.7281553398058253
0060094595.png,compression_jpeg,faible,139,134,0.8107714701601164,0.935251798561151,0.3786407766990291,0.6213592233009708
0060094595.png,compression_jpeg,moyen,139,120,0.7671033478893741,0.8992805755395683,0.3592233009708738,0.6407766990291262
0060094595.png,compression_jpeg,fort,139,126,0.8122270742358079,0.9496402877697842,0.23300970873786409,0.7669902912621359
0060094595.png,effet_scan_degrade,faible,139,67,0.6579330422125182,0.8705035971223022,0.33980582524271846,0.6601941747572815
0060094595.png,effet_scan_degrade,moyen,139,0,1.0,1.0,0.0,1.0
0060094595.png,effet_scan_degrade,fort,139,0,1.0,1.0,0.0,1.0
0060094595.png,distorsion_decalage,faible,139,127,0.7612809315866085,0.9064748201438849,0.42718446601941745,0.5728155339805825
0060094595.png,distorsion_decalage,moyen,139,127,0.7336244541484717,0.8776978417266187,0.4563106796116505,0.5436893203883495
0060094595.png,distorsion_decalage,fort,139,124,0.8180494905385735,0.8705035971223022,0.4368932038834951,0.5631067961165048
0060094595.png,ombres,faible,139,129,0.7743813682678311,0.8705035971223022,0.42718446601941745,0.5728155339805825
0060094595.png,ombres,moyen,139,84,0.826783114992722,0.8920863309352518,0.33980582524271846,0.6601941747572815
0060094595.png,ombres,fort,139,19,0.8966521106259098,0.9640287769784173,0.06796116504854369,0.9320388349514563
0060136394.png,flou_gaussien,faible,85,32,0.7899461400359067,0.8823529411764706,0.2,0.8
0060136394.png,flou_gaussien,moyen,85,12,0.9533213644524237,1.0,0.0,1.0
0060136394.png,flou_gaussien,fort,85,0,1.0,1.0,0.0,1.0
0060136394.png,bruit_aleatoire,faible,85,34,0.7217235188509874,0.8352941176470589,0.22666666666666666,0.7733333333333333
0060136394.png,bruit_aleatoire,moyen,85,47,0.7522441651705566,0.9176470588235294,0.24,0.76
0060136394.png,bruit_aleatoire,fort,85,36,0.7845601436265709,0.9294117647058824,0.17333333333333334,0.8266666666666667
0060136394.png,rotation_legere,faible,85,29,0.7432675044883303,0.8235294117647058,0.22666666666666666,0.7733333333333333
0060136394.png,rotation_legere,moyen,85,22,0.7863554757630161,0.8470588235294118,0.18666666666666668,0.8133333333333334
0060136394.png,rotation_legere,fort,85,0,1.0,1.0,0.0,1.0
0060136394.png,faible_contraste,faible,85,44,0.5763016157989228,0.7529411764705882,0.30666666666666664,0.6933333333333334
0060136394.png,faible_contraste,moyen,85,43,0.5745062836624776,0.7411764705882353,0.3333333333333333,0.6666666666666667
0060136394.png,faible_contraste,fort,85,45,0.5691202872531418,0.7411764705882353,0.32,0.6799999999999999
0060136394.png,compression_jpeg,faible,85,76,0.6714542190305206,0.9058823529411765,0.37333333333333335,0.6266666666666667
0060136394.png,compression_jpeg,moyen,85,43,0.7307001795332136,0.8705882352941177,0.24,0.76
0060136394.png,compression_jpeg,fort,85,42,0.6732495511669659,0.8,0.26666666666666666,0.7333333333333334
0060136394.png,effet_scan_degrade,faible,85,63,0.7199281867145422,0.8941176470588236,0.28,0.72
0060136394.png,effet_scan_degrade,moyen,85,37,0.7971274685816876,0.9176470588235294,0.12,0.88
0060136394.png,effet_scan_degrade,fort,85,39,0.8150807899461401,0.9058823529411765,0.12,0.88
0060136394.png,distorsion_decalage,faible,85,24,0.7737881508078994,0.8352941176470589,0.18666666666666668,0.8133333333333334
0060136394.png,distorsion_decalage,moyen,85,50,0.7145421903052065,0.9058823529411765,0.25333333333333335,0.7466666666666666
0060136394.png,distorsion_decalage,fort,85,38,0.7719928186714542,0.9176470588235294,0.16,0.84
0060136394.png,ombres,faible,85,31,0.7271095152603232,0.8235294117647058,0.22666666666666666,0.7733333333333333
0060136394.png,ombres,moyen,85,67,0.6786355475763016,0.8823529411764706,0.4,0.6
0060136394.png,ombres,fort,85,18,0.8061041292639138,0.8470588235294118,0.17333333333333334,0.8266666666666667
0060165115.png,flou_gaussien,faible,104,66,0.6362204724409449,0.8461538461538461,0.32608695652173914,0.6739130434782609
0060165115.png,flou_gaussien,moyen,104,17,0.9496062992125984,1.0,0.0,1.0
0060165115.png,flou_gaussien,fort,104,0,1.0,1.0,0.0,1.0
0060165115.png,bruit_aleatoire,faible,104,91,0.6598425196850394,0.8653846153846154,0.358695652173913,0.6413043478260869
0060165115.png,bruit_aleatoire,moyen,104,96,0.6173228346456693,0.8269230769230769,0.45652173913043476,0.5434782608695652
0060165115.png,bruit_aleatoire,fort,104,93,0.721259842519685,0.9230769230769231,0.41304347826086957,0.5869565217391304
0060165115.png,rotation_legere,faible,104,84,0.6425196850393701,0.8557692307692307,0.358695652173913,0.6413043478260869
0060165115.png,rotation_legere,moyen,104,86,0.6346456692913386,0.8365384615384616,0.42391304347826086,0.5760869565217391
0060165115.png,rotation_legere,fort,104,5,0.9622047244094488,1.0,0.0,1.0
0060165115.png,faible_contraste,faible,104,89,0.6724409448818898,0.8653846153846154,0.34782608695652173,0.6521739130434783
0060165115.png,faible_contraste,moyen,104,89,0.6661417322834645,0.8653846153846154,0.34782608695652173,0.6521739130434783
0060165115.png,faible_contraste,fort,104,89,0.6803149606299213,0.8653846153846154,0.358695652173913,0.6413043478260869
0060165115.png,compression_jpeg,faible,104,93,0.6409448818897637,0.8557692307692307,0.42391304347826086,0.5760869565217391
0060165115.png,compression_jpeg,moyen,104,81,0.6708661417322834,0.8173076923076923,0.40217391304347827,0.5978260869565217
0060165115.png,compression_jpeg,fort,104,74,0.647244094488189,0.8269230769230769,0.358695652173913,0.6413043478260869
0060165115.png,effet_scan_degrade,faible,104,70,0.6535433070866141,0.7980769230769231,0.41304347826086957,0.5869565217391304
0060165115.png,effet_scan_degrade,moyen,104,61,0.6677165354330709,0.8557692307692307,0.2608695652173913,0.7391304347826086
0060165115.png,effet_scan_degrade,fort,104,41,0.7480314960629921,0.9519230769230769,0.08695652173913043,0.9130434782608696
0060165115.png,distorsion_decalage,faible,104,89,0.6409448818897637,0.8557692307692307,0.34782608695652173,0.6521739130434783
0060165115.png,distorsion_decalage,moyen,104,78,0.6425196850393701,0.8557692307692307,0.34782608695652173,0.6521739130434783
0060165115.png,distorsion_decalage,fort,104,89,0.5858267716535434,0.7884615384615384,0.4673913043478261,0.5326086956521738
0060165115.png,ombres,faible,104,89,0.6724409448818898,0.8653846153846154,0.3695652173913043,0.6304347826086957
0060165115.png,ombres,moyen,104,33,0.7448818897637796,0.875,0.18478260869565216,0.8152173913043479
0060165115.png,ombres,fort,104,56,0.7559055118110236,0.8942307692307693,0.20652173913043478,0.7934782608695652
0060173256.png,flou_gaussien,faible,62,7,0.88558352402746,0.9193548387096774,0.15555555555555556,0.8444444444444444
0060173256.png,flou_gaussien,moyen,62,0,1.0,1.0,0.0,1.0
0060173256.png,flou_gaussien,fort,62,0,1.0,1.0,0.0,1.0
0060173256.png,bruit_aleatoire,faible,62,29,0.7917620137299771,0.9193548387096774,0.3333333333333333,0.6666666666666667
0060173256.png,bruit_aleatoire,moyen,62,22,0.7803203661327232,0.8870967741935484,0.26666666666666666,0.7333333333333334
0060173256.png,bruit_aleatoire,fort,62,27,0.7322654462242563,0.8870967741935484,0.24444444444444444,0.7555555555555555
0060173256.png,rotation_legere,faible,62,19,0.7917620137299771,0.9354838709677419,0.17777777777777778,0.8222222222222222
0060173256.png,rotation_legere,moyen,62,27,0.7665903890160183,0.9193548387096774,0.2222222222222222,0.7777777777777778
0060173256.png,rotation_legere,fort,62,24,0.7757437070938215,0.9354838709677419,0.2,0.8
0060173256.png,faible_contraste,faible,62,32,0.7917620137299771,0.9193548387096774,0.35555555555555557,0.6444444444444444
0060173256.png,faible_contraste,moyen,62,32,0.7940503432494279,0.9193548387096774,0.35555555555555557,0.6444444444444444
0060173256.png,faible_contraste,fort,62,32,0.7917620137299771,0.9193548387096774,0.35555555555555557,0.6444444444444444
0060173256.png,compression_jpeg,faible,62,29,0.7894736842105263,0.9193548387096774,0.3333333333333333,0.6666666666666667
0060173256.png,compression_jpeg,moyen,62,26,0.7459954233409611,0.8709677419354839,0.28888888888888886,0.7111111111111111
0060173256.png,compression_jpeg,fort,62,32,0.7482837528604119,0.8709677419354839,0.3333333333333333,0.6666666666666667
0060173256.png,effet_scan_degrade,faible,62,11,0.8398169336384439,0.9032258064516129,0.17777777777777778,0.8222222222222222
0060173256.png,effet_scan_degrade,moyen,62,7,0.88558352402746,0.9193548387096774,0.15555555555555556,0.8444444444444444
0060173256.png,effet_scan_degrade,fort,62,9,0.8649885583524027,0.9193548387096774,0.17777777777777778,0.8222222222222222
0060173256.png,distorsion_decalage,faible,62,17,0.782608695652174,0.9032258064516129,0.24444444444444444,0.7555555555555555
0060173256.png,distorsion_decalage,moyen,62,23,0.8009153318077803,0.9516129032258065,0.2222222222222222,0.7777777777777778
0060173256.png,distorsion_decalage,fort,62,25,0.8123569794050344,0.9516129032258065,0.2222222222222222,0.7777777777777778
0060173256.png,ombres,faible,62,32,0.7894736842105263,0.9193548387096774,0.35555555555555557,0.6444444444444444
0060173256.png,ombres,moyen,62,25,0.7940503432494279,0.9354838709677419,0.26666666666666666,0.7333333333333334
0060173256.png,ombres,fort,62,5,0.8878718535469108,0.9193548387096774,0.1111111111111111,0.8888888888888888
0060207528.png,flou_gaussien,faible,176,157,0.37047619047619046,0.5852272727272727,0.5328467153284672,0.46715328467153283
0060207528.png,flou_gaussien,moyen,176,51,0.9295238095238095,0.9943181818181818,0.0072992700729927005,0.9927007299270073
0060207528.png,flou_gaussien,fort,176,0,1.0,1.0,0.0,1.0
0060207528.png,bruit_aleatoire,faible,176,173,0.37333333333333335,0.5568181818181818,0.635036496350365,0.36496350364963503
0060207528.png,bruit_aleatoire,moyen,176,170,0.3961904761904762,0.5852272727272727,0.6131386861313869,0.3868613138686131
0060207528.png,bruit_aleatoire,fort,176,164,0.4180952380952381,0.7045454545454546,0.44525547445255476,0.5547445255474452
0060207528.png,rotation_legere,faible,176,163,0.3180952380952381,0.5113636363636364,0.6423357664233577,0.35766423357664234
0060207528.png,rotation_legere,moyen,176,175,0.42095238095238097,0.6590909090909091,0.5474452554744526,0.45255474452554745
0060207528.png,rotation_legere,fort,176,178,0.44476190476190475,0.7159090909090909,0.45255474452554745,0.5474452554744526
0060207528.png,faible_contraste,faible,176,170,0.3495238095238095,0.5397727272727273,0.6131386861313869,0.3868613138686131
0060207528.png,faible_contraste,moyen,176,171,0.38761904761904764,0.5681818181818182,0.6423357664233577,0.35766423357664234
0060207528.png,faible_contraste,fort,176,171,0.38761904761904764,0.5738636363636364,0.635036496350365,0.36496350364963503
0060207528.png,compression_jpeg,faible,176,170,0.36857142857142855,0.5511363636363636,0.6277372262773723,0.3722627737226277
0060207528.png,compression_jpeg,moyen,176,170,0.38476190476190475,0.5909090909090909,0.5985401459854015,0.4014598540145985
0060207528.png,compression_jpeg,fort,176,163,0.3780952380952381,0.6306818181818182,0.4744525547445255,0.5255474452554745
0060207528.png,effet_scan_degrade,faible,176,157,0.3780952380952381,0.5454545454545454,0.583941605839416,0.416058394160584
0060207528.png,effet_scan_degrade,moyen,176,142,0.42,0.6079545454545454,0.5036496350364964,0.4963503649635036
0060207528.png,effet_scan_degrade,fort,176,122,0.5904761904761905,0.8181818181818182,0.23357664233576642,0.7664233576642336
0060207528.png,distorsion_decalage,faible,176,169,0.3638095238095238,0.5397727272727273,0.6204379562043796,0.3795620437956204
0060207528.png,distorsion_decalage,moyen,176,173,0.5076190476190476,0.6818181818181818,0.5985401459854015,0.4014598540145985
0060207528.png,distorsion_decalage,fort,176,161,0.34476190476190477,0.5170454545454546,0.5985401459854015,0.4014598540145985
0060207528.png,ombres,faible,176,168,0.37523809523809526,0.5738636363636364,0.635036496350365,0.36496350364963503
0060207528.png,ombres,moyen,176,169,0.3523809523809524,0.5568181818181818,0.6058394160583942,0.3941605839416058
0060207528.png,ombres,fort,176,64,0.6276190476190476,0.75,0.35036496350364965,0.6496350364963503
0060214859.png,flou_gaussien,faible,133,86,0.5561877667140825,0.7518796992481203,0.3619047619047619,0.638095238095238
0060214859.png,flou_gaussien,moyen,133,0,1.0,1.0,0.0,1.0
0060214859.png,flou_gaussien,fort,133,0,1.0,1.0,0.0,1.0
0060214859.png,bruit_aleatoire,faible,133,104,0.4523470839260313,0.6842105263157895,0.5238095238095238,0.47619047619047616
0060214859.png,bruit_aleatoire,moyen,133,99,0.4423897581792319,0.6466165413533834,0.47619047619047616,0.5238095238095238
0060214859.png,bruit_aleatoire,fort,133,106,0.6657183499288762,0.8421052631578947,0.42857142857142855,0.5714285714285714
0060214859.png,rotation_legere,faible,133,93,0.7083926031294452,0.8947368421052632,0.49523809523809526,0.5047619047619047
0060214859.png,rotation_legere,moyen,133,60,0.701280227596017,0.8721804511278195,0.20952380952380953,0.7904761904761904
0060214859.png,rotation_legere,fort,133,114,0.49644381223328593,0.7293233082706767,0.4857142857142857,0.5142857142857142
0060214859.png,faible_contraste,faible,133,103,0.44523470839260315,0.6842105263157895,0.5047619047619047,0.49523809523809526
0060214859.png,faible_contraste,moyen,133,103,0.45092460881934565,0.6766917293233082,0.5047619047619047,0.49523809523809526
0060214859.png,faible_contraste,fort,133,103,0.4466571834992888,0.6842105263157895,0.5047619047619047,0.49523809523809526
0060214859.png,compression_jpeg,faible,133,108,0.3968705547652916,0.6466165413533834,0.49523809523809526,0.5047619047619047
0060214859.png,compression_jpeg,moyen,133,111,0.4310099573257468,0.6691729323308271,0.4857142857142857,0.5142857142857142
0060214859.png,compression_jpeg,fort,133,97,0.6870554765291608,0.8421052631578947,0.42857142857142855,0.5714285714285714
0060214859.png,effet_scan_degrade,faible,133,112,0.4722617354196302,0.6917293233082706,0.49523809523809526,0.5047619047619047
0060214859.png,effet_scan_degrade,moyen,133,53,0.7354196301564723,0.8872180451127819,0.2857142857142857,0.7142857142857143
0060214859.png,effet_scan_degrade,fort,133,45,0.7795163584637269,0.9022556390977443,0.17142857142857143,0.8285714285714285
0060214859.png,distorsion_decalage,faible,133,110,0.465149359886202,0.7218045112781954,0.5047619047619047,0.49523809523809526
0060214859.png,distorsion_decalage,moyen,133,103,0.41251778093883357,0.6466165413533834,0.5238095238095238,0.47619047619047616
0060214859.png,distorsion_decalage,fort,133,83,0.6130867709815079,0.8345864661654135,0.34285714285714286,0.6571428571428571
0060214859.png,ombres,faible,133,103,0.5049786628733998,0.706766917293233,0.5047619047619047,0.49523809523809526
0060214859.png,ombres,moyen,133,100,0.43812233285917496,0.6842105263157895,0.4380952380952381,0.5619047619047619
0060214859.png,ombres,fort,133,48,0.7240398293029872,0.849624060150376,0.21904761904761905,0.780952380952381
0060255888.png,flou_gaussien,faible,134,116,0.3353437876960193,0.5373134328358209,0.5192307692307693,0.4807692307692307
0060255888.png,flou_gaussien,moyen,134,0,1.0,1.0,0.0,1.0
0060255888.png,flou_gaussien,fort,134,0,1.0,1.0,0.0,1.0
0060255888.png,bruit_aleatoire,faible,134,122,0.30156815440289503,0.4925373134328358,0.7019230769230769,0.29807692307692313
0060255888.png,bruit_aleatoire,moyen,134,118,0.3088057901085645,0.5,0.6538461538461539,0.34615384615384615
0060255888.png,bruit_aleatoire,fort,134,134,0.39203860072376356,0.6865671641791045,0.5096153846153846,0.4903846153846154
0060255888.png,rotation_legere,faible,134,113,0.26537997587454765,0.47761194029850745,0.625,0.375
0060255888.png,rotation_legere,moyen,134,115,0.24969843184559712,0.5,0.625,0.375
0060255888.png,rotation_legere,fort,134,0,1.0,1.0,0.0,1.0
0060255888.png,faible_contraste,faible,134,117,0.293124246079614,0.47761194029850745,0.6634615384615384,0.33653846153846156
0060255888.png,faible_contraste,moyen,134,115,0.27261761158021713,0.44776119402985076,0.6826923076923077,0.3173076923076923
0060255888.png,faible_contraste,fort,134,115,0.27261761158021713,0.44776119402985076,0.6826923076923077,0.3173076923076923
0060255888.png,compression_jpeg,faible,134,119,0.29191797346200243,0.5074626865671642,0.6442307692307693,0.3557692307692307
0060255888.png,compression_jpeg,moyen,134,115,0.27141133896260555,0.4925373134328358,0.6153846153846154,0.3846153846153846
0060255888.png,compression_jpeg,fort,134,110,0.40651387213510254,0.6268656716417911,0.5192307692307693,0.4807692307692307
0060255888.png,effet_scan_degrade,faible,134,120,0.27864897466827504,0.4925373134328358,0.625,0.375
0060255888.png,effet_scan_degrade,moyen,134,109,0.36670687575392036,0.6044776119402985,0.5,0.5
0060255888.png,effet_scan_degrade,fort,134,38,0.7937273823884198,0.9253731343283582,0.10576923076923077,0.8942307692307693
0060255888.png,distorsion_decalage,faible,134,116,0.2955367913148372,0.47761194029850745,0.6634615384615384,0.33653846153846156
0060255888.png,distorsion_decalage,moyen,134,121,0.38600723763570566,0.6194029850746269,0.5673076923076923,0.4326923076923077
0060255888.png,distorsion_decalage,fort,134,112,0.2955367913148372,0.4925373134328358,0.6346153846153846,0.3653846153846154
0060255888.png,ombres,faible,134,115,0.2810615199034982,0.47761194029850745,0.6442307692307693,0.3557692307692307
0060255888.png,ombres,moyen,134,52,0.7273823884197829,0.835820895522388,0.28846153846153844,0.7115384615384616
0060255888.png,ombres,fort,134,72,0.5042219541616405,0.6268656716417911,0.46153846153846156,0.5384615384615384
0060262650.png,flou_gaussien,faible,225,153,0.6392487046632125,0.8088888888888889,0.3352601156069364,0.6647398843930636
0060262650.png,flou_gaussien,moyen,225,0,1.0,1.0,0.0,1.0
0060262650.png,flou_gaussien,fort,225,0,1.0,1.0,0.0,1.0
0060262650.png,bruit_aleatoire,faible,225,206,0.5272020725388601,0.6444444444444445,0.6473988439306358,0.35260115606936415
0060262650.png,bruit_aleatoire,moyen,225,198,0.5291450777202072,0.64,0.5606936416184971,0.4393063583815029
0060262650.png,bruit_aleatoire,fort,225,203,0.5472797927461139,0.7155555555555555,0.5433526011560693,0.4566473988439307
0060262650.png,rotation_legere,faible,225,213,0.5699481865284974,0.7377777777777778,0.5953757225433526,0.4046242774566474
0060262650.png,rotation_legere,moyen,225,199,0.5647668393782384,0.7777777777777778,0.4508670520231214,0.5491329479768786
0060262650.png,rotation_legere,fort,225,205,0.5576424870466321,0.72,0.5664739884393064,0.4335260115606936
0060262650.png,faible_contraste,faible,225,209,0.5155440414507773,0.6311111111111111,0.6473988439306358,0.35260115606936415
0060262650.png,faible_contraste,moyen,225,206,0.5168393782383419,0.6311111111111111,0.6416184971098265,0.35838150289017345
0060262650.png,faible_contraste,fort,225,207,0.5226683937823834,0.64,0.6358381502890174,0.36416184971098264
0060262650.png,compression_jpeg,faible,225,204,0.4948186528497409,0.6266666666666667,0.6416184971098265,0.35838150289017345
0060262650.png,compression_jpeg,moyen,225,208,0.5129533678756477,0.6622222222222223,0.5895953757225434,0.4104046242774566
0060262650.png,compression_jpeg,fort,225,211,0.5440414507772021,0.7022222222222222,0.6184971098265896,0.38150289017341044
0060262650.png,effet_scan_degrade,faible,225,178,0.5427461139896373,0.7022222222222222,0.5375722543352601,0.4624277456647399
0060262650.png,effet_scan_degrade,moyen,225,160,0.6405440414507773,0.7911111111111111,0.3930635838150289,0.6069364161849711
0060262650.png,effet_scan_degrade,fort,225,64,0.8231865284974094,0.92,0.10404624277456648,0.8959537572254335
0060262650.png,distorsion_decalage,faible,225,201,0.5161917098445595,0.6177777777777778,0.6069364161849711,0.3930635838150289
0060262650.png,distorsion_decalage,moyen,225,195,0.5213730569948186,0.72,0.49710982658959535,0.5028901734104047
0060262650.png,distorsion_decalage,fort,225,206,0.5395077720207254,0.68,0.5895953757225434,0.4104046242774566
0060262650.png,ombres,faible,225,211,0.5123056994818653,0.6222222222222222,0.6473988439306358,0.35260115606936415
0060262650.png,ombres,moyen,225,204,0.530440414507772,0.6266666666666667,0.6416184971098265,0.35838150289017345
0060262650.png,ombres,fort,225,80,0.7610103626943006,0.88,0.2543352601156069,0.7456647398843931
0060270727.png,flou_gaussien,faible,172,117,0.6098964326812428,0.8895348837209303,0.5045871559633027,0.4954128440366973
0060270727.png,flou_gaussien,moyen,172,0,1.0,1.0,0.0,1.0
0060270727.png,flou_gaussien,fort,172,0,1.0,1.0,0.0,1.0
0060270727.png,bruit_aleatoire,faible,172,110,0.6121979286536249,0.8662790697674418,0.6146788990825688,0.3853211009174312
0060270727.png,bruit_aleatoire,moyen,172,117,0.5857307249712314,0.8604651162790697,0.5779816513761468,0.42201834862385323
0060270727.png,bruit_aleatoire,fort,172,122,0.6064441887226697,0.8837209302325582,0.4954128440366973,0.5045871559633027
0060270727.png,rotation_legere,faible,172,116,0.5811277330264673,0.8662790697674418,0.6055045871559633,0.39449541284403666
0060270727.png,rotation_legere,moyen,172,120,0.5788262370540852,0.8081395348837209,0.5412844036697247,0.45871559633027525
0060270727.png,rotation_legere,fort,172,117,0.6605293440736478,0.8953488372093024,0.5504587155963303,0.4495412844036697
0060270727.png,faible_contraste,faible,172,116,0.5845799769850403,0.8488372093023255,0.6146788990825688,0.3853211009174312
0060270727.png,faible_contraste,moyen,172,115,0.5903337169159953,0.8546511627906976,0.5871559633027523,0.4128440366972477
0060270727.png,faible_contraste,fort,172,116,0.5903337169159953,0.8488372093023255,0.5963302752293578,0.4036697247706422
0060270727.png,compression_jpeg,faible,172,109,0.5983889528193326,0.8604651162790697,0.5871559633027523,0.4128440366972477
0060270727.png,compression_jpeg,moyen,172,112,0.57307249712313,0.8430232558139535,0.5688073394495413,0.4311926605504587
0060270727.png,compression_jpeg,fort,172,113,0.6110471806674338,0.8895348837209303,0.5137614678899083,0.4862385321100917
0060270727.png,effet_scan_degrade,faible,172,118,0.5903337169159953,0.8662790697674418,0.5963302752293578,0.4036697247706422
0060270727.png,effet_scan_degrade,moyen,172,120,0.6789413118527042,0.8953488372093024,0.5229357798165137,0.47706422018348627
0060270727.png,effet_scan_degrade,fort,172,112,0.7537399309551208,0.9476744186046512,0.25688073394495414,0.7431192660550459
0060270727.png,distorsion_decalage,faible,172,117,0.5845799769850403,0.8662790697674418,0.5963302752293578,0.4036697247706422
0060270727.png,distorsion_decalage,moyen,172,114,0.619102416570771,0.8662790697674418,0.5871559633027523,0.4128440366972477
0060270727.png,distorsion_decalage,fort,172,113,0.5857307249712314,0.8604651162790697,0.5871559633027523,0.4128440366972477
0060270727.png,ombres,faible,172,116,0.5799769850402762,0.8662790697674418,0.6055045871559633,0.39449541284403666
0060270727.png,ombres,moyen,172,116,0.5857307249712314,0.8604651162790697,0.5779816513761468,0.42201834862385323
0060270727.png,ombres,fort,172,55,0.6823935558112774,0.9011627906976745,0.27522935779816515,0.7247706422018348
0060302201.png,flou_gaussien,faible,168,150,0.3163992869875223,0.6130952380952381,0.4666666666666667,0.5333333333333333
0060302201.png,flou_gaussien,moyen,168,50,0.9001782531194296,1.0,0.008333333333333333,0.9916666666666667
0060302201.png,flou_gaussien,fort,168,0,1.0,1.0,0.0,1.0
0060302201.png,bruit_aleatoire,faible,168,170,0.24688057040998218,0.5178571428571429,0.6416666666666667,0.3583333333333333
0060302201.png,bruit_aleatoire,moyen,168,179,0.29233511586452765,0.6130952380952381,0.6166666666666667,0.3833333333333333
0060302201.png,bruit_aleatoire,fort,168,163,0.4295900178253119,0.8154761904761905,0.4083333333333333,0.5916666666666667
0060302201.png,rotation_legere,faible,168,177,0.30124777183600715,0.5714285714285714,0.625,0.375
0060302201.png,rotation_legere,moyen,168,167,0.40106951871657753,0.7142857142857143,0.44166666666666665,0.5583333333333333
0060302201.png,rotation_legere,fort,168,15,0.9349376114081996,0.9702380952380952,0.041666666666666664,0.9583333333333334
0060302201.png,faible_contraste,faible,168,175,0.20766488413547238,0.5119047619047619,0.6583333333333333,0.3416666666666667
0060302201.png,faible_contraste,moyen,168,177,0.2415329768270945,0.5416666666666666,0.6583333333333333,0.3416666666666667
0060302201.png,faible_contraste,fort,168,172,0.21657754010695188,0.5119047619047619,0.6416666666666667,0.3583333333333333
0060302201.png,compression_jpeg,faible,168,180,0.34759358288770054,0.6845238095238095,0.6583333333333333,0.3416666666666667
0060302201.png,compression_jpeg,moyen,168,179,0.3324420677361854,0.6904761904761905,0.55,0.44999999999999996
0060302201.png,compression_jpeg,fort,168,176,0.3627450980392157,0.7797619047619048,0.4,0.6
0060302201.png,effet_scan_degrade,faible,168,172,0.26024955436720143,0.5892857142857143,0.5833333333333334,0.41666666666666663
0060302201.png,effet_scan_degrade,moyen,168,144,0.3360071301247772,0.6607142857142857,0.425,0.575
0060302201.png,effet_scan_degrade,fort,168,113,0.5953654188948306,0.875,0.14166666666666666,0.8583333333333334
0060302201.png,distorsion_decalage,faible,168,183,0.26827094474153296,0.5773809523809523,0.6416666666666667,0.3583333333333333
0060302201.png,distorsion_decalage,moyen,168,181,0.27629233511586454,0.5952380952380952,0.6083333333333333,0.3916666666666667
0060302201.png,distorsion_decalage,fort,168,161,0.28431372549019607,0.5595238095238095,0.5833333333333334,0.41666666666666663
0060302201.png,ombres,faible,168,177,0.3502673796791444,0.6488095238095238,0.5833333333333334,0.41666666666666663
0060302201.png,ombres,moyen,168,87,0.571301247771836,0.6904761904761905,0.35,0.65
0060302201.png,ombres,fort,168,75,0.7754010695187166,0.9047619047619048,0.19166666666666668,0.8083333333333333
0060308251.png,flou_gaussien,faible,46,29,0.6519823788546255,0.8913043478260869,0.21212121212121213,0.7878787878787878
0060308251.png,flou_gaussien,moyen,46,4,0.9691629955947136,1.0,0.0,1.0
0060308251.png,flou_gaussien,fort,46,1,1.0,1.0,0.0,1.0
0060308251.png,bruit_aleatoire,faible,46,32,0.6211453744493393,0.8695652173913043,0.24242424242424243,0.7575757575757576
0060308251.png,bruit_aleatoire,moyen,46,34,0.6431718061674009,0.9130434782608695,0.21212121212121213,0.7878787878787878
0060308251.png,bruit_aleatoire,fort,46,0,1.0,1.0,0.0,1.0
0060308251.png,rotation_legere,faible,46,25,0.6519823788546255,0.8695652173913043,0.21212121212121213,0.7878787878787878
0060308251.png,rotation_legere,moyen,46,36,0.6387665198237885,0.9347826086956522,0.21212121212121213,0.7878787878787878
0060308251.png,rotation_legere,fort,46,42,0.6960352422907489,0.9347826086956522,0.30303030303030304,0.696969696969697
0060308251.png,faible_contraste,faible,46,33,0.6828193832599119,0.8695652173913043,0.24242424242424243,0.7575757575757576
0060308251.png,faible_contraste,moyen,46,33,0.6828193832599119,0.8695652173913043,0.24242424242424243,0.7575757575757576
0060308251.png,faible_contraste,fort,46,39,0.5594713656387665,0.8043478260869565,0.48484848484848486,0.5151515151515151
0060308251.png,compression_jpeg,faible,46,35,0.6563876651982379,0.9130434782608695,0.21212121212121213,0.7878787878787878
0060308251.png,compression_jpeg,moyen,46,31,0.6696035242290749,0.8913043478260869,0.24242424242424243,0.7575757575757576
0060308251.png,compression_jpeg,fort,46,37,0.6872246696035242,0.9130434782608695,0.2727272727272727,0.7272727272727273
0060308251.png,effet_scan_degrade,faible,46,32,0.6299559471365639,0.8260869565217391,0.2727272727272727,0.7272727272727273
0060308251.png,effet_scan_degrade,moyen,46,32,0.6475770925110133,0.8695652173913043,0.21212121212121213,0.7878787878787878
0060308251.png,effet_scan_degrade,fort,46,22,0.7841409691629956,1.0,0.0,1.0
0060308251.png,distorsion_decalage,faible,46,31,0.6079295154185022,0.8043478260869565,0.2727272727272727,0.7272727272727273
0060308251.png,distorsion_decalage,moyen,46,30,0.6431718061674009,0.8913043478260869,0.24242424242424243,0.7575757575757576
0060308251.png,distorsion_decalage,fort,46,38,0.6079295154185022,0.782608695652174,0.36363636363636365,0.6363636363636364
0060308251.png,ombres,faible,46,34,0.6343612334801763,0.8478260869565217,0.2727272727272727,0.7272727272727273
0060308251.png,ombres,moyen,46,12,0.7797356828193832,1.0,0.030303030303030304,0.9696969696969697
0060308251.png,ombres,fort,46,2,0.9251101321585903,1.0,0.0,1.0
0060308461.png,flou_gaussien,faible,153,100,0.6118279569892473,0.8562091503267973,0.4260869565217391,0.5739130434782609
0060308461.png,flou_gaussien,moyen,153,28,0.9526881720430107,1.0,0.008695652173913044,0.991304347826087
0060308461.png,flou_gaussien,fort,153,0,1.0,1.0,0.0,1.0
0060308461.png,bruit_aleatoire,faible,153,124,0.624731182795699,0.9019607843137255,0.5652173913043478,0.4347826086956522
0060308461.png,bruit_aleatoire,moyen,153,119,0.5419354838709678,0.8431372549019608,0.6173913043478261,0.3826086956521739
0060308461.png,bruit_aleatoire,fort,153,120,0.5709677419354838,0.869281045751634,0.48695652173913045,0.5130434782608695
0060308461.png,rotation_legere,faible,153,124,0.6731182795698925,0.8954248366013072,0.5217391304347826,0.4782608695652174
0060308461.png,rotation_legere,moyen,153,122,0.5645161290322581,0.8431372549019608,0.5391304347826087,0.4608695652173913
0060308461.png,rotation_legere,fort,153,116,0.5849462365591398,0.8627450980392157,0.591304347826087,0.408695652173913
0060308461.png,faible_contraste,faible,153,119,0.5978494623655914,0.8888888888888888,0.6086956521739131,0.3913043478260869
0060308461.png,faible_contraste,moyen,153,117,0.5956989247311828,0.8823529411764706,0.6086956521739131,0.3913043478260869
0060308461.png,faible_contraste,fort,153,114,0.589247311827957,0.8758169934640523,0.6,0.4
0060308461.png,compression_jpeg,faible,153,121,0.5645161290322581,0.8496732026143791,0.5739130434782609,0.4260869565217391
0060308461.png,compression_jpeg,moyen,153,125,0.5946236559139785,0.869281045751634,0.6173913043478261,0.3826086956521739
0060308461.png,compression_jpeg,fort,153,132,0.646236559139785,0.934640522875817,0.5217391304347826,0.4782608695652174
0060308461.png,effet_scan_degrade,faible,153,126,0.6268817204301075,0.9150326797385621,0.5217391304347826,0.4782608695652174
0060308461.png,effet_scan_degrade,moyen,153,106,0.589247311827957,0.8431372549019608,0.4260869565217391,0.5739130434782609
0060308461.png,effet_scan_degrade,fort,153,73,0.7774193548387097,0.9084967320261438,0.2608695652173913,0.7391304347826086
0060308461.png,distorsion_decalage,faible,153,125,0.5838709677419355,0.8496732026143791,0.6086956521739131,0.3913043478260869
0060308461.png,distorsion_decalage,moyen,153,127,0.5989247311827957,0.8758169934640523,0.5739130434782609,0.4260869565217391
0060308461.png,distorsion_decalage,fort,153,116,0.543010752688172,0.869281045751634,0.4956521739130435,0.5043478260869565
0060308461.png,ombres,faible,153,129,0.5978494623655914,0.8758169934640523,0.6434782608695652,0.35652173913043483
0060308461.png,ombres,moyen,153,42,0.7172043010752688,0.9215686274509803,0.1391304347826087,0.8608695652173913
0060308461.png,ombres,fort,153,47,0.6430107526881721,0.869281045751634,0.23478260869565218,0.7652173913043478
0071032790.png,flou_gaussien,faible,79,86,0.4498977505112474,0.620253164556962,0.7230769230769231,0.27692307692307694
0071032790.png,flou_gaussien,moyen,79,37,0.8466257668711656,1.0,0.0,1.0
0071032790.png,flou_gaussien,fort,79,0,1.0,1.0,0.0,1.0
0071032790.png,bruit_aleatoire,faible,79,83,0.6257668711656442,0.6962025316455697,0.8769230769230769,0.12307692307692308
0071032790.png,bruit_aleatoire,moyen,79,88,0.4171779141104294,0.569620253164557,0.7692307692307693,0.23076923076923073
0071032790.png,bruit_aleatoire,fort,79,89,0.4335378323108384,0.6329113924050633,0.6923076923076923,0.3076923076923077
0071032790.png,rotation_legere,faible,79,87,0.43558282208588955,0.620253164556962,0.7692307692307693,0.23076923076923073
0071032790.png,rotation_legere,moyen,79,84,0.6298568507157464,0.8227848101265823,0.6307692307692307,0.36923076923076925
0071032790.png,rotation_legere,fort,79,87,0.621676891615542,0.9367088607594937,0.5692307692307692,0.4307692307692308
0071032790.png,faible_contraste,faible,79,86,0.4560327198364008,0.5822784810126582,0.7846153846153846,0.2153846153846154
0071032790.png,faible_contraste,moyen,79,85,0.4621676891615542,0.569620253164557,0.7538461538461538,0.24615384615384617
0071032790.png,faible_contraste,fort,79,88,0.5644171779141104,0.6582278481012658,0.8615384615384616,0.1384615384615384
0071032790.png,compression_jpeg,faible,79,84,0.6298568507157464,0.7215189873417721,0.8615384615384616,0.1384615384615384
0071032790.png,compression_jpeg,moyen,79,84,0.44171779141104295,0.5569620253164557,0.7076923076923077,0.29230769230769227
0071032790.png,compression_jpeg,fort,79,83,0.4621676891615542,0.6708860759493671,0.5692307692307692,0.4307692307692308
0071032790.png,effet_scan_degrade,faible,79,86,0.5787321063394683,0.6582278481012658,0.8615384615384616,0.1384615384615384
0071032790.png,effet_scan_degrade,moyen,79,80,0.5787321063394683,0.6455696202531646,0.7230769230769231,0.27692307692307694
0071032790.png,effet_scan_degrade,fort,79,63,0.5460122699386503,0.6835443037974683,0.4461538461538462,0.5538461538461539
0071032790.png,distorsion_decalage,faible,79,82,0.5644171779141104,0.620253164556962,0.8461538461538461,0.15384615384615385
0071032790.png,distorsion_decalage,moyen,79,89,0.3946830265848671,0.5949367088607594,0.7846153846153846,0.2153846153846154
0071032790.png,distorsion_decalage,fort,79,91,0.4703476482617587,0.620253164556962,0.7538461538461538,0.24615384615384617
0071032790.png,ombres,faible,79,90,0.4110429447852761,0.5443037974683544,0.8307692307692308,0.16923076923076918
0071032790.png,ombres,moyen,79,24,0.7157464212678937,0.810126582278481,0.23076923076923078,0.7692307692307692
0071032790.png,ombres,fort,79,21,0.721881390593047,0.8227848101265823,0.2,0.8
0071032807.png,flou_gaussien,faible,68,65,0.3185840707964602,0.5441176470588235,0.6065573770491803,0.39344262295081966
0071032807.png,flou_gaussien,moyen,68,3,0.9889380530973452,1.0,0.0,1.0
0071032807.png,flou_gaussien,fort,68,0,1.0,1.0,0.0,1.0
0071032807.png,bruit_aleatoire,faible,68,74,0.26548672566371684,0.47058823529411764,0.7704918032786885,0.2295081967213115
0071032807.png,bruit_aleatoire,moyen,68,69,0.22123893805309736,0.38235294117647056,0.7704918032786885,0.2295081967213115
0071032807.png,bruit_aleatoire,fort,68,62,0.25442477876106195,0.36764705882352944,0.7540983606557377,0.24590163934426235
0071032807.png,rotation_legere,faible,68,63,0.22787610619469026,0.39705882352941174,0.6885245901639344,0.3114754098360656
0071032807.png,rotation_legere,moyen,68,64,0.5597345132743363,0.8382352941176471,0.4262295081967213,0.5737704918032787
0071032807.png,rotation_legere,fort,68,63,0.46017699115044247,0.6470588235294118,0.6229508196721312,0.3770491803278688
0071032807.png,faible_contraste,faible,68,70,0.26548672566371684,0.45588235294117646,0.7213114754098361,0.2786885245901639
0071032807.png,faible_contraste,moyen,68,69,0.24336283185840707,0.4264705882352941,0.7540983606557377,0.24590163934426235
0071032807.png,faible_contraste,fort,68,71,0.252212389380531,0.4264705882352941,0.7704918032786885,0.2295081967213115
0071032807.png,compression_jpeg,faible,68,66,0.26548672566371684,0.4411764705882353,0.7377049180327869,0.2622950819672131
0071032807.png,compression_jpeg,moyen,68,73,0.2942477876106195,0.5147058823529411,0.7213114754098361,0.2786885245901639
0071032807.png,compression_jpeg,fort,68,77,0.3185840707964602,0.6029411764705882,0.6721311475409836,0.3278688524590164
0071032807.png,effet_scan_degrade,faible,68,60,0.27876106194690264,0.4852941176470588,0.6065573770491803,0.39344262295081966
0071032807.png,effet_scan_degrade,moyen,68,31,0.6106194690265486,0.6911764705882353,0.36065573770491804,0.639344262295082
0071032807.png,effet_scan_degrade,fort,68,28,0.7256637168141593,0.8823529411764706,0.13114754098360656,0.8688524590163934
0071032807.png,distorsion_decalage,faible,68,75,0.26991150442477874,0.4852941176470588,0.7049180327868853,0.29508196721311475
0071032807.png,distorsion_decalage,moyen,68,59,0.3584070796460177,0.5,0.6721311475409836,0.3278688524590164
0071032807.png,distorsion_decalage,fort,68,62,0.25442477876106195,0.4411764705882353,0.6557377049180327,0.34426229508196726
0071032807.png,ombres,faible,68,68,0.25442477876106195,0.4264705882352941,0.7213114754098361,0.2786885245901639
0071032807.png,ombres,moyen,68,59,0.22787610619469026,0.35294117647058826,0.7049180327868853,0.29508196721311475
0071032807.png,ombres,fort,68,35,0.5243362831858407,0.7058823529411765,0.39344262295081966,0.6065573770491803
00836244.png,flou_gaussien,faible,181,14,0.9239583333333333,0.9558011049723757,0.05405405405405406,0.9459459459459459
00836244.png,flou_gaussien,moyen,181,19,0.9520833333333333,1.0,0.0,1.0
00836244.png,flou_gaussien,fort,181,14,0.9604166666666667,0.9779005524861878,0.02702702702702703,0.972972972972973
00836244.png,bruit_aleatoire,faible,181,125,0.6791666666666667,0.8232044198895028,0.2635135135135135,0.7364864864864865
00836244.png,bruit_aleatoire,moyen,181,99,0.6697916666666667,0.8232044198895028,0.22972972972972974,0.7702702702702703
00836244.png,bruit_aleatoire,fort,181,110,0.6083333333333333,0.8232044198895028,0.21621621621621623,0.7837837837837838
00836244.png,rotation_legere,faible,181,134,0.6614583333333334,0.8342541436464088,0.2635135135135135,0.7364864864864865
00836244.png,rotation_legere,moyen,181,62,0.8239583333333333,0.9558011049723757,0.10135135135135136,0.8986486486486487
00836244.png,rotation_legere,fort,181,134,0.6729166666666667,0.8674033149171271,0.22297297297297297,0.777027027027027
00836244.png,faible_contraste,faible,181,117,0.6770833333333334,0.8287292817679558,0.25,0.75
00836244.png,faible_contraste,moyen,181,120,0.6854166666666667,0.8397790055248618,0.23648648648648649,0.7635135135135135
00836244.png,faible_contraste,fort,181,121,0.6822916666666666,0.8342541436464088,0.24324324324324326,0.7567567567567568
00836244.png,compression_jpeg,faible,181,127,0.6864583333333333,0.8232044198895028,0.25675675675675674,0.7432432432432432
00836244.png,compression_jpeg,moyen,181,143,0.696875,0.861878453038674,0.27702702702702703,0.722972972972973
00836244.png,compression_jpeg,fort,181,132,0.6947916666666667,0.8674033149171271,0.23648648648648649,0.7635135135135135
00836244.png,effet_scan_degrade,faible,181,41,0.8125,0.8895027624309392,0.13513513513513514,0.8648648648648649
00836244.png,effet_scan_degrade,moyen,181,19,0.909375,0.9447513812154696,0.060810810810810814,0.9391891891891891
00836244.png,effet_scan_degrade,fort,181,1,0.9927083333333333,1.0,0.0,1.0
00836244.png,distorsion_decalage,faible,181,99,0.6197916666666666,0.7900552486187845,0.28378378378378377,0.7162162162162162
00836244.png,distorsion_decalage,moyen,181,128,0.6989583333333333,0.861878453038674,0.2635135135135135,0.7364864864864865
00836244.png,distorsion_decalage,fort,181,111,0.6760416666666667,0.8176795580110497,0.23648648648648649,0.7635135135135135
00836244.png,ombres,faible,181,120,0.7052083333333333,0.8397790055248618,0.25675675675675674,0.7432432432432432
00836244.png,ombres,moyen,181,112,0.640625,0.8121546961325967,0.2972972972972973,0.7027027027027026
00836244.png,ombres,fort,181,41,0.8125,0.8839779005524862,0.14864864864864866,0.8513513513513513
00836816.png,flou_gaussien,faible,175,53,0.7653359298928919,0.8514285714285714,0.17692307692307693,0.823076923076923
00836816.png,flou_gaussien,moyen,175,15,0.9591041869522883,1.0,0.0,1.0
00836816.png,flou_gaussien,fort,175,0,1.0,1.0,0.0,1.0
00836816.png,bruit_aleatoire,faible,175,127,0.305744888023369,0.4514285714285714,0.5307692307692308,0.46923076923076923
00836816.png,bruit_aleatoire,moyen,175,130,0.29600778967867575,0.44571428571428573,0.5615384615384615,0.43846153846153846
00836816.png,bruit_aleatoire,fort,175,152,0.28334956183057447,0.5314285714285715,0.5076923076923077,0.49230769230769234
00836816.png,rotation_legere,faible,175,130,0.2872444011684518,0.44,0.5538461538461539,0.4461538461538461
00836816.png,rotation_legere,moyen,175,127,0.32035053554040893,0.46285714285714286,0.5384615384615384,0.46153846153846156
00836816.png,rotation_legere,fort,175,124,0.436222005842259,0.7542857142857143,0.27692307692307694,0.7230769230769231
00836816.png,faible_contraste,faible,175,127,0.2804284323271665,0.4342857142857143,0.5461538461538461,0.4538461538461539
00836816.png,faible_contraste,moyen,175,127,0.27848101265822783,0.42857142857142855,0.5461538461538461,0.4538461538461539
00836816.png,faible_contraste,fort,175,126,0.27848101265822783,0.4228571428571429,0.5615384615384615,0.43846153846153846
00836816.png,compression_jpeg,faible,175,132,0.2804284323271665,0.42857142857142855,0.5692307692307692,0.4307692307692308
00836816.png,compression_jpeg,moyen,175,123,0.29503407984420643,0.48,0.5230769230769231,0.4769230769230769
00836816.png,compression_jpeg,fort,175,132,0.32035053554040893,0.6228571428571429,0.4076923076923077,0.5923076923076923
00836816.png,effet_scan_degrade,faible,175,110,0.45472249269717624,0.6057142857142858,0.4461538461538462,0.5538461538461539
00836816.png,effet_scan_degrade,moyen,175,41,0.8266796494644596,0.9028571428571428,0.09230769230769231,0.9076923076923077
00836816.png,effet_scan_degrade,fort,175,16,0.9367088607594937,0.9885714285714285,0.015384615384615385,0.9846153846153847
00836816.png,distorsion_decalage,faible,175,127,0.3008763388510224,0.4514285714285714,0.5384615384615384,0.46153846153846156
00836816.png,distorsion_decalage,moyen,175,86,0.688412852969815,0.7714285714285715,0.34615384615384615,0.6538461538461539
00836816.png,distorsion_decalage,fort,175,132,0.45472249269717624,0.6171428571428571,0.49230769230769234,0.5076923076923077
00836816.png,ombres,faible,175,128,0.28529698149951316,0.4228571428571429,0.5615384615384615,0.43846153846153846
00836816.png,ombres,moyen,175,50,0.7273612463485881,0.7942857142857143,0.25384615384615383,0.7461538461538462
00836816.png,ombres,fort,175,25,0.8636806231742941,0.9085714285714286,0.12307692307692308,0.8769230769230769
00837285.png,flou_gaussien,faible,223,121,0.639686684073107,0.6367713004484304,0.4573170731707317,0.5426829268292683
00837285.png,flou_gaussien,moyen,223,10,0.9830287206266318,1.0,0.0,1.0
00837285.png,flou_gaussien,fort,223,0,1.0,1.0,0.0,1.0
00837285.png,bruit_aleatoire,faible,223,211,0.5580939947780679,0.6322869955156951,0.49390243902439024,0.5060975609756098
00837285.png,bruit_aleatoire,moyen,223,196,0.5365535248041775,0.6098654708520179,0.4817073170731707,0.5182926829268293
00837285.png,bruit_aleatoire,fort,223,244,0.5607049608355091,0.7443946188340808,0.4146341463414634,0.5853658536585367
00837285.png,rotation_legere,faible,223,233,0.5326370757180157,0.6591928251121076,0.47560975609756095,0.524390243902439
00837285.png,rotation_legere,moyen,223,195,0.5737597911227154,0.7174887892376681,0.3719512195121951,0.6280487804878049
00837285.png,rotation_legere,fort,223,157,0.7186684073107049,0.9327354260089686,0.17073170731707318,0.8292682926829268
00837285.png,faible_contraste,faible,223,223,0.5345953002610966,0.6188340807174888,0.49390243902439024,0.5060975609756098
00837285.png,faible_contraste,moyen,223,224,0.5306788511749347,0.6233183856502242,0.4878048780487805,0.5121951219512195
00837285.png,faible_contraste,fort,223,222,0.5319843342036553,0.6143497757847534,0.49390243902439024,0.5060975609756098
00837285.png,compression_jpeg,faible,223,205,0.5345953002610966,0.6188340807174888,0.4878048780487805,0.5121951219512195
00837285.png,compression_jpeg,moyen,223,212,0.597911227154047,0.6547085201793722,0.5,0.5
00837285.png,compression_jpeg,fort,223,234,0.5359007832898173,0.6412556053811659,0.49390243902439024,0.5060975609756098
00837285.png,effet_scan_degrade,faible,223,111,0.6018276762402088,0.5964125560538116,0.47560975609756095,0.524390243902439
00837285.png,effet_scan_degrade,moyen,223,111,0.606396866840731,0.57847533632287,0.4634146341463415,0.5365853658536586
00837285.png,effet_scan_degrade,fort,223,79,0.7467362924281984,0.7802690582959642,0.25,0.75
00837285.png,distorsion_decalage,faible,223,230,0.5359007832898173,0.6322869955156951,0.5,0.5
00837285.png,distorsion_decalage,moyen,223,237,0.6109660574412533,0.7309417040358744,0.4695121951219512,0.5304878048780488
00837285.png,distorsion_decalage,fort,223,213,0.589425587467363,0.6681614349775785,0.4878048780487805,0.5121951219512195
00837285.png,ombres,faible,223,187,0.5274151436031331,0.5739910313901345,0.4878048780487805,0.5121951219512195
00837285.png,ombres,moyen,223,219,0.5228459530026109,0.6098654708520179,0.4878048780487805,0.5121951219512195
00837285.png,ombres,fort,223,109,0.6240208877284595,0.6681614349775785,0.3780487804878049,0.6219512195121951
00838511_00838525.png,flou_gaussien,faible,61,28,0.581453634085213,0.5737704918032787,0.42592592592592593,0.5740740740740741
00838511_00838525.png,flou_gaussien,moyen,61,0,1.0,1.0,0.0,1.0
00838511_00838525.png,flou_gaussien,fort,61,0,1.0,1.0,0.0,1.0
00838511_00838525.png,bruit_aleatoire,faible,61,41,0.39097744360902253,0.45901639344262296,0.5555555555555556,0.4444444444444444
00838511_00838525.png,bruit_aleatoire,moyen,61,40,0.43859649122807015,0.4918032786885246,0.5555555555555556,0.4444444444444444
00838511_00838525.png,bruit_aleatoire,fort,61,61,0.6015037593984962,0.7868852459016393,0.35185185185185186,0.6481481481481481
00838511_00838525.png,rotation_legere,faible,61,51,0.43859649122807015,0.6885245901639344,0.3888888888888889,0.6111111111111112
00838511_00838525.png,rotation_legere,moyen,61,50,0.46616541353383456,0.7213114754098361,0.37037037037037035,0.6296296296296297
00838511_00838525.png,rotation_legere,fort,61,0,1.0,1.0,0.0,1.0
00838511_00838525.png,faible_contraste,faible,61,41,0.39598997493734334,0.45901639344262296,0.5555555555555556,0.4444444444444444
00838511_00838525.png,faible_contraste,moyen,61,41,0.39348370927318294,0.47540983606557374,0.5370370370370371,0.4629629629629629
00838511_00838525.png,faible_contraste,fort,61,41,0.39348370927318294,0.45901639344262296,0.5555555555555556,0.4444444444444444
00838511_00838525.png,compression_jpeg,faible,61,42,0.44110275689223055,0.5081967213114754,0.5370370370370371,0.4629629629629629
00838511_00838525.png,compression_jpeg,moyen,61,41,0.46616541353383456,0.5245901639344263,0.5185185185185185,0.4814814814814815
00838511_00838525.png,compression_jpeg,fort,61,45,0.5864661654135338,0.7377049180327869,0.4074074074074074,0.5925925925925926
00838511_00838525.png,effet_scan_degrade,faible,61,37,0.42857142857142855,0.5573770491803278,0.46296296296296297,0.537037037037037
00838511_00838525.png,effet_scan_degrade,moyen,61,24,0.6441102756892231,0.6557377049180327,0.3333333333333333,0.6666666666666667
00838511_00838525.png,effet_scan_degrade,fort,61,12,0.8596491228070176,0.9344262295081968,0.07407407407407407,0.9259259259259259
00838511_00838525.png,distorsion_decalage,faible,61,43,0.38596491228070173,0.47540983606557374,0.5555555555555556,0.4444444444444444
00838511_00838525.png,distorsion_decalage,moyen,61,39,0.43859649122807015,0.5409836065573771,0.46296296296296297,0.537037037037037
00838511_00838525.png,distorsion_decalage,fort,61,51,0.6716791979949874,0.8360655737704918,0.46296296296296297,0.537037037037037
00838511_00838525.png,ombres,faible,61,41,0.39097744360902253,0.45901639344262296,0.5555555555555556,0.4444444444444444
00838511_00838525.png,ombres,moyen,61,29,0.706766917293233,0.8032786885245902,0.2777777777777778,0.7222222222222222
00838511_00838525.png,ombres,fort,61,12,0.8521303258145363,0.9016393442622951,0.1111111111111111,0.8888888888888888
00851772_1780.png,flou_gaussien,faible,109,27,0.7737931034482759,0.7889908256880734,0.22826086956521738,0.7717391304347826
00851772_1780.png,flou_gaussien,moyen,109,0,1.0,1.0,0.0,1.0
00851772_1780.png,flou_gaussien,fort,109,0,1.0,1.0,0.0,1.0
00851772_1780.png,bruit_aleatoire,faible,109,92,0.5117241379310344,0.6422018348623854,0.532608695652174,0.46739130434782605
00851772_1780.png,bruit_aleatoire,moyen,109,95,0.5227586206896552,0.6880733944954128,0.5,0.5
00851772_1780.png,bruit_aleatoire,fort,109,99,0.5241379310344828,0.7339449541284404,0.42391304347826086,0.5760869565217391
00851772_1780.png,rotation_legere,faible,109,77,0.6910344827586207,0.8807339449541285,0.21739130434782608,0.782608695652174
00851772_1780.png,rotation_legere,moyen,109,98,0.5351724137931034,0.7064220183486238,0.4673913043478261,0.5326086956521738
00851772_1780.png,rotation_legere,fort,109,94,0.5186206896551724,0.6972477064220184,0.4782608695652174,0.5217391304347826
00851772_1780.png,faible_contraste,faible,109,92,0.5075862068965518,0.6330275229357798,0.5760869565217391,0.42391304347826086
00851772_1780.png,faible_contraste,moyen,109,92,0.5172413793103449,0.6605504587155964,0.5543478260869565,0.44565217391304346
00851772_1780.png,faible_contraste,fort,109,92,0.5144827586206897,0.6605504587155964,0.5652173913043478,0.4347826086956522
00851772_1780.png,compression_jpeg,faible,109,60,0.7572413793103449,0.8899082568807339,0.17391304347826086,0.8260869565217391
00851772_1780.png,compression_jpeg,moyen,109,98,0.496551724137931,0.6605504587155964,0.4782608695652174,0.5217391304347826
00851772_1780.png,compression_jpeg,fort,109,77,0.5531034482758621,0.7155963302752294,0.3695652173913043,0.6304347826086957
00851772_1780.png,effet_scan_degrade,faible,109,49,0.5710344827586207,0.6880733944954128,0.32608695652173914,0.6739130434782609
00851772_1780.png,effet_scan_degrade,moyen,109,29,0.7268965517241379,0.8073394495412844,0.1956521739130435,0.8043478260869565
00851772_1780.png,effet_scan_degrade,fort,109,29,0.8,0.926605504587156,0.09782608695652174,0.9021739130434783
00851772_1780.png,distorsion_decalage,faible,109,87,0.4993103448275862,0.6238532110091743,0.4782608695652174,0.5217391304347826
00851772_1780.png,distorsion_decalage,moyen,109,74,0.646896551724138,0.8715596330275229,0.2391304347826087,0.7608695652173914
00851772_1780.png,distorsion_decalage,fort,109,67,0.5489655172413793,0.6972477064220184,0.3695652173913043,0.6304347826086957
00851772_1780.png,ombres,faible,109,89,0.5131034482758621,0.6422018348623854,0.5217391304347826,0.4782608695652174
00851772_1780.png,ombres,moyen,109,32,0.84,0.8807339449541285,0.20652173913043478,0.7934782608695652
00851772_1780.png,ombres,fort,109,33,0.8151724137931035,0.8899082568807339,0.18478260869565216,0.8152173913043479
00851879.png,flou_gaussien,faible,139,142,0.7278989667049368,0.9136690647482014,0.7946428571428571,0.2053571428571429
00851879.png,flou_gaussien,moyen,139,48,0.8564867967853043,0.9928057553956835,0.017857142857142856,0.9821428571428571
00851879.png,flou_gaussien,fort,139,0,1.0,1.0,0.0,1.0
00851879.png,bruit_aleatoire,faible,139,147,0.7359357060849598,0.9064748201438849,0.8392857142857143,0.1607142857142857
00851879.png,bruit_aleatoire,moyen,139,141,0.7428243398392652,0.9064748201438849,0.8392857142857143,0.1607142857142857
00851879.png,bruit_aleatoire,fort,139,150,0.7634902411021814,0.9712230215827338,0.7410714285714286,0.2589285714285714
00851879.png,rotation_legere,faible,139,146,0.7233065442020666,0.9064748201438849,0.7678571428571429,0.2321428571428571
00851879.png,rotation_legere,moyen,139,142,0.7152698048220436,0.8992805755395683,0.75,0.25
00851879.png,rotation_legere,fort,139,92,0.7347876004592423,0.8776978417266187,0.5,0.5
00851879.png,faible_contraste,faible,139,140,0.7416762342135477,0.8848920863309353,0.8303571428571429,0.1696428571428571
00851879.png,faible_contraste,moyen,139,140,0.7428243398392652,0.8920863309352518,0.8214285714285714,0.1785714285714286
00851879.png,faible_contraste,fort,139,140,0.7439724454649828,0.8920863309352518,0.8303571428571429,0.1696428571428571
00851879.png,compression_jpeg,faible,139,140,0.7405281285878301,0.8992805755395683,0.8392857142857143,0.1607142857142857
00851879.png,compression_jpeg,moyen,139,140,0.730195177956372,0.8705035971223022,0.8303571428571429,0.1696428571428571
00851879.png,compression_jpeg,fort,139,148,0.7244546498277842,0.9280575539568345,0.7767857142857143,0.2232142857142857
00851879.png,effet_scan_degrade,faible,139,141,0.722158438576349,0.8848920863309353,0.7767857142857143,0.2232142857142857
00851879.png,effet_scan_degrade,moyen,139,136,0.6980482204362801,0.8776978417266187,0.7767857142857143,0.2232142857142857
00851879.png,effet_scan_degrade,fort,139,103,0.6486796785304249,0.7913669064748201,0.5178571428571429,0.4821428571428571
00851879.png,distorsion_decalage,faible,139,149,0.7278989667049368,0.8920863309352518,0.8125,0.1875
00851879.png,distorsion_decalage,moyen,139,138,0.756601607347876,0.9280575539568345,0.7589285714285714,0.2410714285714286
00851879.png,distorsion_decalage,fort,139,140,0.7738231917336394,0.9856115107913669,0.6517857142857143,0.3482142857142857
00851879.png,ombres,faible,139,141,0.7428243398392652,0.8920863309352518,0.8214285714285714,0.1785714285714286
00851879.png,ombres,moyen,139,83,0.695752009184845,0.841726618705036,0.48214285714285715,0.5178571428571428
00851879.png,ombres,fort,139,81,0.7256027554535017,0.8561151079136691,0.4642857142857143,0.5357142857142857
00860012_00860014.png,flou_gaussien,faible,194,105,0.6599063962558502,0.7525773195876289,0.2469879518072289,0.7530120481927711
00860012_00860014.png,flou_gaussien,moyen,194,7,0.9804992199687987,1.0,0.0,1.0
00860012_00860014.png,flou_gaussien,fort,194,0,1.0,1.0,0.0,1.0
00860012_00860014.png,bruit_aleatoire,faible,194,179,0.6622464898595943,0.7938144329896907,0.4578313253012048,0.5421686746987953
00860012_00860014.png,bruit_aleatoire,moyen,194,185,0.6536661466458659,0.7628865979381443,0.4939759036144578,0.5060240963855422
00860012_00860014.png,bruit_aleatoire,fort,194,168,0.6505460218408736,0.7835051546391752,0.43373493975903615,0.5662650602409638
00860012_00860014.png,rotation_legere,faible,194,170,0.6528861154446178,0.7731958762886598,0.5120481927710844,0.4879518072289156
00860012_00860014.png,rotation_legere,moyen,194,146,0.7550702028081123,0.8762886597938144,0.3192771084337349,0.6807228915662651
00860012_00860014.png,rotation_legere,fort,194,39,0.8798751950078003,0.9536082474226805,0.060240963855421686,0.9397590361445783
00860012_00860014.png,faible_contraste,faible,194,178,0.6544461778471139,0.7731958762886598,0.46987951807228917,0.5301204819277108
00860012_00860014.png,faible_contraste,moyen,194,178,0.6497659906396256,0.7628865979381443,0.4879518072289157,0.5120481927710843
00860012_00860014.png,faible_contraste,fort,194,179,0.6536661466458659,0.7731958762886598,0.463855421686747,0.536144578313253
00860012_00860014.png,compression_jpeg,faible,194,187,0.6599063962558502,0.7938144329896907,0.42168674698795183,0.5783132530120482
00860012_00860014.png,compression_jpeg,moyen,194,180,0.6505460218408736,0.788659793814433,0.42168674698795183,0.5783132530120482
00860012_00860014.png,compression_jpeg,fort,194,167,0.6443057722308893,0.788659793814433,0.3795180722891566,0.6204819277108433
00860012_00860014.png,effet_scan_degrade,faible,194,103,0.6489859594383776,0.7525773195876289,0.2891566265060241,0.7108433734939759
00860012_00860014.png,effet_scan_degrade,moyen,194,62,0.7542901716068643,0.8247422680412371,0.1746987951807229,0.8253012048192772
00860012_00860014.png,effet_scan_degrade,fort,194,0,1.0,1.0,0.0,1.0
00860012_00860014.png,distorsion_decalage,faible,194,164,0.5834633385335414,0.7216494845360825,0.4939759036144578,0.5060240963855422
00860012_00860014.png,distorsion_decalage,moyen,194,145,0.6365054602184087,0.7474226804123711,0.40963855421686746,0.5903614457831325
00860012_00860014.png,distorsion_decalage,fort,194,164,0.6622464898595943,0.8041237113402062,0.37349397590361444,0.6265060240963856
00860012_00860014.png,ombres,faible,194,175,0.624804992199688,0.7474226804123711,0.4879518072289157,0.5120481927710843
00860012_00860014.png,ombres,moyen,194,169,0.6060842433697348,0.7577319587628866,0.4819277108433735,0.5180722891566265
00860012_00860014.png,ombres,fort,194,84,0.6864274570982839,0.7731958762886598,0.24096385542168675,0.7590361445783133
00865872.png,flou_gaussien,faible,137,87,0.4916387959866221,0.49635036496350365,0.5363636363636364,0.4636363636363636
00865872.png,flou_gaussien,moyen,137,5,0.9888517279821628,1.0,0.0,1.0
00865872.png,flou_gaussien,fort,137,0,1.0,1.0,0.0,1.0
00865872.png,bruit_aleatoire,faible,137,75,0.5117056856187291,0.5255474452554745,0.5,0.5
00865872.png,bruit_aleatoire,moyen,137,113,0.46153846153846156,0.5255474452554745,0.6454545454545455,0.3545454545454545
00865872.png,bruit_aleatoire,fort,137,144,0.5083612040133779,0.7007299270072993,0.6,0.4
00865872.png,rotation_legere,faible,137,112,0.36454849498327757,0.44525547445255476,0.6090909090909091,0.3909090909090909
00865872.png,rotation_legere,moyen,137,112,0.3779264214046823,0.41605839416058393,0.6454545454545455,0.3545454545454545
00865872.png,rotation_legere,fort,137,121,0.7558528428093646,0.8978102189781022,0.6090909090909091,0.3909090909090909
00865872.png,faible_contraste,faible,137,67,0.5785953177257525,0.5985401459854015,0.45454545454545453,0.5454545454545454
00865872.png,faible_contraste,moyen,137,68,0.5830546265328874,0.6058394160583942,0.45454545454545453,0.5454545454545454
00865872.png,faible_contraste,fort,137,67,0.5797101449275363,0.5985401459854015,0.45454545454545453,0.5454545454545454
00865872.png,compression_jpeg,faible,137,83,0.5317725752508361,0.5912408759124088,0.5272727272727272,0.4727272727272728
00865872.png,compression_jpeg,moyen,137,110,0.39018952062430323,0.45255474452554745,0.6090909090909091,0.3909090909090909
00865872.png,compression_jpeg,fort,137,114,0.391304347826087,0.5255474452554745,0.5545454545454546,0.44545454545454544
00865872.png,effet_scan_degrade,faible,137,100,0.42920847268673357,0.41605839416058393,0.6181818181818182,0.38181818181818183
00865872.png,effet_scan_degrade,moyen,137,77,0.5440356744704571,0.5985401459854015,0.4636363636363636,0.5363636363636364
00865872.png,effet_scan_degrade,fort,137,78,0.5674470457079153,0.7007299270072993,0.32727272727272727,0.6727272727272727
00865872.png,distorsion_decalage,faible,137,110,0.38461538461538464,0.41605839416058393,0.6545454545454545,0.34545454545454546
00865872.png,distorsion_decalage,moyen,137,108,0.36454849498327757,0.40875912408759124,0.6363636363636364,0.36363636363636365
00865872.png,distorsion_decalage,fort,137,114,0.39464882943143814,0.45255474452554745,0.6454545454545455,0.3545454545454545
00865872.png,ombres,faible,137,106,0.37235228539576365,0.40875912408759124,0.6545454545454545,0.34545454545454546
00865872.png,ombres,moyen,137,107,0.3801560758082497,0.40875912408759124,0.6454545454545455,0.3545454545454545
00865872.png,ombres,fort,137,47,0.8294314381270903,0.8978102189781022,0.23636363636363636,0.7636363636363637
00866042.png,flou_gaussien,faible,193,77,0.7135416666666666,0.7927461139896373,0.17791411042944785,0.8220858895705522
00866042.png,flou_gaussien,moyen,193,4,0.9910714285714286,1.0,0.0,1.0
00866042.png,flou_gaussien,fort,193,0,1.0,1.0,0.0,1.0
00866042.png,bruit_aleatoire,faible,193,185,0.6755952380952381,0.7927461139896373,0.49079754601226994,0.50920245398773
00866042.png,bruit_aleatoire,moyen,193,183,0.6495535714285714,0.7616580310880829,0.5521472392638037,0.4478527607361963
00866042.png,bruit_aleatoire,fort,193,164,0.6569940476190477,0.7927461139896373,0.4171779141104294,0.5828220858895705
00866042.png,rotation_legere,faible,193,151,0.6495535714285714,0.7512953367875648,0.4049079754601227,0.5950920245398773
00866042.png,rotation_legere,moyen,193,98,0.7708333333333334,0.9326424870466321,0.15337423312883436,0.8466257668711656
00866042.png,rotation_legere,fort,193,0,1.0,1.0,0.0,1.0
00866042.png,faible_contraste,faible,193,181,0.6555059523809523,0.7564766839378239,0.5950920245398773,0.4049079754601227
00866042.png,faible_contraste,moyen,193,182,0.6495535714285714,0.772020725388601,0.5766871165644172,0.4233128834355828
00866042.png,faible_contraste,fort,193,184,0.6413690476190477,0.7668393782383419,0.558282208588957,0.44171779141104295
00866042.png,compression_jpeg,faible,193,185,0.6525297619047619,0.7875647668393783,0.49079754601226994,0.50920245398773
00866042.png,compression_jpeg,moyen,193,177,0.671875,0.7979274611398963,0.50920245398773,0.49079754601227
00866042.png,compression_jpeg,fort,193,184,0.6830357142857143,0.8134715025906736,0.43558282208588955,0.5644171779141105
00866042.png,effet_scan_degrade,faible,193,145,0.6361607142857143,0.7305699481865285,0.36809815950920244,0.6319018404907976
00866042.png,effet_scan_degrade,moyen,193,63,0.7522321428571429,0.7979274611398963,0.15950920245398773,0.8404907975460123
00866042.png,effet_scan_degrade,fort,193,47,0.7991071428571429,0.8290155440414507,0.1411042944785276,0.8588957055214724
00866042.png,distorsion_decalage,faible,193,145,0.5900297619047619,0.7305699481865285,0.48466257668711654,0.5153374233128835
00866042.png,distorsion_decalage,moyen,193,176,0.6569940476190477,0.772020725388601,0.50920245398773,0.49079754601227
00866042.png,distorsion_decalage,fort,193,98,0.7492559523809523,0.9326424870466321,0.13496932515337423,0.8650306748466258
00866042.png,ombres,faible,193,184,0.6651785714285714,0.7927461139896373,0.4662576687116564,0.5337423312883436
00866042.png,ombres,moyen,193,185,0.6473214285714286,0.7772020725388601,0.5214723926380368,0.4785276073619632
00866042.png,ombres,fort,193,71,0.7566964285714286,0.8704663212435233,0.1656441717791411,0.834355828220859
00920222.png,flou_gaussien,faible,178,79,0.6857976653696498,0.8595505617977528,0.2097902097902098,0.7902097902097902
00920222.png,flou_gaussien,moyen,178,3,0.9902723735408561,1.0,0.0,1.0
00920222.png,flou_gaussien,fort,178,8,0.9824902723735408,1.0,0.0,1.0
00920222.png,bruit_aleatoire,faible,178,150,0.42412451361867703,0.601123595505618,0.6643356643356644,0.3356643356643356
00920222.png,bruit_aleatoire,moyen,178,150,0.42509727626459143,0.5898876404494382,0.6643356643356644,0.3356643356643356
00920222.png,bruit_aleatoire,fort,178,138,0.41245136186770426,0.5561797752808989,0.6153846153846154,0.3846153846153846
00920222.png,rotation_legere,faible,178,159,0.42217898832684825,0.5730337078651685,0.7132867132867133,0.28671328671328666
00920222.png,rotation_legere,moyen,178,158,0.43093385214007784,0.6348314606741573,0.6083916083916084,0.39160839160839156
00920222.png,rotation_legere,fort,178,72,0.669260700389105,0.8033707865168539,0.3006993006993007,0.6993006993006994
00920222.png,faible_contraste,faible,178,152,0.3852140077821012,0.550561797752809,0.6853146853146853,0.3146853146853147
00920222.png,faible_contraste,moyen,178,152,0.3852140077821012,0.5561797752808989,0.6783216783216783,0.32167832167832167
00920222.png,faible_contraste,fort,178,152,0.3861867704280156,0.5561797752808989,0.6783216783216783,0.32167832167832167
00920222.png,compression_jpeg,faible,178,158,0.4357976653696498,0.5955056179775281,0.6643356643356644,0.3356643356643356
00920222.png,compression_jpeg,moyen,178,147,0.4474708171206226,0.5955056179775281,0.6573426573426573,0.3426573426573427
00920222.png,compression_jpeg,fort,178,150,0.4785992217898833,0.6797752808988764,0.5804195804195804,0.4195804195804196
00920222.png,effet_scan_degrade,faible,178,47,0.7412451361867705,0.8146067415730337,0.24475524475524477,0.7552447552447552
00920222.png,effet_scan_degrade,moyen,178,37,0.830739299610895,0.9213483146067416,0.13986013986013987,0.8601398601398601
00920222.png,effet_scan_degrade,fort,178,13,0.9562256809338522,0.9775280898876404,0.027972027972027972,0.972027972027972
00920222.png,distorsion_decalage,faible,178,152,0.5038910505836576,0.6685393258426966,0.6503496503496503,0.3496503496503497
00920222.png,distorsion_decalage,moyen,178,105,0.5865758754863813,0.7247191011235955,0.48951048951048953,0.5104895104895104
00920222.png,distorsion_decalage,fort,178,142,0.5428015564202334,0.6966292134831461,0.6573426573426573,0.3426573426573427
00920222.png,ombres,faible,178,151,0.4056420233463035,0.5730337078651685,0.6783216783216783,0.32167832167832167
00920222.png,ombres,moyen,178,133,0.5622568093385214,0.6797752808988764,0.6153846153846154,0.3846153846153846
00920222.png,ombres,fort,178,40,0.8326848249027238,0.898876404494382,0.15384615384615385,0.8461538461538461
00920294.png,flou_gaussien,faible,92,69,0.6365461847389559,0.8695652173913043,0.4024390243902439,0.5975609756097561
00920294.png,flou_gaussien,moyen,92,0,1.0,1.0,0.0,1.0
00920294.png,flou_gaussien,fort,92,1,0.9939759036144579,1.0,0.0,1.0
00920294.png,bruit_aleatoire,faible,92,72,0.6927710843373494,0.8913043478260869,0.5487804878048781,0.4512195121951219
00920294.png,bruit_aleatoire,moyen,92,60,0.678714859437751,0.8260869565217391,0.4268292682926829,0.5731707317073171
00920294.png,bruit_aleatoire,fort,92,57,0.7550200803212851,0.8695652173913043,0.32926829268292684,0.6707317073170731
00920294.png,rotation_legere,faible,92,68,0.6746987951807228,0.8804347826086957,0.5,0.5
00920294.png,rotation_legere,moyen,92,50,0.6827309236947792,0.7934782608695652,0.34146341463414637,0.6585365853658536
00920294.png,rotation_legere,fort,92,45,0.7088353413654619,0.8586956521739131,0.2804878048780488,0.7195121951219512
00920294.png,faible_contraste,faible,92,69,0.6646586345381527,0.8586956521739131,0.5365853658536586,0.46341463414634143
00920294.png,faible_contraste,moyen,92,70,0.6546184738955824,0.8152173913043478,0.573170731707317,0.426829268292683
00920294.png,faible_contraste,fort,92,69,0.6465863453815262,0.8478260869565217,0.5487804878048781,0.4512195121951219
00920294.png,compression_jpeg,faible,92,75,0.6867469879518072,0.8804347826086957,0.573170731707317,0.426829268292683
00920294.png,compression_jpeg,moyen,92,60,0.678714859437751,0.8043478260869565,0.43902439024390244,0.5609756097560976
00920294.png,compression_jpeg,fort,92,64,0.6907630522088354,0.9239130434782609,0.43902439024390244,0.5609756097560976
00920294.png,effet_scan_degrade,faible,92,42,0.6566265060240963,0.782608695652174,0.32926829268292684,0.6707317073170731
00920294.png,effet_scan_degrade,moyen,92,51,0.6967871485943775,0.8478260869565217,0.25609756097560976,0.7439024390243902
00920294.png,effet_scan_degrade,fort,92,30,0.7971887550200804,0.9347826086956522,0.08536585365853659,0.9146341463414634
00920294.png,distorsion_decalage,faible,92,49,0.6947791164658634,0.8260869565217391,0.32926829268292684,0.6707317073170731
00920294.png,distorsion_decalage,moyen,92,50,0.6907630522088354,0.8478260869565217,0.34146341463414637,0.6585365853658536
00920294.png,distorsion_decalage,fort,92,66,0.6506024096385542,0.8369565217391305,0.5121951219512195,0.4878048780487805
00920294.png,ombres,faible,92,55,0.6767068273092369,0.7934782608695652,0.3902439024390244,0.6097560975609756
00920294.png,ombres,moyen,92,59,0.714859437751004,0.8152173913043478,0.4268292682926829,0.5731707317073171
00920294.png,ombres,fort,92,21,0.8032128514056225,0.9021739130434783,0.15853658536585366,0.8414634146341463
00922237.png,flou_gaussien,faible,161,53,0.7964946445959105,0.9192546583850931,0.17293233082706766,0.8270676691729324
00922237.png,flou_gaussien,moyen,161,0,1.0,1.0,0.0,1.0
00922237.png,flou_gaussien,fort,161,0,1.0,1.0,0.0,1.0
00922237.png,bruit_aleatoire,faible,161,134,0.4488802336903603,0.577639751552795,0.5338345864661654,0.46616541353383456
00922237.png,bruit_aleatoire,moyen,161,115,0.5228821811100293,0.6645962732919255,0.47368421052631576,0.5263157894736843
00922237.png,bruit_aleatoire,fort,161,152,0.3885102239532619,0.5527950310559007,0.6541353383458647,0.3458646616541353
00922237.png,rotation_legere,faible,161,164,0.3592989289191821,0.546583850931677,0.6466165413533834,0.3533834586466166
00922237.png,rotation_legere,moyen,161,139,0.5628042843232717,0.7391304347826086,0.518796992481203,0.48120300751879697
00922237.png,rotation_legere,fort,161,22,0.9230769230769231,0.9813664596273292,0.045112781954887216,0.9548872180451128
00922237.png,faible_contraste,faible,161,124,0.5141187925998053,0.6894409937888198,0.47368421052631576,0.5263157894736843
00922237.png,faible_contraste,moyen,161,119,0.5131450827653359,0.6521739130434783,0.49624060150375937,0.5037593984962406
00922237.png,faible_contraste,fort,161,121,0.5121713729308666,0.6459627329192547,0.49624060150375937,0.5037593984962406
00922237.png,compression_jpeg,faible,161,143,0.37000973709834467,0.5217391304347826,0.6090225563909775,0.39097744360902253
00922237.png,compression_jpeg,moyen,161,132,0.48393378773125606,0.6211180124223602,0.5488721804511278,0.45112781954887216
00922237.png,compression_jpeg,fort,161,154,0.3427458617332035,0.5217391304347826,0.6390977443609023,0.3609022556390977
00922237.png,effet_scan_degrade,faible,161,68,0.7711781888997079,0.8633540372670807,0.2631578947368421,0.736842105263158
00922237.png,effet_scan_degrade,moyen,161,69,0.7497565725413826,0.84472049689441,0.2706766917293233,0.7293233082706767
00922237.png,effet_scan_degrade,fort,161,112,0.5024342745861733,0.7267080745341615,0.3233082706766917,0.6766917293233083
00922237.png,distorsion_decalage,faible,161,168,0.3661148977604674,0.5714285714285714,0.6616541353383458,0.33834586466165417
00922237.png,distorsion_decalage,moyen,161,83,0.7049659201557936,0.7950310559006211,0.3007518796992481,0.6992481203007519
00922237.png,distorsion_decalage,fort,161,132,0.6056475170399221,0.7577639751552795,0.518796992481203,0.48120300751879697
00922237.png,ombres,faible,161,119,0.5180136319376826,0.6708074534161491,0.48120300751879697,0.518796992481203
00922237.png,ombres,moyen,161,154,0.4148003894839338,0.5527950310559007,0.6466165413533834,0.3533834586466166
00922237.png,ombres,fort,161,89,0.6962025316455697,0.8385093167701864,0.3007518796992481,0.6992481203007519
01073843.png,flou_gaussien,faible,171,9,0.95260663507109,0.9766081871345029,0.033783783783783786,0.9662162162162162
01073843.png,flou_gaussien,moyen,171,13,0.9677725118483412,1.0,0.0,1.0
01073843.png,flou_gaussien,fort,171,3,0.9962085308056872,1.0,0.0,1.0
01073843.png,bruit_aleatoire,faible,171,154,0.7611374407582938,0.8947368421052632,0.3783783783783784,0.6216216216216216
01073843.png,bruit_aleatoire,moyen,171,167,0.7800947867298578,0.9473684210526315,0.34459459459459457,0.6554054054054055
01073843.png,bruit_aleatoire,fort,171,164,0.8037914691943128,0.9532163742690059,0.31756756756756754,0.6824324324324325
01073843.png,rotation_legere,faible,171,143,0.7649289099526067,0.9181286549707602,0.3716216216216216,0.6283783783783784
01073843.png,rotation_legere,moyen,171,139,0.7914691943127962,0.9883040935672515,0.2972972972972973,0.7027027027027026
01073843.png,rotation_legere,fort,171,141,0.7895734597156399,0.9239766081871345,0.3581081081081081,0.6418918918918919
01073843.png,faible_contraste,faible,171,154,0.7592417061611374,0.9005847953216374,0.41216216216216217,0.5878378378378378
01073843.png,faible_contraste,moyen,171,155,0.7535545023696683,0.9005847953216374,0.40540540540540543,0.5945945945945945
01073843.png,faible_contraste,fort,171,155,0.7545023696682465,0.9005847953216374,0.3918918918918919,0.6081081081081081
01073843.png,compression_jpeg,faible,171,142,0.7895734597156399,0.9239766081871345,0.3581081081081081,0.6418918918918919
01073843.png,compression_jpeg,moyen,171,138,0.8104265402843602,0.9415204678362573,0.30405405405405406,0.6959459459459459
01073843.png,compression_jpeg,fort,171,138,0.785781990521327,0.935672514619883,0.28378378378378377,0.7162162162162162
01073843.png,effet_scan_degrade,faible,171,47,0.8341232227488151,0.9415204678362573,0.11486486486486487,0.8851351351351351
01073843.png,effet_scan_degrade,moyen,171,11,0.9535545023696682,0.9766081871345029,0.02702702702702703,0.972972972972973
01073843.png,effet_scan_degrade,fort,171,7,0.9781990521327014,1.0,0.0,1.0
01073843.png,distorsion_decalage,faible,171,121,0.790521327014218,0.9473684210526315,0.2972972972972973,0.7027027027027026
01073843.png,distorsion_decalage,moyen,171,130,0.7791469194312797,0.9239766081871345,0.28378378378378377,0.7162162162162162
01073843.png,distorsion_decalage,fort,171,63,0.7677725118483413,0.9181286549707602,0.16216216216216217,0.8378378378378378
01073843.png,ombres,faible,171,151,0.7582938388625592,0.8830409356725146,0.40540540540540543,0.5945945945945945
01073843.png,ombres,moyen,171,154,0.7535545023696683,0.8888888888888888,0.41216216216216217,0.5878378378378378
01073843.png,ombres,fort,171,72,0.8056872037914692,0.9473684210526315,0.14864864864864866,0.8513513513513513
01122115.png,flou_gaussien,faible,282,221,0.6926438455935907,0.7978723404255319,0.6197916666666666,0.38020833333333337
01122115.png,flou_gaussien,moyen,282,109,0.8273852876911871,0.9964539007092199,0.015625,0.984375
01122115.png,flou_gaussien,fort,282,5,0.9956300072833212,1.0,0.0,1.0
01122115.png,bruit_aleatoire,faible,282,245,0.6707938820101966,0.7836879432624113,0.640625,0.359375
01122115.png,bruit_aleatoire,moyen,282,241,0.6839038601602331,0.7907801418439716,0.65625,0.34375
01122115.png,bruit_aleatoire,fort,282,269,0.7363437727603788,0.8865248226950354,0.5885416666666666,0.41145833333333337
01122115.png,rotation_legere,faible,282,252,0.6875455207574654,0.8014184397163121,0.6458333333333334,0.35416666666666663
01122115.png,rotation_legere,moyen,282,255,0.6416605972323379,0.7730496453900709,0.6510416666666666,0.34895833333333337
01122115.png,rotation_legere,fort,282,223,0.6984705025491624,0.8723404255319149,0.453125,0.546875
01122115.png,faible_contraste,faible,282,245,0.663510560815732,0.776595744680851,0.640625,0.359375
01122115.png,faible_contraste,moyen,282,246,0.6656955571740714,0.7836879432624113,0.640625,0.359375
01122115.png,faible_contraste,fort,282,243,0.6656955571740714,0.7659574468085106,0.640625,0.359375
01122115.png,compression_jpeg,faible,282,247,0.6839038601602331,0.7801418439716312,0.6458333333333334,0.35416666666666663
01122115.png,compression_jpeg,moyen,282,247,0.6671522214129643,0.7872340425531915,0.625,0.375
01122115.png,compression_jpeg,fort,282,254,0.6897305171158048,0.8156028368794326,0.6458333333333334,0.35416666666666663
01122115.png,effet_scan_degrade,faible,282,246,0.7188638018936635,0.875886524822695,0.625,0.375
01122115.png,effet_scan_degrade,moyen,282,242,0.6802621995630007,0.8085106382978723,0.6197916666666666,0.38020833333333337
01122115.png,effet_scan_degrade,fort,282,210,0.7079388201019665,0.9042553191489362,0.4739583333333333,0.5260416666666667
01122115.png,distorsion_decalage,faible,282,251,0.7115804806991989,0.8404255319148937,0.6302083333333334,0.36979166666666663
01122115.png,distorsion_decalage,moyen,282,243,0.752367079388201,0.8439716312056738,0.6510416666666666,0.34895833333333337
01122115.png,distorsion_decalage,fort,282,254,0.7334304442825929,0.8865248226950354,0.6145833333333334,0.38541666666666663
01122115.png,ombres,faible,282,241,0.6737072104879825,0.7695035460992907,0.625,0.375
01122115.png,ombres,moyen,282,243,0.6649672250546249,0.7730496453900709,0.625,0.375
01122115.png,ombres,fort,282,155,0.6518572469045885,0.7872340425531915,0.4166666666666667,0.5833333333333333
01150773_01150774.png,flou_gaussien,faible,161,57,0.8272816486751717,0.9192546583850931,0.2426470588235294,0.7573529411764706
01150773_01150774.png,flou_gaussien,moyen,161,24,0.9116781157998037,0.9751552795031055,0.029411764705882353,0.9705882352941176
01150773_01150774.png,flou_gaussien,fort,161,0,1.0,1.0,0.0,1.0
01150773_01150774.png,bruit_aleatoire,faible,161,145,0.47399411187438667,0.6583850931677019,0.6029411764705882,0.3970588235294118
01150773_01150774.png,bruit_aleatoire,moyen,161,57,0.7988223748773308,0.8881987577639752,0.2647058823529412,0.7352941176470589
01150773_01150774.png,bruit_aleatoire,fort,161,55,0.8498527968596663,0.9565217391304348,0.20588235294117646,0.7941176470588236
01150773_01150774.png,rotation_legere,faible,161,86,0.6938174681059862,0.8695652173913043,0.3602941176470588,0.6397058823529411
01150773_01150774.png,rotation_legere,moyen,161,55,0.831207065750736,0.9254658385093167,0.23529411764705882,0.7647058823529411
01150773_01150774.png,rotation_legere,fort,161,35,0.9165848871442591,0.9813664596273292,0.058823529411764705,0.9411764705882353
01150773_01150774.png,faible_contraste,faible,161,82,0.719332679097154,0.8819875776397516,0.3235294117647059,0.6764705882352942
01150773_01150774.png,faible_contraste,moyen,161,82,0.719332679097154,0.8819875776397516,0.3382352941176471,0.6617647058823529
01150773_01150774.png,faible_contraste,fort,161,79,0.7212953876349362,0.8819875776397516,0.3161764705882353,0.6838235294117647
01150773_01150774.png,compression_jpeg,faible,161,126,0.5328753680078508,0.7453416149068323,0.5,0.5
01150773_01150774.png,compression_jpeg,moyen,161,108,0.6290480863591756,0.782608695652174,0.45588235294117646,0.5441176470588236
01150773_01150774.png,compression_jpeg,fort,161,50,0.8410206084396468,0.9130434782608695,0.22794117647058823,0.7720588235294118
01150773_01150774.png,effet_scan_degrade,faible,161,57,0.8194308145240432,0.9192546583850931,0.2426470588235294,0.7573529411764706
01150773_01150774.png,effet_scan_degrade,moyen,161,40,0.8567222767419038,0.8757763975155279,0.21323529411764705,0.7867647058823529
01150773_01150774.png,effet_scan_degrade,fort,161,47,0.8665358194308145,0.9254658385093167,0.21323529411764705,0.7867647058823529
01150773_01150774.png,distorsion_decalage,faible,161,59,0.7762512266928361,0.8881987577639752,0.25,0.75
01150773_01150774.png,distorsion_decalage,moyen,161,84,0.689892051030422,0.8571428571428571,0.34558823529411764,0.6544117647058824
01150773_01150774.png,distorsion_decalage,fort,161,48,0.8115799803729146,0.906832298136646,0.21323529411764705,0.7867647058823529
01150773_01150774.png,ombres,faible,161,124,0.5426889106967615,0.7142857142857143,0.5367647058823529,0.4632352941176471
01150773_01150774.png,ombres,moyen,161,81,0.7144259077526988,0.8385093167701864,0.35294117647058826,0.6470588235294117
01150773_01150774.png,ombres,fort,161,27,0.9332679097154073,0.9503105590062112,0.11029411764705882,0.8897058823529411
01191071_1072.png,flou_gaussien,faible,60,37,0.6596306068601583,0.7666666666666667,0.3157894736842105,0.6842105263157895
01191071_1072.png,flou_gaussien,moyen,60,23,0.8865435356200527,1.0,0.0,1.0
01191071_1072.png,flou_gaussien,fort,60,2,0.9868073878627969,1.0,0.0,1.0
01191071_1072.png,bruit_aleatoire,faible,60,52,0.48021108179419525,0.6,0.7017543859649122,0.29824561403508776
01191071_1072.png,bruit_aleatoire,moyen,60,45,0.5092348284960422,0.5833333333333334,0.6140350877192983,0.38596491228070173
01191071_1072.png,bruit_aleatoire,fort,60,36,0.6860158311345647,0.8666666666666667,0.21052631578947367,0.7894736842105263
01191071_1072.png,rotation_legere,faible,60,30,0.5303430079155673,0.6,0.45614035087719296,0.543859649122807
01191071_1072.png,rotation_legere,moyen,60,47,0.5092348284960422,0.6166666666666667,0.6491228070175439,0.3508771929824561
01191071_1072.png,rotation_legere,fort,60,33,0.6543535620052771,0.7166666666666667,0.47368421052631576,0.5263157894736843
01191071_1072.png,faible_contraste,faible,60,58,0.47229551451187335,0.6,0.7368421052631579,0.26315789473684215
01191071_1072.png,faible_contraste,moyen,60,58,0.47493403693931396,0.6333333333333333,0.6842105263157895,0.3157894736842105
01191071_1072.png,faible_contraste,fort,60,58,0.47229551451187335,0.6166666666666667,0.7017543859649122,0.29824561403508776
01191071_1072.png,compression_jpeg,faible,60,51,0.5197889182058048,0.6333333333333333,0.6842105263157895,0.3157894736842105
01191071_1072.png,compression_jpeg,moyen,60,38,0.5910290237467019,0.6666666666666666,0.5087719298245614,0.49122807017543857
01191071_1072.png,compression_jpeg,fort,60,28,0.6226912928759895,0.6833333333333333,0.40350877192982454,0.5964912280701755
01191071_1072.png,effet_scan_degrade,faible,60,29,0.7229551451187335,0.75,0.42105263157894735,0.5789473684210527
01191071_1072.png,effet_scan_degrade,moyen,60,39,0.6517150395778364,0.75,0.3508771929824561,0.6491228070175439
01191071_1072.png,effet_scan_degrade,fort,60,31,0.6781002638522428,0.8166666666666667,0.22807017543859648,0.7719298245614035
01191071_1072.png,distorsion_decalage,faible,60,54,0.5145118733509235,0.6333333333333333,0.5789473684210527,0.42105263157894735
01191071_1072.png,distorsion_decalage,moyen,60,46,0.6306068601583114,0.7,0.5789473684210527,0.42105263157894735
01191071_1072.png,distorsion_decalage,fort,60,37,0.554089709762533,0.6166666666666667,0.5614035087719298,0.4385964912280702
01191071_1072.png,ombres,faible,60,48,0.45910290237467016,0.5166666666666667,0.6666666666666666,0.33333333333333337
01191071_1072.png,ombres,moyen,60,53,0.5910290237467019,0.7,0.5614035087719298,0.4385964912280702
01191071_1072.png,ombres,fort,60,32,0.7255936675461742,0.7666666666666667,0.40350877192982454,0.5964912280701755
01197604.png,flou_gaussien,faible,95,48,0.6779089376053963,0.9157894736842105,0.11764705882352941,0.8823529411764706
01197604.png,flou_gaussien,moyen,95,0,1.0,1.0,0.0,1.0
01197604.png,flou_gaussien,fort,95,0,1.0,1.0,0.0,1.0
01197604.png,bruit_aleatoire,faible,95,65,0.5446880269814502,0.7157894736842105,0.3411764705882353,0.6588235294117647
01197604.png,bruit_aleatoire,moyen,95,75,0.5598650927487352,0.7157894736842105,0.3764705882352941,0.6235294117647059
01197604.png,bruit_aleatoire,fort,95,43,0.7689713322091062,0.9157894736842105,0.12941176470588237,0.8705882352941177
01197604.png,rotation_legere,faible,95,82,0.5126475548060708,0.7368421052631579,0.38823529411764707,0.611764705882353
01197604.png,rotation_legere,moyen,95,73,0.5919055649241147,0.7684210526315789,0.3176470588235294,0.6823529411764706
01197604.png,rotation_legere,fort,95,77,0.6509274873524452,0.8526315789473684,0.2235294117647059,0.7764705882352941
01197604.png,faible_contraste,faible,95,56,0.6053962900505903,0.7789473684210526,0.25882352941176473,0.7411764705882353
01197604.png,faible_contraste,moyen,95,55,0.627318718381113,0.7789473684210526,0.27058823529411763,0.7294117647058824
01197604.png,faible_contraste,fort,95,55,0.596964586846543,0.7684210526315789,0.25882352941176473,0.7411764705882353
01197604.png,compression_jpeg,faible,95,50,0.6290050590219224,0.7578947368421053,0.24705882352941178,0.7529411764705882
01197604.png,compression_jpeg,moyen,95,54,0.6239460370994941,0.8105263157894737,0.23529411764705882,0.7647058823529411
01197604.png,compression_jpeg,fort,95,54,0.6812816188870152,0.8842105263157894,0.1411764705882353,0.8588235294117648
01197604.png,effet_scan_degrade,faible,95,87,0.5126475548060708,0.7578947368421053,0.3764705882352941,0.6235294117647059
01197604.png,effet_scan_degrade,moyen,95,93,0.5126475548060708,0.8421052631578947,0.27058823529411763,0.7294117647058824
01197604.png,effet_scan_degrade,fort,95,51,0.7369308600337268,0.968421052631579,0.058823529411764705,0.9411764705882353
01197604.png,distorsion_decalage,faible,95,65,0.5059021922428331,0.6421052631578947,0.4117647058823529,0.5882352941176471
01197604.png,distorsion_decalage,moyen,95,85,0.5227655986509275,0.7263157894736842,0.4,0.6
01197604.png,distorsion_decalage,fort,95,67,0.5868465430016864,0.7578947368421053,0.32941176470588235,0.6705882352941177
01197604.png,ombres,faible,95,63,0.5581787521079258,0.7052631578947368,0.35294117647058826,0.6470588235294117
01197604.png,ombres,moyen,95,34,0.7706576728499157,0.8842105263157894,0.17647058823529413,0.8235294117647058
01197604.png,ombres,fort,95,34,0.7689713322091062,0.8736842105263158,0.15294117647058825,0.8470588235294118
01408099_01408101.png,flou_gaussien,faible,131,59,0.7970838396111786,0.9389312977099237,0.24489795918367346,0.7551020408163265
01408099_01408101.png,flou_gaussien,moyen,131,11,0.9732685297691372,1.0,0.0,1.0
01408099_01408101.png,flou_gaussien,fort,131,0,1.0,1.0,0.0,1.0
01408099_01408101.png,bruit_aleatoire,faible,131,128,0.5917375455650061,0.7786259541984732,0.6530612244897959,0.34693877551020413
01408099_01408101.png,bruit_aleatoire,moyen,131,134,0.5783718104495748,0.7786259541984732,0.6836734693877551,0.3163265306122449
01408099_01408101.png,bruit_aleatoire,fort,131,167,0.6087484811664642,0.9618320610687023,0.673469387755102,0.326530612244898
01408099_01408101.png,rotation_legere,faible,131,137,0.6087484811664642,0.8396946564885496,0.6326530612244898,0.36734693877551017
01408099_01408101.png,rotation_legere,moyen,131,128,0.637910085054678,0.8702290076335878,0.5714285714285714,0.4285714285714286
01408099_01408101.png,rotation_legere,fort,131,128,0.6585662211421628,0.9389312977099237,0.40816326530612246,0.5918367346938775
01408099_01408101.png,faible_contraste,faible,131,126,0.5953827460510328,0.7404580152671756,0.7040816326530612,0.29591836734693877
01408099_01408101.png,faible_contraste,moyen,131,128,0.606318347509113,0.7938931297709924,0.6530612244897959,0.34693877551020413
01408099_01408101.png,faible_contraste,fort,131,123,0.5965978128797084,0.7557251908396947,0.673469387755102,0.326530612244898
01408099_01408101.png,compression_jpeg,faible,131,135,0.583232077764277,0.7938931297709924,0.7040816326530612,0.29591836734693877
01408099_01408101.png,compression_jpeg,moyen,131,133,0.5941676792223572,0.8244274809160306,0.6428571428571429,0.3571428571428571
01408099_01408101.png,compression_jpeg,fort,131,126,0.5662211421628189,0.7709923664122137,0.6428571428571429,0.3571428571428571
01408099_01408101.png,effet_scan_degrade,faible,131,133,0.795868772782503,1.015267175572519,0.47959183673469385,0.5204081632653061
01408099_01408101.png,effet_scan_degrade,moyen,131,44,0.7910085054678008,0.8854961832061069,0.21428571428571427,0.7857142857142857
01408099_01408101.png,effet_scan_degrade,fort,131,0,1.0,1.0,0.0,1.0
01408099_01408101.png,distorsion_decalage,faible,131,125,0.5625759416767923,0.7251908396946565,0.673469387755102,0.326530612244898
01408099_01408101.png,distorsion_decalage,moyen,131,130,0.5808019441069259,0.7862595419847328,0.7142857142857143,0.2857142857142857
01408099_01408101.png,distorsion_decalage,fort,131,126,0.6136087484811664,0.8396946564885496,0.5816326530612245,0.41836734693877553
01408099_01408101.png,ombres,faible,131,133,0.6038882138517618,0.8320610687022901,0.6836734693877551,0.3163265306122449
01408099_01408101.png,ombres,moyen,131,131,0.5880923450789793,0.816793893129771,0.6530612244897959,0.34693877551020413
01408099_01408101.png,ombres,fort,131,61,0.6500607533414338,0.7709923664122137,0.35714285714285715,0.6428571428571428
11508234.png,flou_gaussien,faible,233,6,0.9763991908293999,0.9785407725321889,0.028735632183908046,0.9712643678160919
11508234.png,flou_gaussien,moyen,233,5,0.9871881321645314,1.0,0.0,1.0
11508234.png,flou_gaussien,fort,233,0,1.0,1.0,0.0,1.0
11508234.png,bruit_aleatoire,faible,233,202,0.7006068779501011,0.8540772532188842,0.6091954022988506,0.3908045977011494
11508234.png,bruit_aleatoire,moyen,233,208,0.7302764666217127,0.8798283261802575,0.6724137931034483,0.3275862068965517
11508234.png,bruit_aleatoire,fort,233,234,0.7714093054619016,0.9957081545064378,0.603448275862069,0.39655172413793105
11508234.png,rotation_legere,faible,233,219,0.7397167902899529,0.9012875536480687,0.6091954022988506,0.3908045977011494
11508234.png,rotation_legere,moyen,233,172,0.7491571139581928,0.9227467811158798,0.46551724137931033,0.5344827586206897
11508234.png,rotation_legere,fort,233,100,0.8031018206338503,0.9227467811158798,0.21839080459770116,0.7816091954022988
11508234.png,faible_contraste,faible,233,204,0.7275792312879299,0.871244635193133,0.6264367816091954,0.37356321839080464
11508234.png,faible_contraste,moyen,233,206,0.7113958192852327,0.8454935622317596,0.6609195402298851,0.3390804597701149
11508234.png,faible_contraste,fort,233,209,0.7134187457855697,0.8755364806866953,0.6206896551724138,0.3793103448275862
11508234.png,compression_jpeg,faible,233,211,0.7329737019554956,0.8969957081545065,0.6264367816091954,0.37356321839080464
11508234.png,compression_jpeg,moyen,233,211,0.7174645987862441,0.8969957081545065,0.5919540229885057,0.40804597701149425
11508234.png,compression_jpeg,fort,233,213,0.7208361429534726,0.8969957081545065,0.5287356321839081,0.47126436781609193
11508234.png,effet_scan_degrade,faible,233,39,0.8624409979770735,0.9227467811158798,0.13218390804597702,0.867816091954023
11508234.png,effet_scan_degrade,moyen,233,6,0.9757248819959542,0.9785407725321889,0.028735632183908046,0.9712643678160919
11508234.png,effet_scan_degrade,fort,233,16,0.9581928523263655,0.9742489270386266,0.034482758620689655,0.9655172413793104
11508234.png,distorsion_decalage,faible,233,202,0.720161834120027,0.8798283261802575,0.6379310344827587,0.3620689655172413
11508234.png,distorsion_decalage,moyen,233,213,0.7376938637896157,0.8884120171673819,0.6666666666666666,0.33333333333333337
11508234.png,distorsion_decalage,fort,233,132,0.7545515846257586,0.8969957081545065,0.3505747126436782,0.6494252873563218
11508234.png,ombres,faible,233,210,0.7127444369521241,0.8669527896995708,0.6551724137931034,0.3448275862068966
11508234.png,ombres,moyen,233,210,0.7275792312879299,0.8798283261802575,0.632183908045977,0.367816091954023
11508234.png,ombres,fort,233,104,0.7086985839514498,0.8326180257510729,0.3218390804597701,0.6781609195402298
11875011.png,flou_gaussien,faible,177,148,0.2958226768968457,0.3672316384180791,0.7565217391304347,0.24347826086956526
11875011.png,flou_gaussien,moyen,177,0,1.0,1.0,0.0,1.0
11875011.png,flou_gaussien,fort,177,1,1.0,1.0,0.0,1.0
11875011.png,bruit_aleatoire,faible,177,176,0.18925831202046037,0.2598870056497175,0.8956521739130435,0.10434782608695647
11875011.png,bruit_aleatoire,moyen,177,175,0.19352088661551578,0.2711864406779661,0.8869565217391304,0.11304347826086958
11875011.png,bruit_aleatoire,fort,177,178,0.24808184143222506,0.4350282485875706,0.8260869565217391,0.17391304347826086
11875011.png,rotation_legere,faible,177,174,0.20886615515771526,0.2994350282485876,0.8521739130434782,0.14782608695652177
11875011.png,rotation_legere,moyen,177,146,0.33418584825234443,0.4632768361581921,0.7217391304347827,0.27826086956521734
11875011.png,rotation_legere,fort,177,178,0.2020460358056266,0.288135593220339,0.8608695652173913,0.13913043478260867
11875011.png,faible_contraste,faible,177,176,0.1815856777493606,0.24293785310734464,0.8869565217391304,0.11304347826086958
11875011.png,faible_contraste,moyen,177,176,0.1815856777493606,0.2542372881355932,0.8695652173913043,0.13043478260869568
11875011.png,faible_contraste,fort,177,174,0.17988064791133845,0.24858757062146894,0.8782608695652174,0.12173913043478257
11875011.png,compression_jpeg,faible,177,171,0.17988064791133845,0.2655367231638418,0.8782608695652174,0.12173913043478257
11875011.png,compression_jpeg,moyen,177,178,0.19352088661551578,0.2937853107344633,0.8695652173913043,0.13043478260869568
11875011.png,compression_jpeg,fort,177,173,0.21483375959079284,0.3333333333333333,0.8173913043478261,0.18260869565217386
11875011.png,effet_scan_degrade,faible,177,176,0.18329070758738278,0.23728813559322035,0.8956521739130435,0.10434782608695647
11875011.png,effet_scan_degrade,moyen,177,149,0.2770673486786019,0.3333333333333333,0.7217391304347827,0.27826086956521734
11875011.png,effet_scan_degrade,fort,177,129,0.39300937766410915,0.5028248587570622,0.5652173913043478,0.4347826086956522
11875011.png,distorsion_decalage,faible,177,177,0.17561807331628304,0.22598870056497175,0.9217391304347826,0.07826086956521738
11875011.png,distorsion_decalage,moyen,177,171,0.2804774083546462,0.3898305084745763,0.8173913043478261,0.18260869565217386
11875011.png,distorsion_decalage,fort,177,174,0.21994884910485935,0.3163841807909605,0.8695652173913043,0.13043478260869568
11875011.png,ombres,faible,177,175,0.17902813299232737,0.24858757062146894,0.8782608695652174,0.12173913043478257
11875011.png,ombres,moyen,177,62,0.7007672634271099,0.7344632768361582,0.40869565217391307,0.5913043478260869
11875011.png,ombres,fort,177,90,0.5856777493606138,0.655367231638418,0.5478260869565217,0.4521739130434783
12052385.png,flou_gaussien,faible,55,40,0.6615384615384615,0.8181818181818182,0.41509433962264153,0.5849056603773585
12052385.png,flou_gaussien,moyen,55,7,0.9661538461538461,1.0,0.0,1.0
12052385.png,flou_gaussien,fort,55,3,0.9938461538461538,1.0,0.0,1.0
12052385.png,bruit_aleatoire,faible,55,42,0.68,0.7636363636363637,0.5660377358490566,0.4339622641509434
12052385.png,bruit_aleatoire,moyen,55,47,0.6615384615384615,0.7454545454545455,0.5849056603773585,0.41509433962264153
12052385.png,bruit_aleatoire,fort,55,42,0.6123076923076923,0.7818181818181819,0.39622641509433965,0.6037735849056604
12052385.png,rotation_legere,faible,55,45,0.6553846153846153,0.7818181818181819,0.6037735849056604,0.39622641509433965
12052385.png,rotation_legere,moyen,55,41,0.7630769230769231,0.9454545454545454,0.32075471698113206,0.679245283018868
12052385.png,rotation_legere,fort,55,0,1.0,1.0,0.0,1.0
12052385.png,faible_contraste,faible,55,41,0.6892307692307692,0.7818181818181819,0.5094339622641509,0.49056603773584906
12052385.png,faible_contraste,moyen,55,42,0.68,0.7636363636363637,0.5471698113207547,0.4528301886792453
12052385.png,faible_contraste,fort,55,42,0.68,0.7818181818181819,0.5283018867924528,0.4716981132075472
12052385.png,compression_jpeg,faible,55,45,0.6061538461538462,0.6545454545454545,0.6415094339622641,0.3584905660377359
12052385.png,compression_jpeg,moyen,55,42,0.6584615384615384,0.7090909090909091,0.5849056603773585,0.41509433962264153
12052385.png,compression_jpeg,fort,55,45,0.6892307692307692,0.8545454545454545,0.37735849056603776,0.6226415094339622
12052385.png,effet_scan_degrade,faible,55,42,0.5661538461538461,0.7090909090909091,0.5094339622641509,0.49056603773584906
12052385.png,effet_scan_degrade,moyen,55,32,0.7138461538461538,0.8363636363636363,0.20754716981132076,0.7924528301886793
12052385.png,effet_scan_degrade,fort,55,3,0.9692307692307692,1.0,0.0,1.0
12052385.png,distorsion_decalage,faible,55,42,0.6646153846153846,0.7818181818181819,0.5471698113207547,0.4528301886792453
12052385.png,distorsion_decalage,moyen,55,42,0.6584615384615384,0.8181818181818182,0.4339622641509434,0.5660377358490566
12052385.png,distorsion_decalage,fort,55,43,0.6707692307692308,0.8,0.5283018867924528,0.4716981132075472
12052385.png,ombres,faible,55,41,0.676923076923077,0.7454545454545455,0.5660377358490566,0.4339622641509434
12052385.png,ombres,moyen,55,16,0.7815384615384615,0.8545454545454545,0.18867924528301888,0.8113207547169812
12052385.png,ombres,fort,55,22,0.6523076923076923,0.7090909090909091,0.33962264150943394,0.6603773584905661
12603270.png,flou_gaussien,faible,150,83,0.7164634146341463,0.84,0.3418803418803419,0.6581196581196581
12603270.png,flou_gaussien,moyen,150,37,0.9115853658536586,1.0,0.0,1.0
12603270.png,flou_gaussien,fort,150,10,0.9766260162601627,1.0,0.0,1.0
12603270.png,bruit_aleatoire,faible,150,153,0.7052845528455285,0.8733333333333333,0.6153846153846154,0.3846153846153846
12603270.png,bruit_aleatoire,moyen,150,149,0.7439024390243902,0.92,0.5726495726495726,0.4273504273504274
12603270.png,bruit_aleatoire,fort,150,174,0.7611788617886179,1.0666666666666667,0.4188034188034188,0.5811965811965811
12603270.png,rotation_legere,faible,150,146,0.733739837398374,0.9466666666666667,0.5213675213675214,0.4786324786324786
12603270.png,rotation_legere,moyen,150,132,0.6534552845528455,0.82,0.5897435897435898,0.41025641025641024
12603270.png,rotation_legere,fort,150,158,0.7489837398373984,0.96,0.48717948717948717,0.5128205128205128
12603270.png,faible_contraste,faible,150,154,0.7347560975609756,0.88,0.6495726495726496,0.3504273504273504
12603270.png,faible_contraste,moyen,150,154,0.7428861788617886,0.9066666666666666,0.6239316239316239,0.37606837606837606
12603270.png,faible_contraste,fort,150,154,0.7347560975609756,0.9,0.6239316239316239,0.37606837606837606
12603270.png,compression_jpeg,faible,150,146,0.6869918699186992,0.86,0.6068376068376068,0.3931623931623932
12603270.png,compression_jpeg,moyen,150,147,0.7154471544715447,0.9533333333333334,0.5555555555555556,0.4444444444444444
12603270.png,compression_jpeg,fort,150,152,0.7357723577235772,0.98,0.4444444444444444,0.5555555555555556
12603270.png,effet_scan_degrade,faible,150,121,0.6534552845528455,0.8466666666666667,0.5299145299145299,0.4700854700854701
12603270.png,effet_scan_degrade,moyen,150,88,0.709349593495935,0.8933333333333333,0.27350427350427353,0.7264957264957265
12603270.png,effet_scan_degrade,fort,150,14,0.9258130081300813,0.9733333333333334,0.042735042735042736,0.9572649572649573
12603270.png,distorsion_decalage,faible,150,154,0.693089430894309,0.9333333333333333,0.5811965811965812,0.41880341880341876
12603270.png,distorsion_decalage,moyen,150,147,0.6189024390243902,0.8466666666666667,0.5470085470085471,0.45299145299145294
12603270.png,distorsion_decalage,fort,150,122,0.6747967479674797,0.8266666666666667,0.46153846153846156,0.5384615384615384
12603270.png,ombres,faible,150,154,0.7276422764227642,0.9066666666666666,0.6324786324786325,0.36752136752136755
12603270.png,ombres,moyen,150,150,0.7327235772357723,0.94,0.5726495726495726,0.4273504273504274
12603270.png,ombres,fort,150,92,0.7113821138211383,0.8333333333333334,0.38461538461538464,0.6153846153846154
12825369.png,flou_gaussien,faible,205,189,0.3812893081761006,0.5073170731707317,0.7218934911242604,0.2781065088757396
12825369.png,flou_gaussien,moyen,205,0,1.0,1.0,0.0,1.0
12825369.png,flou_gaussien,fort,205,0,1.0,1.0,0.0,1.0
12825369.png,bruit_aleatoire,faible,205,199,0.35455974842767296,0.44878048780487806,0.8047337278106509,0.1952662721893491
12825369.png,bruit_aleatoire,moyen,205,196,0.3490566037735849,0.45365853658536587,0.7928994082840237,0.20710059171597628
12825369.png,bruit_aleatoire,fort,205,195,0.35062893081761004,0.4682926829268293,0.727810650887574,0.272189349112426
12825369.png,rotation_legere,faible,205,190,0.3836477987421384,0.551219512195122,0.6804733727810651,0.3195266272189349
12825369.png,rotation_legere,moyen,205,178,0.425314465408805,0.6341463414634146,0.5562130177514792,0.44378698224852076
12825369.png,rotation_legere,fort,205,190,0.3529874213836478,0.45365853658536587,0.7810650887573964,0.21893491124260356
12825369.png,faible_contraste,faible,205,195,0.3561320754716981,0.45365853658536587,0.7928994082840237,0.20710059171597628
12825369.png,faible_contraste,moyen,205,194,0.35691823899371067,0.45365853658536587,0.7928994082840237,0.20710059171597628
12825369.png,faible_contraste,fort,205,188,0.3466981132075472,0.44390243902439025,0.7810650887573964,0.21893491124260356
12825369.png,compression_jpeg,faible,205,189,0.37342767295597484,0.45365853658536587,0.7692307692307693,0.23076923076923073
12825369.png,compression_jpeg,moyen,205,186,0.360062893081761,0.4634146341463415,0.757396449704142,0.242603550295858
12825369.png,compression_jpeg,fort,205,181,0.39937106918238996,0.5756097560975609,0.650887573964497,0.34911242603550297
12825369.png,effet_scan_degrade,faible,205,184,0.3757861635220126,0.47804878048780486,0.7396449704142012,0.2603550295857988
12825369.png,effet_scan_degrade,moyen,205,180,0.42059748427672955,0.5560975609756098,0.6449704142011834,0.3550295857988166
12825369.png,effet_scan_degrade,fort,205,178,0.46462264150943394,0.7073170731707317,0.41420118343195267,0.5857988165680473
12825369.png,distorsion_decalage,faible,205,190,0.3443396226415094,0.44878048780487806,0.7692307692307693,0.23076923076923073
12825369.png,distorsion_decalage,moyen,205,179,0.4449685534591195,0.5609756097560976,0.6745562130177515,0.3254437869822485
12825369.png,distorsion_decalage,fort,205,194,0.5636792452830188,0.7560975609756098,0.6035502958579881,0.39644970414201186
12825369.png,ombres,faible,205,190,0.3710691823899371,0.4585365853658537,0.7869822485207101,0.21301775147928992
12825369.png,ombres,moyen,205,192,0.3529874213836478,0.4682926829268293,0.7692307692307693,0.23076923076923073
12825369.png,ombres,fort,205,114,0.5471698113207547,0.624390243902439,0.4911242603550296,0.5088757396449703
13149651.png,flou_gaussien,faible,325,149,0.7221389305347327,0.8861538461538462,0.2932692307692308,0.7067307692307692
13149651.png,flou_gaussien,moyen,325,0,1.0,1.0,0.0,1.0
13149651.png,flou_gaussien,fort,325,0,1.0,1.0,0.0,1.0
13149651.png,bruit_aleatoire,faible,325,264,0.7371314342828585,0.9507692307692308,0.4807692307692308,0.5192307692307692
13149651.png,bruit_aleatoire,moyen,325,284,0.7731134432783608,0.9753846153846154,0.4855769230769231,0.5144230769230769
13149651.png,bruit_aleatoire,fort,325,274,0.760119940029985,0.9815384615384616,0.3125,0.6875
13149651.png,rotation_legere,faible,325,296,0.7871064467766117,0.9815384615384616,0.5,0.5
13149651.png,rotation_legere,moyen,325,196,0.7566216891554223,0.9784615384615385,0.16346153846153846,0.8365384615384616
13149651.png,rotation_legere,fort,325,219,0.7536231884057971,0.9753846153846154,0.27403846153846156,0.7259615384615384
13149651.png,faible_contraste,faible,325,198,0.7456271864067966,0.9661538461538461,0.25961538461538464,0.7403846153846154
13149651.png,faible_contraste,moyen,325,193,0.744127936031984,0.9661538461538461,0.2692307692307692,0.7307692307692308
13149651.png,faible_contraste,fort,325,168,0.7541229385307346,0.9569230769230769,0.25961538461538464,0.7403846153846154
13149651.png,compression_jpeg,faible,325,266,0.7471264367816092,0.9692307692307692,0.4230769230769231,0.5769230769230769
13149651.png,compression_jpeg,moyen,325,212,0.7531234382808596,0.9784615384615385,0.23076923076923078,0.7692307692307692
13149651.png,compression_jpeg,fort,325,281,0.7621189405297352,0.9846153846153847,0.23557692307692307,0.7644230769230769
13149651.png,effet_scan_degrade,faible,325,163,0.7461269365317341,0.8830769230769231,0.3125,0.6875
13149651.png,effet_scan_degrade,moyen,325,137,0.7401299350324838,0.9015384615384615,0.2548076923076923,0.7451923076923077
13149651.png,effet_scan_degrade,fort,325,15,0.9630184907546226,0.9907692307692307,0.019230769230769232,0.9807692307692307
13149651.png,distorsion_decalage,faible,325,259,0.7486256871564217,0.96,0.4326923076923077,0.5673076923076923
13149651.png,distorsion_decalage,moyen,325,285,0.7691154422788605,0.9784615384615385,0.47596153846153844,0.5240384615384616
13149651.png,distorsion_decalage,fort,325,274,0.7651174412793603,0.9753846153846154,0.33653846153846156,0.6634615384615384
13149651.png,ombres,faible,325,172,0.7526236881559221,0.9538461538461539,0.24519230769230768,0.7548076923076923
13149651.png,ombres,moyen,325,190,0.744127936031984,0.9661538461538461,0.2692307692307692,0.7307692307692308
13149651.png,ombres,fort,325,78,0.855072463768116,0.9415384615384615,0.14903846153846154,0.8509615384615384
660978.png,flou_gaussien,faible,106,95,0.5575364667747164,0.660377358490566,0.6404494382022472,0.3595505617977528
660978.png,flou_gaussien,moyen,106,7,0.9643435980551054,1.0,0.0,1.0
660978.png,flou_gaussien,fort,106,0,1.0,1.0,0.0,1.0
660978.png,bruit_aleatoire,faible,106,98,0.8492706645056726,0.9150943396226415,0.7415730337078652,0.2584269662921348
660978.png,bruit_aleatoire,moyen,106,97,0.8476499189627229,0.9056603773584906,0.7191011235955056,0.2808988764044944
660978.png,bruit_aleatoire,fort,106,0,1.0,1.0,0.0,1.0
660978.png,rotation_legere,faible,106,95,0.5364667747163695,0.6132075471698113,0.7078651685393258,0.2921348314606742
660978.png,rotation_legere,moyen,106,93,0.5510534846029174,0.6792452830188679,0.6629213483146067,0.3370786516853933
660978.png,rotation_legere,fort,106,0,1.0,1.0,0.0,1.0
660978.png,faible_contraste,faible,106,94,0.5688816855753647,0.6981132075471698,0.7191011235955056,0.2808988764044944
660978.png,faible_contraste,moyen,106,93,0.5672609400324149,0.6886792452830188,0.7078651685393258,0.2921348314606742
660978.png,faible_contraste,fort,106,94,0.5705024311183144,0.7075471698113207,0.7191011235955056,0.2808988764044944
660978.png,compression_jpeg,faible,106,92,0.5299837925445705,0.6132075471698113,0.6966292134831461,0.3033707865168539
660978.png,compression_jpeg,moyen,106,93,0.5494327390599676,0.6226415094339622,0.6853932584269663,0.3146067415730337
660978.png,compression_jpeg,fort,106,91,0.5818476499189628,0.7169811320754716,0.5168539325842697,0.4831460674157303
660978.png,effet_scan_degrade,faible,106,96,0.539708265802269,0.6132075471698113,0.7078651685393258,0.2921348314606742
660978.png,effet_scan_degrade,moyen,106,84,0.5364667747163695,0.6226415094339622,0.5955056179775281,0.4044943820224719
660978.png,effet_scan_degrade,fort,106,47,0.7520259319286872,0.8962264150943396,0.15730337078651685,0.8426966292134832
660978.png,distorsion_decalage,faible,106,93,0.546191247974068,0.6320754716981132,0.6741573033707865,0.3258426966292135
660978.png,distorsion_decalage,moyen,106,105,0.8427876823338736,0.9905660377358491,0.6292134831460674,0.3707865168539326
660978.png,distorsion_decalage,fort,106,100,0.6499189627228525,0.8018867924528302,0.6404494382022472,0.3595505617977528
660978.png,ombres,faible,106,94,0.5575364667747164,0.660377358490566,0.7078651685393258,0.2921348314606742
660978.png,ombres,moyen,106,46,0.6482982171799028,0.7264150943396226,0.38202247191011235,0.6179775280898876
660978.png,ombres,fort,106,60,0.640194489465154,0.7641509433962265,0.42696629213483145,0.5730337078651686
71108371.png,flou_gaussien,faible,266,9,0.973786949247072,0.9774436090225563,0.031914893617021274,0.9680851063829787
71108371.png,flou_gaussien,moyen,266,7,0.9894032348020078,1.0,0.0,1.0
71108371.png,flou_gaussien,fort,266,0,1.0,1.0,0.0,1.0
71108371.png,bruit_aleatoire,faible,266,280,0.47685443390964866,0.650375939849624,0.8617021276595744,0.13829787234042556
71108371.png,bruit_aleatoire,moyen,266,260,0.464026770775237,0.6052631578947368,0.8297872340425532,0.17021276595744683
71108371.png,bruit_aleatoire,fort,266,202,0.5789180145008366,0.7481203007518797,0.5904255319148937,0.40957446808510634
71108371.png,rotation_legere,faible,266,244,0.3820412716118238,0.5451127819548872,0.776595744680851,0.22340425531914898
71108371.png,rotation_legere,moyen,266,75,0.792526491912995,0.8646616541353384,0.20212765957446807,0.7978723404255319
71108371.png,rotation_legere,fort,266,205,0.5231455660903513,0.7255639097744361,0.5691489361702128,0.4308510638297872
71108371.png,faible_contraste,faible,266,283,0.5404350250976018,0.6954887218045113,0.8457446808510638,0.1542553191489362
71108371.png,faible_contraste,moyen,266,284,0.5382041271611824,0.6879699248120301,0.8563829787234043,0.1436170212765957
71108371.png,faible_contraste,fort,266,284,0.5331846068042387,0.6917293233082706,0.8457446808510638,0.1542553191489362
71108371.png,compression_jpeg,faible,266,253,0.482989403234802,0.6353383458646616,0.7872340425531915,0.21276595744680848
71108371.png,compression_jpeg,moyen,266,280,0.486893474623536,0.6691729323308271,0.824468085106383,0.17553191489361697
71108371.png,compression_jpeg,fort,266,240,0.5075292805354155,0.6954887218045113,0.6702127659574468,0.32978723404255317
71108371.png,effet_scan_degrade,faible,266,208,0.5945343000557725,0.7669172932330827,0.6223404255319149,0.37765957446808507
71108371.png,effet_scan_degrade,moyen,266,13,0.9648633575013943,0.9699248120300752,0.03723404255319149,0.9627659574468085
71108371.png,effet_scan_degrade,fort,266,5,0.9921918572225321,0.9962406015037594,0.005319148936170213,0.9946808510638298
71108371.png,distorsion_decalage,faible,266,235,0.48354712771890684,0.6165413533834586,0.7978723404255319,0.2021276595744681
71108371.png,distorsion_decalage,moyen,266,227,0.3524818739542666,0.49624060150375937,0.7712765957446809,0.22872340425531912
71108371.png,distorsion_decalage,fort,266,208,0.3775794757389849,0.5300751879699248,0.7074468085106383,0.29255319148936165
71108371.png,ombres,faible,266,268,0.5270496374790853,0.6766917293233082,0.8297872340425532,0.17021276595744683
71108371.png,ombres,moyen,266,232,0.5030674846625767,0.6390977443609023,0.7978723404255319,0.2021276595744681
71108371.png,ombres,fort,266,60,0.8215281650864473,0.8721804511278195,0.2074468085106383,0.7925531914893618
71190280.png,flou_gaussien,faible,66,9,0.9019607843137255,0.9242424242424242,0.08928571428571429,0.9107142857142857
71190280.png,flou_gaussien,moyen,66,4,0.9803921568627451,0.9848484848484849,0.017857142857142856,0.9821428571428571
71190280.png,flou_gaussien,fort,66,0,1.0,1.0,0.0,1.0
71190280.png,bruit_aleatoire,faible,66,78,0.7472766884531591,0.9848484848484849,0.6785714285714286,0.3214285714285714
71190280.png,bruit_aleatoire,moyen,66,72,0.6971677559912854,0.9242424242424242,0.5535714285714286,0.4464285714285714
71190280.png,bruit_aleatoire,fort,66,66,0.6361655773420479,0.8484848484848485,0.4642857142857143,0.5357142857142857
71190280.png,rotation_legere,faible,66,72,0.6949891067538126,0.9545454545454546,0.625,0.375
71190280.png,rotation_legere,moyen,66,77,0.738562091503268,0.9090909090909091,0.7142857142857143,0.2857142857142857
71190280.png,rotation_legere,fort,66,48,0.7930283224400871,0.9696969696969697,0.14285714285714285,0.8571428571428572
71190280.png,faible_contraste,faible,66,78,0.7450980392156863,0.9696969696969697,0.6607142857142857,0.3392857142857143
71190280.png,faible_contraste,moyen,66,78,0.7407407407407407,0.9545454545454546,0.6428571428571429,0.3571428571428571
71190280.png,faible_contraste,fort,66,83,0.7777777777777778,1.0,0.625,0.375
71190280.png,compression_jpeg,faible,66,84,0.803921568627451,1.0454545454545454,0.7142857142857143,0.2857142857142857
71190280.png,compression_jpeg,moyen,66,73,0.775599128540305,0.9393939393939394,0.6785714285714286,0.3214285714285714
71190280.png,compression_jpeg,fort,66,71,0.7559912854030502,0.9696969696969697,0.5535714285714286,0.4464285714285714
71190280.png,effet_scan_degrade,faible,66,64,0.7647058823529411,0.8939393939393939,0.6071428571428571,0.3928571428571429
71190280.png,effet_scan_degrade,moyen,66,46,0.7799564270152506,0.9090909090909091,0.2857142857142857,0.7142857142857143
71190280.png,effet_scan_degrade,fort,66,0,1.0,1.0,0.0,1.0
71190280.png,distorsion_decalage,faible,66,79,0.7363834422657952,0.9242424242424242,0.7142857142857143,0.2857142857142857
71190280.png,distorsion_decalage,moyen,66,66,0.6383442265795207,0.803030303030303,0.6785714285714286,0.3214285714285714
71190280.png,distorsion_decalage,fort,66,51,0.6427015250544662,0.7727272727272727,0.5,0.5
71190280.png,ombres,faible,66,83,0.7145969498910676,0.9393939393939394,0.6964285714285714,0.3035714285714286
71190280.png,ombres,moyen,66,73,0.6862745098039216,0.8333333333333334,0.6785714285714286,0.3214285714285714
71190280.png,ombres,fort,66,46,0.7189542483660131,0.8333333333333334,0.4107142857142857,0.5892857142857143
71202511.png,flou_gaussien,faible,213,14,0.957088122605364,0.9765258215962441,0.03289473684210526,0.9671052631578947
71202511.png,flou_gaussien,moyen,213,0,1.0,1.0,0.0,1.0
71202511.png,flou_gaussien,fort,213,0,1.0,1.0,0.0,1.0
71202511.png,bruit_aleatoire,faible,213,196,0.5126436781609195,0.7089201877934272,0.618421052631579,0.381578947368421
71202511.png,bruit_aleatoire,moyen,213,192,0.5195402298850574,0.7230046948356808,0.5921052631578947,0.4078947368421053
71202511.png,bruit_aleatoire,fort,213,233,0.5632183908045977,0.8544600938967136,0.5526315789473685,0.4473684210526315
71202511.png,rotation_legere,faible,213,202,0.5210727969348659,0.7793427230046949,0.5723684210526315,0.4276315789473685
71202511.png,rotation_legere,moyen,213,195,0.5095785440613027,0.6995305164319249,0.6447368421052632,0.35526315789473684
71202511.png,rotation_legere,fort,213,18,0.9210727969348659,0.9765258215962441,0.03289473684210526,0.9671052631578947
71202511.png,faible_contraste,faible,213,203,0.5134099616858238,0.7276995305164319,0.6118421052631579,0.38815789473684215
71202511.png,faible_contraste,moyen,213,201,0.5126436781609195,0.704225352112676,0.625,0.375
71202511.png,faible_contraste,fort,213,197,0.5126436781609195,0.6995305164319249,0.6052631578947368,0.39473684210526316
71202511.png,compression_jpeg,faible,213,179,0.47126436781609193,0.6713615023474179,0.5789473684210527,0.42105263157894735
71202511.png,compression_jpeg,moyen,213,183,0.5233716475095785,0.7417840375586855,0.4868421052631579,0.513157894736842
71202511.png,compression_jpeg,fort,213,185,0.5816091954022988,0.8309859154929577,0.4144736842105263,0.5855263157894737
71202511.png,effet_scan_degrade,faible,213,43,0.803831417624521,0.8873239436619719,0.17763157894736842,0.8223684210526316
71202511.png,effet_scan_degrade,moyen,213,15,0.9532567049808429,0.971830985915493,0.039473684210526314,0.9605263157894737
71202511.png,effet_scan_degrade,fort,213,43,0.9279693486590038,0.9906103286384976,0.03289473684210526,0.9671052631578947
71202511.png,distorsion_decalage,faible,213,198,0.5609195402298851,0.8075117370892019,0.47368421052631576,0.5263157894736843
71202511.png,distorsion_decalage,moyen,213,200,0.5088122605363985,0.7089201877934272,0.6381578947368421,0.36184210526315785
71202511.png,distorsion_decalage,fort,213,200,0.5348659003831417,0.7511737089201878,0.618421052631579,0.381578947368421
71202511.png,ombres,faible,213,198,0.5095785440613027,0.7136150234741784,0.6118421052631579,0.38815789473684215
71202511.png,ombres,moyen,213,199,0.5149425287356322,0.7183098591549296,0.6118421052631579,0.38815789473684215
71202511.png,ombres,fort,213,113,0.6704980842911877,0.8403755868544601,0.3618421052631579,0.638157894736842
71206427.png,flou_gaussien,faible,61,2,0.977319587628866,1.0,0.0,1.0
71206427.png,flou_gaussien,moyen,61,0,1.0,1.0,0.0,1.0
71206427.png,flou_gaussien,fort,61,1,0.9958762886597938,1.0,0.0,1.0
71206427.png,bruit_aleatoire,faible,61,73,0.3835051546391753,0.5737704918032787,0.9629629629629629,0.03703703703703709
71206427.png,bruit_aleatoire,moyen,61,70,0.38556701030927837,0.5573770491803278,0.9074074074074074,0.09259259259259256
71206427.png,bruit_aleatoire,fort,61,78,0.47835051546391755,0.7704918032786885,0.8148148148148148,0.18518518518518523
71206427.png,rotation_legere,faible,61,71,0.38762886597938145,0.5737704918032787,0.9074074074074074,0.09259259259259256
71206427.png,rotation_legere,moyen,61,77,0.6268041237113402,1.0491803278688525,0.42592592592592593,0.5740740740740741
71206427.png,rotation_legere,fort,61,61,0.5463917525773195,0.6557377049180327,0.8518518518518519,0.14814814814814814
71206427.png,faible_contraste,faible,61,69,0.3670103092783505,0.4918032786885246,0.9444444444444444,0.05555555555555558
71206427.png,faible_contraste,moyen,61,69,0.36907216494845363,0.5081967213114754,0.9444444444444444,0.05555555555555558
71206427.png,faible_contraste,fort,61,68,0.3628865979381443,0.47540983606557374,0.9444444444444444,0.05555555555555558
71206427.png,compression_jpeg,faible,61,69,0.41030927835051545,0.639344262295082,0.8888888888888888,0.11111111111111116
71206427.png,compression_jpeg,moyen,61,66,0.3835051546391753,0.5737704918032787,0.8888888888888888,0.11111111111111116
71206427.png,compression_jpeg,fort,61,61,0.4536082474226804,0.7049180327868853,0.6111111111111112,0.38888888888888884
71206427.png,effet_scan_degrade,faible,61,61,0.422680412371134,0.6065573770491803,0.6851851851851852,0.31481481481481477
71206427.png,effet_scan_degrade,moyen,61,9,0.9010309278350516,0.9016393442622951,0.1111111111111111,0.8888888888888888
71206427.png,effet_scan_degrade,fort,61,14,0.8577319587628865,0.9508196721311475,0.05555555555555555,0.9444444444444444
71206427.png,distorsion_decalage,faible,61,74,0.4288659793814433,0.6229508196721312,0.8703703703703703,0.12962962962962965
71206427.png,distorsion_decalage,moyen,61,66,0.38762886597938145,0.5245901639344263,0.9259259259259259,0.07407407407407407
71206427.png,distorsion_decalage,fort,61,62,0.36082474226804123,0.5245901639344263,0.8703703703703703,0.12962962962962965
71206427.png,ombres,faible,61,69,0.3731958762886598,0.5081967213114754,0.9629629629629629,0.03703703703703709
71206427.png,ombres,moyen,61,65,0.3649484536082474,0.45901639344262296,0.9259259259259259,0.07407407407407407
71206427.png,ombres,fort,61,34,0.6577319587628866,0.7540983606557377,0.46296296296296297,0.537037037037037
71341634.png,flou_gaussien,faible,243,37,0.9160197600564574,0.9835390946502057,0.05825242718446602,0.941747572815534
71341634.png,flou_gaussien,moyen,243,0,1.0,1.0,0.0,1.0
71341634.png,flou_gaussien,fort,243,17,0.976711362032463,1.0,0.0,1.0
71341634.png,bruit_aleatoire,faible,243,186,0.7784050811573747,0.9876543209876543,0.16019417475728157,0.8398058252427184
71341634.png,bruit_aleatoire,moyen,243,189,0.7805222300635145,0.9876543209876543,0.15048543689320387,0.8495145631067962
71341634.png,bruit_aleatoire,fort,243,167,0.784756527875794,0.9711934156378601,0.16990291262135923,0.8300970873786407
71341634.png,rotation_legere,faible,243,213,0.7946365561044461,0.9876543209876543,0.21359223300970873,0.7864077669902912
71341634.png,rotation_legere,moyen,243,31,0.9202540578687368,0.9958847736625515,0.019417475728155338,0.9805825242718447
71341634.png,rotation_legere,fort,243,141,0.7918136908962597,0.9753086419753086,0.16990291262135923,0.8300970873786407
71341634.png,faible_contraste,faible,243,203,0.7904022582921666,0.9876543209876543,0.1941747572815534,0.8058252427184466
71341634.png,faible_contraste,moyen,243,198,0.7946365561044461,0.9835390946502057,0.2087378640776699,0.7912621359223301
71341634.png,faible_contraste,fort,243,203,0.7904022582921666,0.9835390946502057,0.21359223300970873,0.7864077669902912
71341634.png,compression_jpeg,faible,243,180,0.7918136908962597,0.9835390946502057,0.18446601941747573,0.8155339805825242
71341634.png,compression_jpeg,moyen,243,166,0.7868736767819337,0.9794238683127572,0.1407766990291262,0.8592233009708738
71341634.png,compression_jpeg,fort,243,154,0.7840508115737473,0.9835390946502057,0.09223300970873786,0.9077669902912622
71341634.png,effet_scan_degrade,faible,243,23,0.9301340860973889,0.9753086419753086,0.06310679611650485,0.9368932038834952
71341634.png,effet_scan_degrade,moyen,243,28,0.9294283697953423,0.9835390946502057,0.038834951456310676,0.9611650485436893
71341634.png,effet_scan_degrade,fort,243,20,0.9604798870853917,0.9958847736625515,0.0048543689320388345,0.9951456310679612
71341634.png,distorsion_decalage,faible,243,173,0.7889908256880734,0.9876543209876543,0.16990291262135923,0.8300970873786407
71341634.png,distorsion_decalage,moyen,243,198,0.7840508115737473,0.9876543209876543,0.16019417475728157,0.8398058252427184
71341634.png,distorsion_decalage,fort,243,169,0.784756527875794,0.9794238683127572,0.18932038834951456,0.8106796116504854
71341634.png,ombres,faible,243,155,0.7833450952717008,0.9794238683127572,0.19902912621359223,0.8009708737864077
71341634.png,ombres,moyen,243,175,0.7826393789696542,0.9753086419753086,0.21359223300970873,0.7864077669902912
71341634.png,ombres,fort,243,62,0.8680310515172901,0.9794238683127572,0.13106796116504854,0.8689320388349515
71366499.png,flou_gaussien,faible,71,0,1.0,1.0,0.0,1.0
71366499.png,flou_gaussien,moyen,71,0,1.0,1.0,0.0,1.0
71366499.png,flou_gaussien,fort,71,0,1.0,1.0,0.0,1.0
71366499.png,bruit_aleatoire,faible,71,51,0.7597911227154047,0.9154929577464789,0.38181818181818183,0.6181818181818182
71366499.png,bruit_aleatoire,moyen,71,39,0.7075718015665796,0.8450704225352113,0.3090909090909091,0.6909090909090909
71366499.png,bruit_aleatoire,fort,71,34,0.7310704960835509,0.8873239436619719,0.23636363636363636,0.7636363636363637
71366499.png,rotation_legere,faible,71,48,0.762402088772846,0.8732394366197183,0.32727272727272727,0.6727272727272727
71366499.png,rotation_legere,moyen,71,55,0.7650130548302873,0.9154929577464789,0.3090909090909091,0.6909090909090909
71366499.png,rotation_legere,fort,71,55,0.7911227154046997,0.9436619718309859,0.18181818181818182,0.8181818181818181
71366499.png,faible_contraste,faible,71,51,0.7258485639686684,0.9014084507042254,0.38181818181818183,0.6181818181818182
71366499.png,faible_contraste,moyen,71,51,0.7232375979112271,0.8873239436619719,0.36363636363636365,0.6363636363636364
71366499.png,faible_contraste,fort,71,56,0.7545691906005222,0.8732394366197183,0.4,0.6
71366499.png,compression_jpeg,faible,71,49,0.7493472584856397,0.9014084507042254,0.34545454545454546,0.6545454545454545
71366499.png,compression_jpeg,moyen,71,53,0.7676240208877284,0.9154929577464789,0.3090909090909091,0.6909090909090909
71366499.png,compression_jpeg,fort,71,30,0.7389033942558747,0.9154929577464789,0.18181818181818182,0.8181818181818181
71366499.png,effet_scan_degrade,faible,71,28,0.7049608355091384,0.9014084507042254,0.2,0.8
71366499.png,effet_scan_degrade,moyen,71,0,1.0,1.0,0.0,1.0
71366499.png,effet_scan_degrade,fort,71,0,1.0,1.0,0.0,1.0
71366499.png,distorsion_decalage,faible,71,51,0.7493472584856397,0.9295774647887324,0.34545454545454546,0.6545454545454545
71366499.png,distorsion_decalage,moyen,71,50,0.6814621409921671,0.8450704225352113,0.38181818181818183,0.6181818181818182
71366499.png,distorsion_decalage,fort,71,53,0.7754569190600522,0.9154929577464789,0.23636363636363636,0.7636363636363637
71366499.png,ombres,faible,71,46,0.6657963446475196,0.8732394366197183,0.3090909090909091,0.6909090909090909
71366499.png,ombres,moyen,71,53,0.7728459530026109,0.9154929577464789,0.41818181818181815,0.5818181818181818
71366499.png,ombres,fort,71,40,0.6710182767624021,0.8450704225352113,0.34545454545454546,0.6545454545454545
71563825.png,flou_gaussien,faible,240,212,0.4435374149659864,0.75,0.45294117647058824,0.5470588235294118
71563825.png,flou_gaussien,moyen,240,85,0.8639455782312925,0.9916666666666667,0.01764705882352941,0.9823529411764705
71563825.png,flou_gaussien,fort,240,0,1.0,1.0,0.0,1.0
71563825.png,bruit_aleatoire,faible,240,176,0.42653061224489797,0.6041666666666666,0.4764705882352941,0.5235294117647059
71563825.png,bruit_aleatoire,moyen,240,159,0.4782312925170068,0.6625,0.40588235294117647,0.5941176470588235
71563825.png,bruit_aleatoire,fort,240,0,1.0,1.0,0.0,1.0
71563825.png,rotation_legere,faible,240,202,0.4217687074829932,0.7166666666666667,0.4411764705882353,0.5588235294117647
71563825.png,rotation_legere,moyen,240,191,0.4448979591836735,0.7458333333333333,0.35294117647058826,0.6470588235294117
71563825.png,rotation_legere,fort,240,185,0.4054421768707483,0.6041666666666666,0.47058823529411764,0.5294117647058824
71563825.png,faible_contraste,faible,240,225,0.3523809523809524,0.5708333333333333,0.6529411764705882,0.34705882352941175
71563825.png,faible_contraste,moyen,240,233,0.33197278911564626,0.6125,0.5882352941176471,0.4117647058823529
71563825.png,faible_contraste,fort,240,224,0.3510204081632653,0.5625,0.6588235294117647,0.3411764705882353
71563825.png,compression_jpeg,faible,240,209,0.37006802721088433,0.5666666666666667,0.5882352941176471,0.4117647058823529
71563825.png,compression_jpeg,moyen,240,175,0.43605442176870746,0.6708333333333333,0.47058823529411764,0.5294117647058824
71563825.png,compression_jpeg,fort,240,189,0.501360544217687,0.8125,0.3,0.7
71563825.png,effet_scan_degrade,faible,240,211,0.3598639455782313,0.6416666666666667,0.5411764705882353,0.45882352941176474
71563825.png,effet_scan_degrade,moyen,240,217,0.4034013605442177,0.7458333333333333,0.4470588235294118,0.5529411764705883
71563825.png,effet_scan_degrade,fort,240,145,0.6843537414965987,0.9375,0.12941176470588237,0.8705882352941177
71563825.png,distorsion_decalage,faible,240,215,0.2979591836734694,0.55,0.5705882352941176,0.4294117647058824
71563825.png,distorsion_decalage,moyen,240,163,0.49183673469387756,0.6833333333333333,0.4588235294117647,0.5411764705882354
71563825.png,distorsion_decalage,fort,240,199,0.5285714285714286,0.7541666666666667,0.48823529411764705,0.5117647058823529
71563825.png,ombres,faible,240,194,0.38299319727891157,0.6083333333333333,0.5294117647058824,0.47058823529411764
71563825.png,ombres,moyen,240,181,0.3578231292517007,0.5333333333333333,0.5470588235294118,0.4529411764705882
71563825.png,ombres,fort,240,77,0.6863945578231293,0.7541666666666667,0.27647058823529413,0.7235294117647059
71601299.png,flou_gaussien,faible,248,207,0.24656593406593408,0.34274193548387094,0.6753246753246753,0.3246753246753247
71601299.png,flou_gaussien,moyen,248,0,1.0,1.0,0.0,1.0
71601299.png,flou_gaussien,fort,248,4,0.9965659340659341,1.0,0.0,1.0
71601299.png,bruit_aleatoire,faible,248,240,0.14697802197802198,0.2903225806451613,0.7857142857142857,0.2142857142857143
71601299.png,bruit_aleatoire,moyen,248,239,0.1771978021978022,0.31451612903225806,0.7857142857142857,0.2142857142857143
71601299.png,bruit_aleatoire,fort,248,235,0.21771978021978022,0.4717741935483871,0.6753246753246753,0.3246753246753247
71601299.png,rotation_legere,faible,248,226,0.21153846153846154,0.3790322580645161,0.7727272727272727,0.2272727272727273
71601299.png,rotation_legere,moyen,248,97,0.6373626373626373,0.7741935483870968,0.4025974025974026,0.5974025974025974
71601299.png,rotation_legere,fort,248,180,0.5370879120879121,0.7701612903225806,0.35064935064935066,0.6493506493506493
71601299.png,faible_contraste,faible,248,240,0.17582417582417584,0.31048387096774194,0.7922077922077922,0.20779220779220775
71601299.png,faible_contraste,moyen,248,241,0.17445054945054944,0.3064516129032258,0.7987012987012987,0.2012987012987013
71601299.png,faible_contraste,fort,248,241,0.17307692307692307,0.3024193548387097,0.8051948051948052,0.19480519480519476
71601299.png,compression_jpeg,faible,248,234,0.18337912087912087,0.31451612903225806,0.7792207792207793,0.22077922077922074
71601299.png,compression_jpeg,moyen,248,237,0.17582417582417584,0.32661290322580644,0.7597402597402597,0.24025974025974028
71601299.png,compression_jpeg,fort,248,233,0.18681318681318682,0.40725806451612906,0.7077922077922078,0.29220779220779225
71601299.png,effet_scan_degrade,faible,248,229,0.18406593406593408,0.31451612903225806,0.7207792207792207,0.27922077922077926
71601299.png,effet_scan_degrade,moyen,248,196,0.29120879120879123,0.39919354838709675,0.6103896103896104,0.38961038961038963
71601299.png,effet_scan_degrade,fort,248,181,0.5027472527472527,0.782258064516129,0.2662337662337662,0.7337662337662338
71601299.png,distorsion_decalage,faible,248,242,0.15865384615384615,0.29435483870967744,0.7792207792207793,0.22077922077922074
71601299.png,distorsion_decalage,moyen,248,242,0.15178571428571427,0.2661290322580645,0.8116883116883117,0.18831168831168832
71601299.png,distorsion_decalage,fort,248,238,0.15384615384615385,0.31451612903225806,0.7662337662337663,0.23376623376623373
71601299.png,ombres,faible,248,245,0.1723901098901099,0.2862903225806452,0.7987012987012987,0.2012987012987013
71601299.png,ombres,moyen,248,243,0.1723901098901099,0.29838709677419356,0.7922077922077922,0.20779220779220775
71601299.png,ombres,fort,248,178,0.2767857142857143,0.4435483870967742,0.6688311688311688,0.3311688311688312
716552.png,flou_gaussien,faible,219,100,0.6230650154798761,0.7625570776255708,0.33774834437086093,0.6622516556291391
716552.png,flou_gaussien,moyen,219,18,0.9674922600619195,1.0,0.0,1.0
716552.png,flou_gaussien,fort,219,0,1.0,1.0,0.0,1.0
716552.png,bruit_aleatoire,faible,219,156,0.4984520123839009,0.6484018264840182,0.423841059602649,0.576158940397351
716552.png,bruit_aleatoire,moyen,219,136,0.5185758513931888,0.684931506849315,0.3708609271523179,0.6291390728476821
716552.png,bruit_aleatoire,fort,219,192,0.5116099071207431,0.7168949771689498,0.4503311258278146,0.5496688741721854
716552.png,rotation_legere,faible,219,156,0.6470588235294118,0.8036529680365296,0.46357615894039733,0.5364238410596027
716552.png,rotation_legere,moyen,219,174,0.5147058823529411,0.7351598173515982,0.3973509933774834,0.6026490066225165
716552.png,rotation_legere,fort,219,176,0.7492260061919505,0.8995433789954338,0.3973509933774834,0.6026490066225165
716552.png,faible_contraste,faible,219,183,0.4938080495356037,0.6940639269406392,0.47019867549668876,0.5298013245033113
716552.png,faible_contraste,moyen,219,130,0.531733746130031,0.6621004566210046,0.4370860927152318,0.5629139072847682
716552.png,faible_contraste,fort,219,183,0.4953560371517028,0.6986301369863014,0.46357615894039733,0.5364238410596027
716552.png,compression_jpeg,faible,219,134,0.5147058823529411,0.7077625570776256,0.40397350993377484,0.5960264900662251
716552.png,compression_jpeg,moyen,219,177,0.5185758513931888,0.7123287671232876,0.4304635761589404,0.5695364238410596
716552.png,compression_jpeg,fort,219,174,0.5363777089783281,0.7397260273972602,0.4105960264900662,0.5894039735099338
716552.png,effet_scan_degrade,faible,219,131,0.5301857585139319,0.730593607305936,0.36423841059602646,0.6357615894039735
716552.png,effet_scan_degrade,moyen,219,116,0.6253869969040248,0.7945205479452054,0.2913907284768212,0.7086092715231789
716552.png,effet_scan_degrade,fort,219,0,1.0,1.0,0.0,1.0
716552.png,distorsion_decalage,faible,219,119,0.5371517027863777,0.7031963470319634,0.36423841059602646,0.6357615894039735
716552.png,distorsion_decalage,moyen,219,187,0.5054179566563467,0.684931506849315,0.4768211920529801,0.5231788079470199
716552.png,distorsion_decalage,fort,219,168,0.6230650154798761,0.821917808219178,0.304635761589404,0.695364238410596
716552.png,ombres,faible,219,110,0.576625386996904,0.7442922374429224,0.3509933774834437,0.6490066225165563
716552.png,ombres,moyen,219,187,0.5255417956656346,0.6986301369863014,0.4900662251655629,0.509933774834437
716552.png,ombres,fort,219,59,0.7747678018575851,0.8767123287671232,0.2052980132450331,0.794701986754967
80310840a.png,flou_gaussien,faible,210,127,0.47107438016528924,0.6761904761904762,0.36363636363636365,0.6363636363636364
80310840a.png,flou_gaussien,moyen,210,0,1.0,1.0,0.0,1.0
80310840a.png,flou_gaussien,fort,210,0,1.0,1.0,0.0,1.0
80310840a.png,bruit_aleatoire,faible,210,186,0.48459804658151767,0.7142857142857143,0.5757575757575758,0.4242424242424242
80310840a.png,bruit_aleatoire,moyen,210,148,0.49361382419233657,0.7238095238095238,0.4121212121212121,0.5878787878787879
80310840a.png,bruit_aleatoire,fort,210,185,0.4740796393688956,0.7523809523809524,0.49696969696969695,0.503030303030303
80310840a.png,rotation_legere,faible,210,163,0.45154019534184825,0.6904761904761905,0.49696969696969695,0.503030303030303
80310840a.png,rotation_legere,moyen,210,179,0.42824943651389935,0.719047619047619,0.5333333333333333,0.4666666666666667
80310840a.png,rotation_legere,fort,210,4,0.9819684447783621,0.9904761904761905,0.012121212121212121,0.9878787878787879
80310840a.png,faible_contraste,faible,210,148,0.5063861758076634,0.7523809523809524,0.4666666666666667,0.5333333333333333
80310840a.png,faible_contraste,moyen,210,148,0.5078888054094666,0.7476190476190476,0.4727272727272727,0.5272727272727273
80310840a.png,faible_contraste,fort,210,148,0.5078888054094666,0.7476190476190476,0.47878787878787876,0.5212121212121212
80310840a.png,compression_jpeg,faible,210,186,0.42824943651389935,0.7,0.5818181818181818,0.4181818181818182
80310840a.png,compression_jpeg,moyen,210,157,0.4966190833959429,0.7142857142857143,0.503030303030303,0.49696969696969695
80310840a.png,compression_jpeg,fort,210,147,0.46882043576258453,0.7333333333333333,0.3939393939393939,0.6060606060606061
80310840a.png,effet_scan_degrade,faible,210,78,0.6626596543951916,0.8,0.2606060606060606,0.7393939393939394
80310840a.png,effet_scan_degrade,moyen,210,80,0.6250939143501127,0.7476190476190476,0.30303030303030304,0.696969696969697
80310840a.png,effet_scan_degrade,fort,210,49,0.8241923365890308,0.9333333333333333,0.07878787878787878,0.9212121212121213
80310840a.png,distorsion_decalage,faible,210,154,0.5199098422238918,0.719047619047619,0.503030303030303,0.49696969696969695
80310840a.png,distorsion_decalage,moyen,210,146,0.44327573253193087,0.6666666666666666,0.46060606060606063,0.5393939393939393
80310840a.png,distorsion_decalage,fort,210,77,0.7392937640871525,0.8904761904761904,0.21818181818181817,0.7818181818181819
80310840a.png,ombres,faible,210,173,0.3786626596543952,0.638095238095238,0.5454545454545454,0.4545454545454546
80310840a.png,ombres,moyen,210,178,0.43125469571750563,0.7047619047619048,0.5757575757575758,0.4242424242424242
80310840a.png,ombres,fort,210,101,0.5574755822689706,0.7095238095238096,0.3696969696969697,0.6303030303030304
80707440_7443.png,flou_gaussien,faible,179,159,0.31610337972166996,0.4581005586592179,0.5874125874125874,0.4125874125874126
80707440_7443.png,flou_gaussien,moyen,179,6,0.9840954274353877,1.0,0.0,1.0
80707440_7443.png,flou_gaussien,fort,179,0,1.0,1.0,0.0,1.0
80707440_7443.png,bruit_aleatoire,faible,179,173,0.2504970178926441,0.3407821229050279,0.6993006993006993,0.30069930069930073
80707440_7443.png,bruit_aleatoire,moyen,179,169,0.2554671968190855,0.3407821229050279,0.7132867132867133,0.28671328671328666
80707440_7443.png,bruit_aleatoire,fort,179,0,1.0,1.0,0.0,1.0
80707440_7443.png,rotation_legere,faible,179,166,0.25347912524850896,0.3463687150837989,0.6923076923076923,0.3076923076923077
80707440_7443.png,rotation_legere,moyen,179,150,0.2932405566600398,0.39106145251396646,0.6573426573426573,0.3426573426573427
80707440_7443.png,rotation_legere,fort,179,33,0.8817097415506958,0.9720670391061452,0.04895104895104895,0.951048951048951
80707440_7443.png,faible_contraste,faible,179,166,0.27335984095427435,0.36312849162011174,0.7412587412587412,0.25874125874125875
80707440_7443.png,faible_contraste,moyen,179,165,0.27435387673956263,0.3687150837988827,0.7272727272727273,0.2727272727272727
80707440_7443.png,faible_contraste,fort,179,166,0.2813121272365805,0.3743016759776536,0.7342657342657343,0.26573426573426573
80707440_7443.png,compression_jpeg,faible,179,165,0.28628230616302186,0.3687150837988827,0.7062937062937062,0.29370629370629375
80707440_7443.png,compression_jpeg,moyen,179,171,0.30218687872763417,0.39106145251396646,0.6713286713286714,0.32867132867132864
80707440_7443.png,compression_jpeg,fort,179,173,0.31809145129224653,0.5586592178770949,0.4825174825174825,0.5174825174825175
80707440_7443.png,effet_scan_degrade,faible,179,168,0.2673956262425447,0.4022346368715084,0.6783216783216783,0.32167832167832167
80707440_7443.png,effet_scan_degrade,moyen,179,163,0.32007952286282304,0.46368715083798884,0.6013986013986014,0.39860139860139865
80707440_7443.png,effet_scan_degrade,fort,179,29,0.8807157057654076,0.9608938547486033,0.06293706293706294,0.9370629370629371
80707440_7443.png,distorsion_decalage,faible,179,173,0.24254473161033796,0.3463687150837989,0.7062937062937062,0.29370629370629375
80707440_7443.png,distorsion_decalage,moyen,179,176,0.25347912524850896,0.3575418994413408,0.7412587412587412,0.25874125874125875
80707440_7443.png,distorsion_decalage,fort,179,176,0.3349900596421471,0.4860335195530726,0.6713286713286714,0.32867132867132864
80707440_7443.png,ombres,faible,179,171,0.23757455268389663,0.3128491620111732,0.7552447552447552,0.2447552447552448
80707440_7443.png,ombres,moyen,179,42,0.8250497017892644,0.9050279329608939,0.1958041958041958,0.8041958041958042
80707440_7443.png,ombres,fort,179,58,0.7176938369781312,0.7374301675977654,0.2727272727272727,0.7272727272727273
80718412_8413.png,flou_gaussien,faible,83,69,0.5346534653465347,0.7108433734939759,0.4393939393939394,0.5606060606060606
80718412_8413.png,flou_gaussien,moyen,83,8,0.9544554455445544,1.0,0.0,1.0
80718412_8413.png,flou_gaussien,fort,83,2,0.994059405940594,1.0,0.0,1.0
80718412_8413.png,bruit_aleatoire,faible,83,77,0.4316831683168317,0.6746987951807228,0.5454545454545454,0.4545454545454546
80718412_8413.png,bruit_aleatoire,moyen,83,70,0.4613861386138614,0.6867469879518072,0.5,0.5
80718412_8413.png,bruit_aleatoire,fort,83,0,1.0,1.0,0.0,1.0
80718412_8413.png,rotation_legere,faible,83,76,0.6554455445544555,0.7831325301204819,0.5606060606060606,0.43939393939393945
80718412_8413.png,rotation_legere,moyen,83,63,0.5821782178217821,0.7951807228915663,0.4696969696969697,0.5303030303030303
80718412_8413.png,rotation_legere,fort,83,69,0.497029702970297,0.7108433734939759,0.5151515151515151,0.48484848484848486
80718412_8413.png,faible_contraste,faible,83,71,0.6138613861386139,0.8072289156626506,0.5151515151515151,0.48484848484848486
80718412_8413.png,faible_contraste,moyen,83,73,0.6217821782178218,0.8072289156626506,0.5151515151515151,0.48484848484848486
80718412_8413.png,faible_contraste,fort,83,71,0.6178217821782178,0.8072289156626506,0.5,0.5
80718412_8413.png,compression_jpeg,faible,83,72,0.6396039603960396,0.8072289156626506,0.5303030303030303,0.4696969696969697
80718412_8413.png,compression_jpeg,moyen,83,68,0.5900990099009901,0.8313253012048193,0.4696969696969697,0.5303030303030303
80718412_8413.png,compression_jpeg,fort,83,71,0.6693069306930693,0.8554216867469879,0.3939393939393939,0.6060606060606061
80718412_8413.png,effet_scan_degrade,faible,83,73,0.592079207920792,0.7469879518072289,0.5454545454545454,0.4545454545454546
80718412_8413.png,effet_scan_degrade,moyen,83,60,0.5722772277227722,0.7831325301204819,0.3484848484848485,0.6515151515151515
80718412_8413.png,effet_scan_degrade,fort,83,60,0.7584158415841584,0.963855421686747,0.06060606060606061,0.9393939393939394
80718412_8413.png,distorsion_decalage,faible,83,66,0.4910891089108911,0.6626506024096386,0.4696969696969697,0.5303030303030303
80718412_8413.png,distorsion_decalage,moyen,83,59,0.6871287128712872,0.8313253012048193,0.4393939393939394,0.5606060606060606
80718412_8413.png,distorsion_decalage,fort,83,76,0.42574257425742573,0.6506024096385542,0.5151515151515151,0.48484848484848486
80718412_8413.png,ombres,faible,83,79,0.44554455445544555,0.7469879518072289,0.4696969696969697,0.5303030303030303
80718412_8413.png,ombres,moyen,83,36,0.6594059405940594,0.7951807228915663,0.30303030303030304,0.696969696969697
80718412_8413.png,ombres,fort,83,56,0.5188118811881188,0.7108433734939759,0.42424242424242425,0.5757575757575757
80728670.png,flou_gaussien,faible,119,97,0.3463768115942029,0.5462184873949579,0.6105263157894737,0.3894736842105263
80728670.png,flou_gaussien,moyen,119,55,0.8144927536231884,1.0,0.0,1.0
80728670.png,flou_gaussien,fort,119,19,0.9434782608695652,1.0,0.0,1.0
80728670.png,bruit_aleatoire,faible,119,104,0.3565217391304348,0.5462184873949579,0.6421052631578947,0.35789473684210527
80728670.png,bruit_aleatoire,moyen,119,103,0.2898550724637681,0.5126050420168067,0.631578947368421,0.368421052631579
80728670.png,bruit_aleatoire,fort,119,109,0.30869565217391304,0.5630252100840336,0.6105263157894737,0.3894736842105263
80728670.png,rotation_legere,faible,119,105,0.263768115942029,0.47058823529411764,0.6210526315789474,0.3789473684210526
80728670.png,rotation_legere,moyen,119,99,0.2608695652173913,0.5126050420168067,0.5684210526315789,0.43157894736842106
80728670.png,rotation_legere,fort,119,27,0.8101449275362319,0.9327731092436975,0.08421052631578947,0.9157894736842105
80728670.png,faible_contraste,faible,119,103,0.2898550724637681,0.48739495798319327,0.6421052631578947,0.35789473684210527
80728670.png,faible_contraste,moyen,119,103,0.29130434782608694,0.4789915966386555,0.6421052631578947,0.35789473684210527
80728670.png,faible_contraste,fort,119,103,0.29130434782608694,0.4789915966386555,0.6526315789473685,0.34736842105263155
80728670.png,compression_jpeg,faible,119,105,0.36231884057971014,0.5630252100840336,0.6210526315789474,0.3789473684210526
80728670.png,compression_jpeg,moyen,119,106,0.28695652173913044,0.4957983193277311,0.6421052631578947,0.35789473684210527
80728670.png,compression_jpeg,fort,119,102,0.25072463768115943,0.4789915966386555,0.631578947368421,0.368421052631579
80728670.png,effet_scan_degrade,faible,119,98,0.25072463768115943,0.4957983193277311,0.5894736842105263,0.41052631578947374
80728670.png,effet_scan_degrade,moyen,119,110,0.2768115942028985,0.5210084033613446,0.6105263157894737,0.3894736842105263
80728670.png,effet_scan_degrade,fort,119,104,0.27246376811594203,0.6302521008403361,0.45263157894736844,0.5473684210526315
80728670.png,distorsion_decalage,faible,119,112,0.37971014492753624,0.5798319327731093,0.6526315789473685,0.34736842105263155
80728670.png,distorsion_decalage,moyen,119,109,0.4028985507246377,0.6218487394957983,0.6105263157894737,0.3894736842105263
80728670.png,distorsion_decalage,fort,119,105,0.36376811594202896,0.6218487394957983,0.6210526315789474,0.3789473684210526
80728670.png,ombres,faible,119,105,0.2898550724637681,0.4957983193277311,0.631578947368421,0.368421052631579
80728670.png,ombres,moyen,119,55,0.5478260869565217,0.6554621848739496,0.3473684210526316,0.6526315789473685
80728670.png,ombres,fort,119,64,0.508695652173913,0.6386554621848739,0.43157894736842106,0.5684210526315789
81186212.png,flou_gaussien,faible,62,60,0.0675990675990676,0.0967741935483871,0.9298245614035088,0.07017543859649122
81186212.png,flou_gaussien,moyen,62,9,0.8951048951048951,1.0,0.0,1.0
81186212.png,flou_gaussien,fort,62,1,0.9976689976689976,1.0,0.0,1.0
81186212.png,bruit_aleatoire,faible,62,62,0.07692307692307693,0.11290322580645161,0.9298245614035088,0.07017543859649122
81186212.png,bruit_aleatoire,moyen,62,61,0.16317016317016317,0.1935483870967742,0.9473684210526315,0.052631578947368474
81186212.png,bruit_aleatoire,fort,62,63,0.08857808857808858,0.20967741935483872,0.8771929824561403,0.1228070175438597
81186212.png,rotation_legere,faible,62,60,0.07459207459207459,0.14516129032258066,0.8771929824561403,0.1228070175438597
81186212.png,rotation_legere,moyen,62,64,0.38461538461538464,0.6290322580645161,0.5964912280701754,0.4035087719298246
81186212.png,rotation_legere,fort,62,46,0.5151515151515151,0.7580645161290323,0.24561403508771928,0.7543859649122807
81186212.png,faible_contraste,faible,62,61,0.16083916083916083,0.1935483870967742,0.9473684210526315,0.052631578947368474
81186212.png,faible_contraste,moyen,62,61,0.16083916083916083,0.1935483870967742,0.9473684210526315,0.052631578947368474
81186212.png,faible_contraste,fort,62,63,0.18414918414918416,0.22580645161290322,0.9649122807017544,0.03508771929824561
81186212.png,compression_jpeg,faible,62,60,0.05827505827505827,0.08064516129032258,0.9298245614035088,0.07017543859649122
81186212.png,compression_jpeg,moyen,62,61,0.19347319347319347,0.24193548387096775,0.9473684210526315,0.052631578947368474
81186212.png,compression_jpeg,fort,62,61,0.07459207459207459,0.12903225806451613,0.8947368421052632,0.10526315789473684
81186212.png,effet_scan_degrade,faible,62,60,0.11188811188811189,0.1935483870967742,0.8421052631578947,0.1578947368421053
81186212.png,effet_scan_degrade,moyen,62,54,0.13286713286713286,0.16129032258064516,0.8596491228070176,0.14035087719298245
81186212.png,effet_scan_degrade,fort,62,46,0.3939393939393939,0.4838709677419355,0.6140350877192983,0.38596491228070173
81186212.png,distorsion_decalage,faible,62,61,0.07692307692307693,0.11290322580645161,0.9122807017543859,0.08771929824561409
81186212.png,distorsion_decalage,moyen,62,62,0.08857808857808858,0.1935483870967742,0.8771929824561403,0.1228070175438597
81186212.png,distorsion_decalage,fort,62,62,0.19114219114219114,0.3387096774193548,0.8245614035087719,0.17543859649122806
81186212.png,ombres,faible,62,61,0.16083916083916083,0.1935483870967742,0.9473684210526315,0.052631578947368474
81186212.png,ombres,moyen,62,19,0.7016317016317016,0.7741935483870968,0.2631578947368421,0.736842105263158
81186212.png,ombres,fort,62,36,0.42657342657342656,0.45161290322580644,0.5614035087719298,0.4385964912280702
81310636.png,flou_gaussien,faible,73,27,0.6485355648535565,0.7808219178082192,0.21428571428571427,0.7857142857142857
81310636.png,flou_gaussien,moyen,73,0,1.0,1.0,0.0,1.0
81310636.png,flou_gaussien,fort,73,0,1.0,1.0,0.0,1.0
81310636.png,bruit_aleatoire,faible,73,72,0.5460251046025104,0.7671232876712328,0.7321428571428571,0.2678571428571429
81310636.png,bruit_aleatoire,moyen,73,71,0.5209205020920502,0.6986301369863014,0.6964285714285714,0.3035714285714286
81310636.png,bruit_aleatoire,fort,73,0,1.0,1.0,0.0,1.0
81310636.png,rotation_legere,faible,73,67,0.42887029288702927,0.589041095890411,0.7321428571428571,0.2678571428571429
81310636.png,rotation_legere,moyen,73,69,0.46443514644351463,0.726027397260274,0.5535714285714286,0.4464285714285714
81310636.png,rotation_legere,fort,73,70,0.4393305439330544,0.589041095890411,0.7142857142857143,0.2857142857142857
81310636.png,faible_contraste,faible,73,71,0.4895397489539749,0.6712328767123288,0.6964285714285714,0.3035714285714286
81310636.png,faible_contraste,moyen,73,71,0.49372384937238495,0.6986301369863014,0.6785714285714286,0.3214285714285714
81310636.png,faible_contraste,fort,73,70,0.4895397489539749,0.6575342465753424,0.6785714285714286,0.3214285714285714
81310636.png,compression_jpeg,faible,73,70,0.5585774058577406,0.7397260273972602,0.6964285714285714,0.3035714285714286
81310636.png,compression_jpeg,moyen,73,66,0.401673640167364,0.5616438356164384,0.625,0.375
81310636.png,compression_jpeg,fort,73,69,0.4476987447698745,0.6438356164383562,0.5892857142857143,0.4107142857142857
81310636.png,effet_scan_degrade,faible,73,59,0.3410041841004184,0.5342465753424658,0.625,0.375
81310636.png,effet_scan_degrade,moyen,73,27,0.6485355648535565,0.7808219178082192,0.21428571428571427,0.7857142857142857
81310636.png,effet_scan_degrade,fort,73,31,0.608786610878661,0.7534246575342466,0.23214285714285715,0.7678571428571428
81310636.png,distorsion_decalage,faible,73,69,0.4665271966527197,0.6575342465753424,0.6785714285714286,0.3214285714285714
81310636.png,distorsion_decalage,moyen,73,70,0.5167364016736402,0.6575342465753424,0.6428571428571429,0.3571428571428571
81310636.png,distorsion_decalage,fort,73,66,0.40376569037656906,0.589041095890411,0.6428571428571429,0.3571428571428571
81310636.png,ombres,faible,73,71,0.48535564853556484,0.6438356164383562,0.75,0.25
81310636.png,ombres,moyen,73,54,0.5188284518828452,0.684931506849315,0.5357142857142857,0.4642857142857143
81310636.png,ombres,fort,73,26,0.7343096234309623,0.821917808219178,0.25,0.75
81574683.png,flou_gaussien,faible,231,198,0.5915194346289753,0.7792207792207793,0.4972972972972973,0.5027027027027027
81574683.png,flou_gaussien,moyen,231,78,0.8798586572438163,0.9913419913419913,0.016216216216216217,0.9837837837837837
81574683.png,flou_gaussien,fort,231,5,0.9901060070671378,1.0,0.0,1.0
81574683.png,bruit_aleatoire,faible,231,207,0.6169611307420495,0.7359307359307359,0.6594594594594595,0.3405405405405405
81574683.png,bruit_aleatoire,moyen,231,221,0.6438162544169611,0.7965367965367965,0.6918918918918919,0.30810810810810807
81574683.png,bruit_aleatoire,fort,231,160,0.6275618374558304,0.7792207792207793,0.372972972972973,0.6270270270270271
81574683.png,rotation_legere,faible,231,226,0.6671378091872792,0.8398268398268398,0.6810810810810811,0.3189189189189189
81574683.png,rotation_legere,moyen,231,234,0.6685512367491167,0.8441558441558441,0.7189189189189189,0.2810810810810811
81574683.png,rotation_legere,fort,231,0,1.0,1.0,0.0,1.0
81574683.png,faible_contraste,faible,231,208,0.610600706713781,0.7359307359307359,0.6810810810810811,0.3189189189189189
81574683.png,faible_contraste,moyen,231,210,0.610600706713781,0.7445887445887446,0.6756756756756757,0.32432432432432434
81574683.png,faible_contraste,fort,231,210,0.6070671378091873,0.7316017316017316,0.6864864864864865,0.31351351351351353
81574683.png,compression_jpeg,faible,231,216,0.6056537102473498,0.7229437229437229,0.7027027027027027,0.29729729729729726
81574683.png,compression_jpeg,moyen,231,208,0.5766784452296819,0.7489177489177489,0.6432432432432432,0.3567567567567568
81574683.png,compression_jpeg,fort,231,198,0.6169611307420495,0.7489177489177489,0.5675675675675675,0.43243243243243246
81574683.png,effet_scan_degrade,faible,231,168,0.5696113074204947,0.658008658008658,0.5081081081081081,0.49189189189189186
81574683.png,effet_scan_degrade,moyen,231,182,0.6212014134275619,0.7922077922077922,0.4972972972972973,0.5027027027027027
81574683.png,effet_scan_degrade,fort,231,162,0.67773851590106,0.8658008658008658,0.2648648648648649,0.7351351351351352
81574683.png,distorsion_decalage,faible,231,211,0.5943462897526501,0.7186147186147186,0.6756756756756757,0.32432432432432434
81574683.png,distorsion_decalage,moyen,231,225,0.6473498233215548,0.7878787878787878,0.7243243243243244,0.27567567567567564
81574683.png,distorsion_decalage,fort,231,195,0.6466431095406361,0.8658008658008658,0.4594594594594595,0.5405405405405406
81574683.png,ombres,faible,231,211,0.6169611307420495,0.7489177489177489,0.6972972972972973,0.3027027027027027
81574683.png,ombres,moyen,231,132,0.6911660777385159,0.7792207792207793,0.4702702702702703,0.5297297297297296
81574683.png,ombres,fort,231,137,0.623321554770318,0.7445887445887446,0.42702702702702705,0.5729729729729729
81619486_9488.png,flou_gaussien,faible,154,2,0.9850267379679144,1.0,0.0,1.0
81619486_9488.png,flou_gaussien,moyen,154,2,0.9925133689839573,1.0,0.0,1.0
81619486_9488.png,flou_gaussien,fort,154,3,0.9914438502673797,1.0,0.0,1.0
81619486_9488.png,bruit_aleatoire,faible,154,106,0.5925133689839572,0.7597402597402597,0.5333333333333333,0.4666666666666667
81619486_9488.png,bruit_aleatoire,moyen,154,113,0.5893048128342246,0.7662337662337663,0.45555555555555555,0.5444444444444445
81619486_9488.png,bruit_aleatoire,fort,154,90,0.6502673796791444,0.8376623376623377,0.3111111111111111,0.6888888888888889
81619486_9488.png,rotation_legere,faible,154,140,0.586096256684492,0.7792207792207793,0.5555555555555556,0.4444444444444444
81619486_9488.png,rotation_legere,moyen,154,110,0.5657754010695187,0.7272727272727273,0.4777777777777778,0.5222222222222221
81619486_9488.png,rotation_legere,fort,154,109,0.6598930481283423,0.8376623376623377,0.34444444444444444,0.6555555555555556
81619486_9488.png,faible_contraste,faible,154,110,0.5882352941176471,0.7597402597402597,0.5444444444444444,0.4555555555555556
81619486_9488.png,faible_contraste,moyen,154,107,0.6128342245989304,0.7987012987012987,0.4888888888888889,0.5111111111111111
81619486_9488.png,faible_contraste,fort,154,106,0.613903743315508,0.8051948051948052,0.4888888888888889,0.5111111111111111
81619486_9488.png,compression_jpeg,faible,154,123,0.5775401069518716,0.7532467532467533,0.5444444444444444,0.4555555555555556
81619486_9488.png,compression_jpeg,moyen,154,114,0.5839572192513369,0.7792207792207793,0.4222222222222222,0.5777777777777777
81619486_9488.png,compression_jpeg,fort,154,41,0.7647058823529411,0.8376623376623377,0.23333333333333334,0.7666666666666666
81619486_9488.png,effet_scan_degrade,faible,154,3,0.9754010695187165,0.9935064935064936,0.011111111111111112,0.9888888888888889
81619486_9488.png,effet_scan_degrade,moyen,154,2,0.9914438502673797,1.0,0.0,1.0
81619486_9488.png,effet_scan_degrade,fort,154,45,0.8235294117647058,0.935064935064935,0.12222222222222222,0.8777777777777778
81619486_9488.png,distorsion_decalage,faible,154,91,0.6491978609625668,0.8441558441558441,0.45555555555555555,0.5444444444444445
81619486_9488.png,distorsion_decalage,moyen,154,122,0.613903743315508,0.8311688311688312,0.5111111111111111,0.48888888888888893
81619486_9488.png,distorsion_decalage,fort,154,95,0.6374331550802139,0.7987012987012987,0.5333333333333333,0.4666666666666667
81619486_9488.png,ombres,faible,154,105,0.5775401069518716,0.7857142857142857,0.5,0.5
81619486_9488.png,ombres,moyen,154,126,0.5689839572192513,0.7727272727272727,0.5666666666666667,0.43333333333333335
81619486_9488.png,ombres,fort,154,29,0.8310160427807487,0.8961038961038961,0.17777777777777778,0.8222222222222222
81619511_9513.png,flou_gaussien,faible,206,6,0.9830938292476754,0.9951456310679612,0.022388059701492536,0.9776119402985075
81619511_9513.png,flou_gaussien,moyen,206,1,0.9932375316990701,1.0,0.0,1.0
81619511_9513.png,flou_gaussien,fort,206,0,1.0,1.0,0.0,1.0
81619511_9513.png,bruit_aleatoire,faible,206,183,0.5984784446322908,0.8640776699029126,0.2835820895522388,0.7164179104477613
81619511_9513.png,bruit_aleatoire,moyen,206,176,0.5891800507185122,0.8543689320388349,0.3582089552238806,0.6417910447761195
81619511_9513.png,bruit_aleatoire,fort,206,183,0.6001690617075233,0.8737864077669902,0.23134328358208955,0.7686567164179104
81619511_9513.png,rotation_legere,faible,206,167,0.6923076923076923,0.9320388349514563,0.1417910447761194,0.8582089552238806
81619511_9513.png,rotation_legere,moyen,206,172,0.7092138630600169,0.941747572815534,0.14925373134328357,0.8507462686567164
81619511_9513.png,rotation_legere,fort,206,163,0.6804733727810651,0.9368932038834952,0.14925373134328357,0.8507462686567164
81619511_9513.png,faible_contraste,faible,206,186,0.5688926458157227,0.8349514563106796,0.3283582089552239,0.6716417910447761
81619511_9513.png,faible_contraste,moyen,206,186,0.5612848689771767,0.8349514563106796,0.3208955223880597,0.6791044776119404
81619511_9513.png,faible_contraste,fort,206,185,0.5604395604395604,0.8300970873786407,0.3358208955223881,0.664179104477612
81619511_9513.png,compression_jpeg,faible,206,109,0.8520710059171598,0.9805825242718447,0.05223880597014925,0.9477611940298507
81619511_9513.png,compression_jpeg,moyen,206,187,0.5841081994928149,0.883495145631068,0.30597014925373134,0.6940298507462687
81619511_9513.png,compression_jpeg,fort,206,165,0.650887573964497,0.9077669902912622,0.1791044776119403,0.8208955223880597
81619511_9513.png,effet_scan_degrade,faible,206,5,0.9856297548605241,1.0,0.014925373134328358,0.9850746268656716
81619511_9513.png,effet_scan_degrade,moyen,206,6,0.9839391377852916,1.0,0.014925373134328358,0.9850746268656716
81619511_9513.png,effet_scan_degrade,fort,206,8,0.978021978021978,0.9951456310679612,0.007462686567164179,0.9925373134328358
81619511_9513.png,distorsion_decalage,faible,206,166,0.6424344885883347,0.9223300970873787,0.23134328358208955,0.7686567164179104
81619511_9513.png,distorsion_decalage,moyen,206,171,0.6001690617075233,0.8737864077669902,0.291044776119403,0.708955223880597
81619511_9513.png,distorsion_decalage,fort,206,158,0.7142857142857143,0.941747572815534,0.16417910447761194,0.835820895522388
81619511_9513.png,ombres,faible,206,187,0.5612848689771767,0.8252427184466019,0.34328358208955223,0.6567164179104478
81619511_9513.png,ombres,moyen,206,186,0.5967878275570583,0.8737864077669902,0.291044776119403,0.708955223880597
81619511_9513.png,ombres,fort,206,41,0.8605240912933221,0.9563106796116505,0.08208955223880597,0.917910447761194
81749056_9057.png,flou_gaussien,faible,184,30,0.9121552604698672,0.9619565217391305,0.05426356589147287,0.9457364341085271
81749056_9057.png,flou_gaussien,moyen,184,7,0.9856996935648621,1.0,0.0,1.0
81749056_9057.png,flou_gaussien,fort,184,0,1.0,1.0,0.0,1.0
81749056_9057.png,bruit_aleatoire,faible,184,126,0.6159346271705822,0.7717391304347826,0.4186046511627907,0.5813953488372092
81749056_9057.png,bruit_aleatoire,moyen,184,134,0.609805924412666,0.7771739130434783,0.4186046511627907,0.5813953488372092
81749056_9057.png,bruit_aleatoire,fort,184,118,0.7150153217568948,0.8532608695652174,0.4263565891472868,0.5736434108527132
81749056_9057.png,rotation_legere,faible,184,147,0.6189989785495403,0.8586956521739131,0.3798449612403101,0.6201550387596899
81749056_9057.png,rotation_legere,moyen,184,111,0.5842696629213483,0.8043478260869565,0.32558139534883723,0.6744186046511628
81749056_9057.png,rotation_legere,fort,184,99,0.7262512768130746,0.9130434782608695,0.17054263565891473,0.8294573643410853
81749056_9057.png,faible_contraste,faible,184,122,0.6006128702757916,0.75,0.43410852713178294,0.5658914728682171
81749056_9057.png,faible_contraste,moyen,184,122,0.6026557711950971,0.7445652173913043,0.4496124031007752,0.5503875968992248
81749056_9057.png,faible_contraste,fort,184,123,0.5832482124616956,0.7554347826086957,0.4573643410852713,0.5426356589147288
81749056_9057.png,compression_jpeg,faible,184,119,0.6813074565883555,0.8369565217391305,0.3488372093023256,0.6511627906976745
81749056_9057.png,compression_jpeg,moyen,184,143,0.6424923391215526,0.842391304347826,0.3875968992248062,0.6124031007751938
81749056_9057.png,compression_jpeg,fort,184,149,0.627170582226762,0.8695652173913043,0.34108527131782945,0.6589147286821706
81749056_9057.png,effet_scan_degrade,faible,184,65,0.7354443309499489,0.842391304347826,0.26356589147286824,0.7364341085271318
81749056_9057.png,effet_scan_degrade,moyen,184,23,0.9070480081716037,0.9402173913043478,0.08527131782945736,0.9147286821705426
81749056_9057.png,effet_scan_degrade,fort,184,46,0.8161389172625128,0.9184782608695652,0.12403100775193798,0.875968992248062
81749056_9057.png,distorsion_decalage,faible,184,93,0.6384065372829418,0.7663043478260869,0.3488372093023256,0.6511627906976745
81749056_9057.png,distorsion_decalage,moyen,184,130,0.6251276813074566,0.8695652173913043,0.4108527131782946,0.5891472868217054
81749056_9057.png,distorsion_decalage,fort,184,104,0.6373850868232891,0.8260869565217391,0.3798449612403101,0.6201550387596899
81749056_9057.png,ombres,faible,184,112,0.6332992849846782,0.7717391304347826,0.4263565891472868,0.5736434108527132
81749056_9057.png,ombres,moyen,184,105,0.5883554647599591,0.7391304347826086,0.37209302325581395,0.627906976744186
81749056_9057.png,ombres,fort,184,43,0.8457609805924413,0.9402173913043478,0.13178294573643412,0.8682170542635659
82254638.png,flou_gaussien,faible,139,88,0.6286057692307693,0.8057553956834532,0.3942307692307692,0.6057692307692308
82254638.png,flou_gaussien,moyen,139,7,0.9747596153846154,1.0,0.0,1.0
82254638.png,flou_gaussien,fort,139,7,0.9831730769230769,0.9928057553956835,0.009615384615384616,0.9903846153846154
82254638.png,bruit_aleatoire,faible,139,133,0.5132211538461539,0.7266187050359713,0.5192307692307693,0.4807692307692307
82254638.png,bruit_aleatoire,moyen,139,110,0.6045673076923077,0.8489208633093526,0.4230769230769231,0.5769230769230769
82254638.png,bruit_aleatoire,fort,139,74,0.7355769230769231,0.8992805755395683,0.2692307692307692,0.7307692307692308
82254638.png,rotation_legere,faible,139,121,0.5096153846153846,0.7410071942446043,0.5480769230769231,0.45192307692307687
82254638.png,rotation_legere,moyen,139,112,0.5600961538461539,0.7553956834532374,0.5096153846153846,0.4903846153846154
82254638.png,rotation_legere,fort,139,125,0.5132211538461539,0.7266187050359713,0.5288461538461539,0.47115384615384615
82254638.png,faible_contraste,faible,139,137,0.5516826923076923,0.8057553956834532,0.5384615384615384,0.46153846153846156
82254638.png,faible_contraste,moyen,139,140,0.5516826923076923,0.8345323741007195,0.5384615384615384,0.46153846153846156
82254638.png,faible_contraste,fort,139,136,0.5276442307692307,0.7985611510791367,0.5384615384615384,0.46153846153846156
82254638.png,compression_jpeg,faible,139,123,0.5264423076923077,0.762589928057554,0.5576923076923077,0.4423076923076923
82254638.png,compression_jpeg,moyen,139,119,0.5516826923076923,0.7482014388489209,0.4423076923076923,0.5576923076923077
82254638.png,compression_jpeg,fort,139,106,0.625,0.7985611510791367,0.4807692307692308,0.5192307692307692
82254638.png,effet_scan_degrade,faible,139,99,0.5949519230769231,0.8129496402877698,0.38461538461538464,0.6153846153846154
82254638.png,effet_scan_degrade,moyen,139,68,0.6358173076923077,0.7841726618705036,0.34615384615384615,0.6538461538461539
82254638.png,effet_scan_degrade,fort,139,72,0.6802884615384616,0.8920863309352518,0.19230769230769232,0.8076923076923077
82254638.png,distorsion_decalage,faible,139,122,0.5120192307692307,0.6906474820143885,0.5673076923076923,0.4326923076923077
82254638.png,distorsion_decalage,moyen,139,100,0.5396634615384616,0.7697841726618705,0.4326923076923077,0.5673076923076923
82254638.png,distorsion_decalage,fort,139,133,0.59375,0.8489208633093526,0.4326923076923077,0.5673076923076923
82254638.png,ombres,faible,139,125,0.5444711538461539,0.7553956834532374,0.4807692307692308,0.5192307692307692
82254638.png,ombres,moyen,139,58,0.7355769230769231,0.8633093525179856,0.23076923076923078,0.7692307692307692
82254638.png,ombres,fort,139,25,0.8798076923076923,0.9280575539568345,0.1346153846153846,0.8653846153846154
87533049.png,flou_gaussien,faible,110,63,0.4098883572567783,0.6636363636363637,0.34408602150537637,0.6559139784946236
87533049.png,flou_gaussien,moyen,110,8,0.9744816586921851,0.9818181818181818,0.021505376344086023,0.978494623655914
87533049.png,flou_gaussien,fort,110,0,1.0,1.0,0.0,1.0
87533049.png,bruit_aleatoire,faible,110,107,0.5901116427432217,0.9090909090909091,0.45161290322580644,0.5483870967741935
87533049.png,bruit_aleatoire,moyen,110,101,0.6172248803827751,0.9181818181818182,0.40860215053763443,0.5913978494623655
87533049.png,bruit_aleatoire,fort,110,94,0.6523125996810207,0.9,0.40860215053763443,0.5913978494623655
87533049.png,rotation_legere,faible,110,111,0.6028708133971292,0.9181818181818182,0.4731182795698925,0.5268817204301075
87533049.png,rotation_legere,moyen,110,87,0.6140350877192983,0.9090909090909091,0.27956989247311825,0.7204301075268817
87533049.png,rotation_legere,fort,110,34,0.682615629984051,0.9545454545454546,0.053763440860215055,0.946236559139785
87533049.png,faible_contraste,faible,110,97,0.631578947368421,0.9090909090909091,0.46236559139784944,0.5376344086021505
87533049.png,faible_contraste,moyen,110,97,0.4704944178628389,0.7545454545454545,0.4731182795698925,0.5268817204301075
87533049.png,faible_contraste,fort,110,97,0.46411483253588515,0.7545454545454545,0.5053763440860215,0.4946236559139785
87533049.png,compression_jpeg,faible,110,92,0.4370015948963317,0.7818181818181819,0.3978494623655914,0.6021505376344086
87533049.png,compression_jpeg,moyen,110,105,0.6363636363636364,0.9272727272727272,0.41935483870967744,0.5806451612903225
87533049.png,compression_jpeg,fort,110,97,0.6363636363636364,0.9181818181818182,0.3333333333333333,0.6666666666666667
87533049.png,effet_scan_degrade,faible,110,102,0.6236044657097288,0.9181818181818182,0.3870967741935484,0.6129032258064516
87533049.png,effet_scan_degrade,moyen,110,75,0.6283891547049442,0.8636363636363636,0.25806451612903225,0.7419354838709677
87533049.png,effet_scan_degrade,fort,110,65,0.5151515151515151,0.7909090909090909,0.23655913978494625,0.7634408602150538
87533049.png,distorsion_decalage,faible,110,98,0.4274322169059011,0.7545454545454545,0.44086021505376344,0.5591397849462365
87533049.png,distorsion_decalage,moyen,110,108,0.6108452950558214,0.9,0.5053763440860215,0.4946236559139785
87533049.png,distorsion_decalage,fort,110,91,0.5933014354066986,0.8545454545454545,0.4838709677419355,0.5161290322580645
87533049.png,ombres,faible,110,96,0.5231259968102073,0.8090909090909091,0.4838709677419355,0.5161290322580645
87533049.png,ombres,moyen,110,74,0.4433811802232855,0.7090909090909091,0.3978494623655914,0.6021505376344086
87533049.png,ombres,fort,110,28,0.7767145135566188,0.9,0.13978494623655913,0.8602150537634409
87672097.png,flou_gaussien,faible,206,15,0.937962962962963,0.9611650485436893,0.04878048780487805,0.9512195121951219
87672097.png,flou_gaussien,moyen,206,4,0.9888888888888889,1.0,0.0,1.0
87672097.png,flou_gaussien,fort,206,10,0.9824074074074074,1.0,0.0,1.0
87672097.png,bruit_aleatoire,faible,206,171,0.6129629629629629,0.8106796116504854,0.3780487804878049,0.6219512195121951
87672097.png,bruit_aleatoire,moyen,206,177,0.5777777777777777,0.8155339805825242,0.4024390243902439,0.5975609756097561
87672097.png,bruit_aleatoire,fort,206,166,0.5990740740740741,0.7766990291262136,0.38414634146341464,0.6158536585365854
87672097.png,rotation_legere,faible,206,154,0.600925925925926,0.8009708737864077,0.3353658536585366,0.6646341463414633
87672097.png,rotation_legere,moyen,206,160,0.5925925925925926,0.7524271844660194,0.38414634146341464,0.6158536585365854
87672097.png,rotation_legere,fort,206,0,1.0,1.0,0.0,1.0
87672097.png,faible_contraste,faible,206,167,0.7,0.8689320388349514,0.3780487804878049,0.6219512195121951
87672097.png,faible_contraste,moyen,206,171,0.6055555555555555,0.7864077669902912,0.3719512195121951,0.6280487804878049
87672097.png,faible_contraste,fort,206,167,0.700925925925926,0.8737864077669902,0.38414634146341464,0.6158536585365854
87672097.png,compression_jpeg,faible,206,160,0.6074074074074074,0.7572815533980582,0.4024390243902439,0.5975609756097561
87672097.png,compression_jpeg,moyen,206,177,0.5907407407407408,0.8009708737864077,0.40853658536585363,0.5914634146341464
87672097.png,compression_jpeg,fort,206,160,0.5925925925925926,0.7669902912621359,0.3719512195121951,0.6280487804878049
87672097.png,effet_scan_degrade,faible,206,34,0.85,0.9174757281553398,0.10975609756097561,0.8902439024390244
87672097.png,effet_scan_degrade,moyen,206,0,1.0,1.0,0.0,1.0
87672097.png,effet_scan_degrade,fort,206,0,1.0,1.0,0.0,1.0
87672097.png,distorsion_decalage,faible,206,144,0.612037037037037,0.7621359223300971,0.35365853658536583,0.6463414634146342
87672097.png,distorsion_decalage,moyen,206,152,0.5842592592592593,0.7427184466019418,0.38414634146341464,0.6158536585365854
87672097.png,distorsion_decalage,fort,206,145,0.5703703703703704,0.7378640776699029,0.3719512195121951,0.6280487804878049
87672097.png,ombres,faible,206,167,0.6101851851851852,0.8009708737864077,0.38414634146341464,0.6158536585365854
87672097.png,ombres,moyen,206,149,0.5722222222222222,0.7524271844660194,0.3902439024390244,0.6097560975609756
87672097.png,ombres,fort,206,74,0.7916666666666666,0.8932038834951457,0.16463414634146342,0.8353658536585366
87682908.png,flou_gaussien,faible,125,49,0.7534766118836915,0.848,0.2571428571428571,0.7428571428571429
87682908.png,flou_gaussien,moyen,125,3,0.9873577749683944,1.0,0.0,1.0
87682908.png,flou_gaussien,fort,125,2,0.9974715549936789,1.0,0.0,1.0
87682908.png,bruit_aleatoire,faible,125,117,0.572692793931732,0.704,0.7238095238095238,0.2761904761904762
87682908.png,bruit_aleatoire,moyen,125,117,0.5701643489254109,0.704,0.7238095238095238,0.2761904761904762
87682908.png,bruit_aleatoire,fort,125,134,0.5916561314791403,0.792,0.6761904761904762,0.32380952380952377
87682908.png,rotation_legere,faible,125,116,0.5701643489254109,0.704,0.7333333333333333,0.2666666666666667
87682908.png,rotation_legere,moyen,125,119,0.5916561314791403,0.768,0.6761904761904762,0.32380952380952377
87682908.png,rotation_legere,fort,125,121,0.6219974715549936,0.824,0.6571428571428571,0.34285714285714286
87682908.png,faible_contraste,faible,125,118,0.5752212389380531,0.696,0.7238095238095238,0.2761904761904762
87682908.png,faible_contraste,moyen,125,118,0.5752212389380531,0.704,0.7238095238095238,0.2761904761904762
87682908.png,faible_contraste,fort,125,118,0.5752212389380531,0.704,0.7142857142857143,0.2857142857142857
87682908.png,compression_jpeg,faible,125,117,0.5739570164348925,0.704,0.7142857142857143,0.2857142857142857
87682908.png,compression_jpeg,moyen,125,119,0.5790139064475348,0.736,0.7333333333333333,0.2666666666666667
87682908.png,compression_jpeg,fort,125,118,0.584070796460177,0.744,0.638095238095238,0.36190476190476195
87682908.png,effet_scan_degrade,faible,125,69,0.6649810366624526,0.84,0.38095238095238093,0.6190476190476191
87682908.png,effet_scan_degrade,moyen,125,16,0.8735777496839444,0.928,0.08571428571428572,0.9142857142857143
87682908.png,effet_scan_degrade,fort,125,0,1.0,1.0,0.0,1.0
87682908.png,distorsion_decalage,faible,125,117,0.5714285714285714,0.72,0.7047619047619048,0.2952380952380952
87682908.png,distorsion_decalage,moyen,125,118,0.5714285714285714,0.72,0.7238095238095238,0.2761904761904762
87682908.png,distorsion_decalage,fort,125,119,0.6232616940581542,0.816,0.6476190476190476,0.35238095238095235
87682908.png,ombres,faible,125,119,0.5790139064475348,0.712,0.7238095238095238,0.2761904761904762
87682908.png,ombres,moyen,125,121,0.5828065739570164,0.744,0.7047619047619048,0.2952380952380952
87682908.png,ombres,fort,125,42,0.6536030341340076,0.752,0.2571428571428571,0.7428571428571429
88057519.png,flou_gaussien,faible,37,0,1.0,1.0,0.0,1.0
88057519.png,flou_gaussien,moyen,37,1,1.0,1.0,0.0,1.0
88057519.png,flou_gaussien,fort,37,2,0.9915611814345991,1.0,0.0,1.0
88057519.png,bruit_aleatoire,faible,37,32,0.459915611814346,0.6486486486486487,0.5588235294117647,0.4411764705882353
88057519.png,bruit_aleatoire,moyen,37,24,0.5443037974683544,0.7027027027027027,0.4117647058823529,0.5882352941176471
88057519.png,bruit_aleatoire,fort,37,0,1.0,1.0,0.0,1.0
88057519.png,rotation_legere,faible,37,37,0.4050632911392405,0.7027027027027027,0.6470588235294118,0.3529411764705882
88057519.png,rotation_legere,moyen,37,46,0.4936708860759494,0.9459459459459459,0.6470588235294118,0.3529411764705882
88057519.png,rotation_legere,fort,37,0,1.0,1.0,0.0,1.0
88057519.png,faible_contraste,faible,37,32,0.4936708860759494,0.7297297297297297,0.5,0.5
88057519.png,faible_contraste,moyen,37,32,0.48945147679324896,0.6756756756756757,0.5588235294117647,0.4411764705882353
88057519.png,faible_contraste,fort,37,32,0.5021097046413502,0.7297297297297297,0.5,0.5
88057519.png,compression_jpeg,faible,37,29,0.510548523206751,0.7297297297297297,0.4117647058823529,0.5882352941176471
88057519.png,compression_jpeg,moyen,37,35,0.4767932489451477,0.6486486486486487,0.5588235294117647,0.4411764705882353
88057519.png,compression_jpeg,fort,37,24,0.5949367088607594,0.8648648648648649,0.23529411764705882,0.7647058823529411
88057519.png,effet_scan_degrade,faible,37,36,0.5822784810126582,0.972972972972973,0.17647058823529413,0.8235294117647058
88057519.png,effet_scan_degrade,moyen,37,0,1.0,1.0,0.0,1.0
88057519.png,effet_scan_degrade,fort,37,0,1.0,1.0,0.0,1.0
88057519.png,distorsion_decalage,faible,37,37,0.4219409282700422,0.6216216216216216,0.6470588235294118,0.3529411764705882
88057519.png,distorsion_decalage,moyen,37,36,0.6497890295358649,0.8378378378378378,0.4411764705882353,0.5588235294117647
88057519.png,distorsion_decalage,fort,37,19,0.6919831223628692,0.8918918918918919,0.17647058823529413,0.8235294117647058
88057519.png,ombres,faible,37,31,0.4641350210970464,0.7027027027027027,0.5294117647058824,0.47058823529411764
88057519.png,ombres,moyen,37,3,0.9409282700421941,0.972972972972973,0.058823529411764705,0.9411764705882353
88057519.png,ombres,fort,37,2,0.9409282700421941,0.972972972972973,0.029411764705882353,0.9705882352941176
88547278_88547279.png,flou_gaussien,faible,133,162,0.6275695284159613,0.9548872180451128,0.4959349593495935,0.5040650406504066
88547278_88547279.png,flou_gaussien,moyen,133,2,0.9951632406287787,1.0,0.0,1.0
88547278_88547279.png,flou_gaussien,fort,133,0,1.0,1.0,0.0,1.0
88547278_88547279.png,bruit_aleatoire,faible,133,197,0.6735187424425635,1.0977443609022557,0.5691056910569106,0.43089430894308944
88547278_88547279.png,bruit_aleatoire,moyen,133,184,0.7110036275695284,1.037593984962406,0.6016260162601627,0.39837398373983735
88547278_88547279.png,bruit_aleatoire,fort,133,184,0.7230955259975816,1.0902255639097744,0.5203252032520326,0.4796747967479674
88547278_88547279.png,rotation_legere,faible,133,175,0.6469165659008465,0.9097744360902256,0.6666666666666666,0.33333333333333337
88547278_88547279.png,rotation_legere,moyen,133,127,0.4268440145102781,0.6015037593984962,0.6016260162601627,0.39837398373983735
88547278_88547279.png,rotation_legere,fort,133,21,0.8814993954050786,0.9022556390977443,0.10569105691056911,0.8943089430894309
88547278_88547279.png,faible_contraste,faible,133,202,0.6989117291414753,1.150375939849624,0.6178861788617886,0.38211382113821135
88547278_88547279.png,faible_contraste,moyen,133,194,0.6444981862152358,1.0601503759398496,0.6260162601626016,0.3739837398373984
88547278_88547279.png,faible_contraste,fort,133,191,0.6481257557436517,1.037593984962406,0.6341463414634146,0.36585365853658536
88547278_88547279.png,compression_jpeg,faible,133,196,0.6964933494558646,1.112781954887218,0.5609756097560976,0.4390243902439024
88547278_88547279.png,compression_jpeg,moyen,133,150,0.562273276904474,0.849624060150376,0.4878048780487805,0.5121951219512195
88547278_88547279.png,compression_jpeg,fort,133,155,0.5598548972188634,0.8872180451127819,0.44715447154471544,0.5528455284552846
88547278_88547279.png,effet_scan_degrade,faible,133,171,0.6711003627569528,0.9624060150375939,0.5203252032520326,0.4796747967479674
88547278_88547279.png,effet_scan_degrade,moyen,133,158,0.5755743651753326,0.9022556390977443,0.4878048780487805,0.5121951219512195
88547278_88547279.png,effet_scan_degrade,fort,133,102,0.6142684401451027,0.8270676691729323,0.2032520325203252,0.7967479674796748
88547278_88547279.png,distorsion_decalage,faible,133,164,0.558645707376058,0.8120300751879699,0.6341463414634146,0.36585365853658536
88547278_88547279.png,distorsion_decalage,moyen,133,167,0.5501813784764208,0.9323308270676691,0.5203252032520326,0.4796747967479674
88547278_88547279.png,distorsion_decalage,fort,133,199,0.7182587666263603,1.112781954887218,0.6260162601626016,0.3739837398373984
88547278_88547279.png,ombres,faible,133,185,0.6348246674727932,0.9624060150375939,0.6422764227642277,0.3577235772357723
88547278_88547279.png,ombres,moyen,133,181,0.7061668681983071,1.0150375939849625,0.5609756097560976,0.4390243902439024
88547278_88547279.png,ombres,fort,133,109,0.7617896009673518,0.9924812030075187,0.15447154471544716,0.8455284552845528
89368010.png,flou_gaussien,faible,150,95,0.5399568034557235,0.6533333333333333,0.48623853211009177,0.5137614678899083
89368010.png,flou_gaussien,moyen,150,0,1.0,1.0,0.0,1.0
89368010.png,flou_gaussien,fort,150,4,0.9892008639308856,1.0,0.0,1.0
89368010.png,bruit_aleatoire,faible,150,116,0.4762419006479482,0.5933333333333334,0.6330275229357798,0.3669724770642202
89368010.png,bruit_aleatoire,moyen,150,118,0.4838012958963283,0.6,0.6605504587155964,0.33944954128440363
89368010.png,bruit_aleatoire,fort,150,114,0.48488120950323976,0.5933333333333334,0.6422018348623854,0.35779816513761464
89368010.png,rotation_legere,faible,150,108,0.5118790496760259,0.62,0.6055045871559633,0.39449541284403666
89368010.png,rotation_legere,moyen,150,97,0.5388768898488121,0.6333333333333333,0.5596330275229358,0.44036697247706424
89368010.png,rotation_legere,fort,150,105,0.5172786177105831,0.64,0.5779816513761468,0.42201834862385323
89368010.png,faible_contraste,faible,150,131,0.4449244060475162,0.5933333333333334,0.6972477064220184,0.3027522935779816
89368010.png,faible_contraste,moyen,150,128,0.4449244060475162,0.62,0.6880733944954128,0.3119266055045872
89368010.png,faible_contraste,fort,150,126,0.4524838012958963,0.6066666666666667,0.6697247706422018,0.3302752293577982
89368010.png,compression_jpeg,faible,150,138,0.4298056155507559,0.5866666666666667,0.7064220183486238,0.29357798165137616
89368010.png,compression_jpeg,moyen,150,118,0.4557235421166307,0.54,0.6880733944954128,0.3119266055045872
89368010.png,compression_jpeg,fort,150,117,0.48056155507559395,0.62,0.6238532110091743,0.37614678899082565
89368010.png,effet_scan_degrade,faible,150,114,0.5161987041036717,0.6466666666666666,0.5688073394495413,0.4311926605504587
89368010.png,effet_scan_degrade,moyen,150,61,0.6479481641468683,0.74,0.3302752293577982,0.6697247706422018
89368010.png,effet_scan_degrade,fort,150,16,0.9028077753779697,0.9333333333333333,0.08256880733944955,0.9174311926605505
89368010.png,distorsion_decalage,faible,150,125,0.45680345572354214,0.5933333333333334,0.6880733944954128,0.3119266055045872
89368010.png,distorsion_decalage,moyen,150,110,0.468682505399568,0.5333333333333333,0.6330275229357798,0.3669724770642202
89368010.png,distorsion_decalage,fort,150,114,0.4773218142548596,0.5866666666666667,0.6788990825688074,0.3211009174311926
89368010.png,ombres,faible,150,131,0.4427645788336933,0.58,0.7064220183486238,0.29357798165137616
89368010.png,ombres,moyen,150,112,0.490280777537797,0.6,0.6422018348623854,0.35779816513761464
89368010.png,ombres,fort,150,48,0.744060475161987,0.7866666666666666,0.26605504587155965,0.7339449541284404
89386032.png,flou_gaussien,faible,92,99,0.31521739130434784,0.4782608695652174,0.810126582278481,0.189873417721519
89386032.png,flou_gaussien,moyen,92,39,0.8649068322981367,1.0,0.0,1.0
89386032.png,flou_gaussien,fort,92,0,1.0,1.0,0.0,1.0
89386032.png,bruit_aleatoire,faible,92,98,0.2888198757763975,0.40217391304347827,0.8481012658227848,0.15189873417721522
89386032.png,bruit_aleatoire,moyen,92,99,0.29347826086956524,0.40217391304347827,0.8354430379746836,0.16455696202531644
89386032.png,bruit_aleatoire,fort,92,87,0.4114906832298137,0.6413043478260869,0.620253164556962,0.379746835443038
89386032.png,rotation_legere,faible,92,97,0.2841614906832298,0.391304347826087,0.8354430379746836,0.16455696202531644
89386032.png,rotation_legere,moyen,92,103,0.3136645962732919,0.6086956521739131,0.6329113924050633,0.36708860759493667
89386032.png,rotation_legere,fort,92,98,0.3090062111801242,0.5108695652173914,0.7468354430379747,0.25316455696202533
89386032.png,faible_contraste,faible,92,101,0.2857142857142857,0.391304347826087,0.8481012658227848,0.15189873417721522
89386032.png,faible_contraste,moyen,92,98,0.2826086956521739,0.391304347826087,0.8481012658227848,0.15189873417721522
89386032.png,faible_contraste,fort,92,98,0.2888198757763975,0.391304347826087,0.8481012658227848,0.15189873417721522
89386032.png,compression_jpeg,faible,92,96,0.2888198757763975,0.41304347826086957,0.8227848101265823,0.17721518987341767
89386032.png,compression_jpeg,moyen,92,97,0.29037267080745344,0.41304347826086957,0.8227848101265823,0.17721518987341767
89386032.png,compression_jpeg,fort,92,99,0.2981366459627329,0.4782608695652174,0.7721518987341772,0.22784810126582278
89386032.png,effet_scan_degrade,faible,92,96,0.3307453416149068,0.4673913043478261,0.7848101265822784,0.21518987341772156
89386032.png,effet_scan_degrade,moyen,92,96,0.29347826086956524,0.4673913043478261,0.7848101265822784,0.21518987341772156
89386032.png,effet_scan_degrade,fort,92,92,0.40372670807453415,0.6956521739130435,0.4177215189873418,0.5822784810126582
89386032.png,distorsion_decalage,faible,92,103,0.30124223602484473,0.4673913043478261,0.810126582278481,0.189873417721519
89386032.png,distorsion_decalage,moyen,92,100,0.29037267080745344,0.44565217391304346,0.8227848101265823,0.17721518987341767
89386032.png,distorsion_decalage,fort,92,97,0.5388198757763976,0.7608695652173914,0.759493670886076,0.240506329113924
89386032.png,ombres,faible,92,99,0.28726708074534163,0.42391304347826086,0.8354430379746836,0.16455696202531644
89386032.png,ombres,moyen,92,61,0.5201863354037267,0.6195652173913043,0.4810126582278481,0.5189873417721519
89386032.png,ombres,fort,92,30,0.7608695652173914,0.75,0.24050632911392406,0.759493670886076
89817999_8002.png,flou_gaussien,faible,155,156,0.391395592864638,0.5225806451612903,0.6850393700787402,0.31496062992125984
89817999_8002.png,flou_gaussien,moyen,155,13,0.9779643231899265,1.0,0.0,1.0
89817999_8002.png,flou_gaussien,fort,155,1,1.0,1.0,0.0,1.0
89817999_8002.png,bruit_aleatoire,faible,155,162,0.27492130115424973,0.3419354838709677,0.8818897637795275,0.11811023622047245
89817999_8002.png,bruit_aleatoire,moyen,155,169,0.30640083945435465,0.3870967741935484,0.8740157480314961,0.12598425196850394
89817999_8002.png,bruit_aleatoire,fort,155,170,0.3011542497376705,0.41935483870967744,0.8503937007874016,0.14960629921259838
89817999_8002.png,rotation_legere,faible,155,164,0.2644281217208814,0.32903225806451614,0.8976377952755905,0.10236220472440949
89817999_8002.png,rotation_legere,moyen,155,166,0.28961175236096537,0.36129032258064514,0.8818897637795275,0.11811023622047245
89817999_8002.png,rotation_legere,fort,155,154,0.30220356768100737,0.5161290322580645,0.6692913385826772,0.3307086614173228
89817999_8002.png,faible_contraste,faible,155,162,0.30849947534102834,0.36129032258064514,0.8503937007874016,0.14960629921259838
89817999_8002.png,faible_contraste,moyen,155,161,0.2990556138509968,0.3548387096774194,0.8582677165354331,0.1417322834645669
89817999_8002.png,faible_contraste,fort,155,163,0.2969569779643232,0.36774193548387096,0.8503937007874016,0.14960629921259838
89817999_8002.png,compression_jpeg,faible,155,162,0.2770199370409234,0.38064516129032255,0.8110236220472441,0.1889763779527559
89817999_8002.png,compression_jpeg,moyen,155,158,0.2812172088142707,0.3741935483870968,0.8503937007874016,0.14960629921259838
89817999_8002.png,compression_jpeg,fort,155,166,0.2969569779643232,0.3741935483870968,0.8582677165354331,0.1417322834645669
89817999_8002.png,effet_scan_degrade,faible,155,159,0.2707240293809024,0.3548387096774194,0.8503937007874016,0.14960629921259838
89817999_8002.png,effet_scan_degrade,moyen,155,155,0.3389296956977964,0.4838709677419355,0.7086614173228346,0.2913385826771654
89817999_8002.png,effet_scan_degrade,fort,155,25,0.8856243441762854,0.9419354838709677,0.07874015748031496,0.9212598425196851
89817999_8002.png,distorsion_decalage,faible,155,162,0.28436516264428124,0.34838709677419355,0.8582677165354331,0.1417322834645669
89817999_8002.png,distorsion_decalage,moyen,155,165,0.3200419727177335,0.36774193548387096,0.8503937007874016,0.14960629921259838
89817999_8002.png,distorsion_decalage,fort,155,168,0.32633788037775446,0.4,0.8188976377952756,0.18110236220472442
89817999_8002.png,ombres,faible,155,163,0.28436516264428124,0.3741935483870968,0.84251968503937,0.15748031496062997
89817999_8002.png,ombres,moyen,155,164,0.2833158447009444,0.36774193548387096,0.8582677165354331,0.1417322834645669
89817999_8002.png,ombres,fort,155,68,0.6883525708289612,0.6967741935483871,0.36220472440944884,0.6377952755905512
89867723.png,flou_gaussien,faible,205,122,0.5204163330664532,0.7414634146341463,0.33540372670807456,0.6645962732919255
89867723.png,flou_gaussien,moyen,205,39,0.9239391513210569,1.0,0.0,1.0
89867723.png,flou_gaussien,fort,205,4,0.9911929543634908,1.0,0.0,1.0
89867723.png,bruit_aleatoire,faible,205,185,0.3506805444355484,0.5609756097560976,0.6211180124223602,0.3788819875776398
89867723.png,bruit_aleatoire,moyen,205,189,0.3899119295436349,0.5756097560975609,0.6024844720496895,0.39751552795031053
89867723.png,bruit_aleatoire,fort,205,188,0.47157726180944753,0.7414634146341463,0.43478260869565216,0.5652173913043479
89867723.png,rotation_legere,faible,205,193,0.4011208967173739,0.6292682926829268,0.5838509316770186,0.4161490683229814
89867723.png,rotation_legere,moyen,205,162,0.5060048038430744,0.6926829268292682,0.453416149068323,0.5465838509316769
89867723.png,rotation_legere,fort,205,27,0.923138510808647,1.0,0.006211180124223602,0.9937888198757764
89867723.png,faible_contraste,faible,205,182,0.36909527622097676,0.5365853658536586,0.6273291925465838,0.3726708074534162
89867723.png,faible_contraste,moyen,205,181,0.36989591673338673,0.5365853658536586,0.6335403726708074,0.36645962732919257
89867723.png,faible_contraste,fort,205,183,0.36989591673338673,0.5365853658536586,0.6335403726708074,0.36645962732919257
89867723.png,compression_jpeg,faible,205,189,0.39951961569255406,0.6292682926829268,0.5590062111801242,0.44099378881987583
89867723.png,compression_jpeg,moyen,205,186,0.42193755004003203,0.5756097560975609,0.6149068322981367,0.3850931677018633
89867723.png,compression_jpeg,fort,205,171,0.3811048839071257,0.6341463414634146,0.5031055900621118,0.49689440993788825
89867723.png,effet_scan_degrade,faible,205,179,0.3755004003202562,0.6146341463414634,0.577639751552795,0.422360248447205
89867723.png,effet_scan_degrade,moyen,205,123,0.5636509207365893,0.7853658536585366,0.3167701863354037,0.6832298136645962
89867723.png,effet_scan_degrade,fort,205,57,0.8094475580464372,0.9463414634146341,0.11180124223602485,0.8881987577639752
89867723.png,distorsion_decalage,faible,205,177,0.3450760608486789,0.5414634146341464,0.5652173913043478,0.4347826086956522
89867723.png,distorsion_decalage,moyen,205,174,0.389111289031225,0.6292682926829268,0.5093167701863354,0.49068322981366463
89867723.png,distorsion_decalage,fort,205,173,0.4955964771817454,0.6926829268292682,0.5341614906832298,0.4658385093167702
89867723.png,ombres,faible,205,176,0.37469975980784626,0.5658536585365853,0.5900621118012422,0.40993788819875776
89867723.png,ombres,moyen,205,139,0.49639711769415534,0.697560975609756,0.422360248447205,0.577639751552795
89867723.png,ombres,fort,205,129,0.4955964771817454,0.6487804878048781,0.42857142857142855,0.5714285714285714
91104867.png,flou_gaussien,faible,87,21,0.8769230769230769,0.9540229885057471,0.12,0.88
91104867.png,flou_gaussien,moyen,87,0,1.0,1.0,0.0,1.0
91104867.png,flou_gaussien,fort,87,0,1.0,1.0,0.0,1.0
91104867.png,bruit_aleatoire,faible,87,108,0.9230769230769231,1.2298850574712643,0.5866666666666667,0.41333333333333333
91104867.png,bruit_aleatoire,moyen,87,109,0.9367521367521368,1.206896551724138,0.5466666666666666,0.45333333333333337
91104867.png,bruit_aleatoire,fort,87,136,1.047863247863248,1.5632183908045978,0.4266666666666667,0.5733333333333333
91104867.png,rotation_legere,faible,87,118,0.9880341880341881,1.3218390804597702,0.5066666666666667,0.4933333333333333
91104867.png,rotation_legere,moyen,87,109,0.9692307692307692,1.1954022988505748,0.5733333333333334,0.42666666666666664
91104867.png,rotation_legere,fort,87,3,0.9914529914529915,1.0,0.0,1.0
91104867.png,faible_contraste,faible,87,117,0.9794871794871794,1.2988505747126438,0.56,0.43999999999999995
91104867.png,faible_contraste,moyen,87,115,0.9846153846153847,1.2758620689655173,0.56,0.43999999999999995
91104867.png,faible_contraste,fort,87,113,0.958974358974359,1.2413793103448276,0.56,0.43999999999999995
91104867.png,compression_jpeg,faible,87,116,0.9658119658119658,1.3218390804597702,0.49333333333333335,0.5066666666666666
91104867.png,compression_jpeg,moyen,87,113,0.9316239316239316,1.2528735632183907,0.5866666666666667,0.41333333333333333
91104867.png,compression_jpeg,fort,87,108,0.8923076923076924,1.206896551724138,0.4533333333333333,0.5466666666666666
91104867.png,effet_scan_degrade,faible,87,38,0.7589743589743589,0.8850574712643678,0.28,0.72
91104867.png,effet_scan_degrade,moyen,87,26,0.8717948717948718,0.9310344827586207,0.14666666666666667,0.8533333333333333
91104867.png,effet_scan_degrade,fort,87,25,0.882051282051282,0.9540229885057471,0.08,0.92
91104867.png,distorsion_decalage,faible,87,130,1.0188034188034187,1.4367816091954022,0.6133333333333333,0.3866666666666667
91104867.png,distorsion_decalage,moyen,87,117,0.9794871794871794,1.2873563218390804,0.5066666666666667,0.4933333333333333
91104867.png,distorsion_decalage,fort,87,123,0.9709401709401709,1.3793103448275863,0.4533333333333333,0.5466666666666666
91104867.png,ombres,faible,87,117,0.9794871794871794,1.2873563218390804,0.5466666666666666,0.45333333333333337
91104867.png,ombres,moyen,87,114,0.9401709401709402,1.2988505747126438,0.4666666666666667,0.5333333333333333
91104867.png,ombres,fort,87,67,0.8085470085470086,0.9310344827586207,0.4666666666666667,0.5333333333333333
91161344_91161347.png,flou_gaussien,faible,254,180,0.7764456981664316,0.9606299212598425,0.4246575342465753,0.5753424657534247
91161344_91161347.png,flou_gaussien,moyen,254,26,0.9576868829337094,1.0,0.0,1.0
91161344_91161347.png,flou_gaussien,fort,254,7,0.9873060648801129,1.0,0.0,1.0
91161344_91161347.png,bruit_aleatoire,faible,254,235,0.7172073342736248,0.8779527559055118,0.6095890410958904,0.3904109589041096
91161344_91161347.png,bruit_aleatoire,moyen,254,239,0.7249647390691114,0.8858267716535433,0.6095890410958904,0.3904109589041096
91161344_91161347.png,bruit_aleatoire,fort,254,3,0.9809590973201693,0.9960629921259843,0.00684931506849315,0.9931506849315068
91161344_91161347.png,rotation_legere,faible,254,230,0.7277856135401974,0.9173228346456693,0.547945205479452,0.452054794520548
91161344_91161347.png,rotation_legere,moyen,254,246,0.7362482369534555,0.905511811023622,0.5684931506849316,0.43150684931506844
91161344_91161347.png,rotation_legere,fort,254,4,0.9837799717912553,1.0,0.0,1.0
91161344_91161347.png,faible_contraste,faible,254,228,0.7193229901269393,0.8937007874015748,0.541095890410959,0.45890410958904104
91161344_91161347.png,faible_contraste,moyen,254,224,0.7186177715091678,0.8937007874015748,0.547945205479452,0.452054794520548
91161344_91161347.png,faible_contraste,fort,254,225,0.7179125528913963,0.8976377952755905,0.5547945205479452,0.4452054794520548
91161344_91161347.png,compression_jpeg,faible,254,220,0.7115655853314528,0.889763779527559,0.589041095890411,0.410958904109589
91161344_91161347.png,compression_jpeg,moyen,254,238,0.7334273624823695,0.8976377952755905,0.5753424657534246,0.4246575342465754
91161344_91161347.png,compression_jpeg,fort,254,213,0.7425952045133991,0.9251968503937008,0.3287671232876712,0.6712328767123288
91161344_91161347.png,effet_scan_degrade,faible,254,207,0.7863187588152327,0.9645669291338582,0.5205479452054794,0.4794520547945206
91161344_91161347.png,effet_scan_degrade,moyen,254,76,0.8392101551480959,0.9566929133858267,0.17123287671232876,0.8287671232876712
91161344_91161347.png,effet_scan_degrade,fort,254,28,0.9358251057827927,1.0,0.0,1.0
91161344_91161347.png,distorsion_decalage,faible,254,238,0.735543018335684,0.889763779527559,0.6095890410958904,0.3904109589041096
91161344_91161347.png,distorsion_decalage,moyen,254,255,0.7623413258110014,0.9212598425196851,0.6232876712328768,0.37671232876712324
91161344_91161347.png,distorsion_decalage,fort,254,249,0.7588152327221439,0.905511811023622,0.5684931506849316,0.43150684931506844
91161344_91161347.png,ombres,faible,254,237,0.731311706629055,0.889763779527559,0.5821917808219178,0.4178082191780822
91161344_91161347.png,ombres,moyen,254,176,0.7397743300423131,0.905511811023622,0.4315068493150685,0.5684931506849316
91161344_91161347.png,ombres,fort,254,80,0.7983074753173484,0.9212598425196851,0.2465753424657534,0.7534246575342466
91315069_91315070.png,flou_gaussien,faible,81,8,0.9240780911062907,0.9876543209876543,0.043478260869565216,0.9565217391304348
91315069_91315070.png,flou_gaussien,moyen,81,2,0.9956616052060737,1.0,0.0,1.0
91315069_91315070.png,flou_gaussien,fort,81,0,1.0,1.0,0.0,1.0
91315069_91315070.png,bruit_aleatoire,faible,81,69,0.3470715835140998,0.41975308641975306,0.7681159420289855,0.23188405797101452
91315069_91315070.png,bruit_aleatoire,moyen,81,73,0.40997830802603036,0.5679012345679012,0.7391304347826086,0.26086956521739135
91315069_91315070.png,bruit_aleatoire,fort,81,24,0.7006507592190889,0.8271604938271605,0.2318840579710145,0.7681159420289855
91315069_91315070.png,rotation_legere,faible,81,71,0.34490238611713664,0.4691358024691358,0.7391304347826086,0.26086956521739135
91315069_91315070.png,rotation_legere,moyen,81,76,0.3492407809110629,0.48148148148148145,0.7536231884057971,0.24637681159420288
91315069_91315070.png,rotation_legere,fort,81,26,0.7396963123644251,0.8148148148148148,0.21739130434782608,0.782608695652174
91315069_91315070.png,faible_contraste,faible,81,78,0.34490238611713664,0.48148148148148145,0.7536231884057971,0.24637681159420288
91315069_91315070.png,faible_contraste,moyen,81,71,0.3318872017353579,0.41975308641975306,0.7391304347826086,0.26086956521739135
91315069_91315070.png,faible_contraste,fort,81,78,0.3405639913232104,0.48148148148148145,0.7536231884057971,0.24637681159420288
91315069_91315070.png,compression_jpeg,faible,81,81,0.41865509761388287,0.5432098765432098,0.7536231884057971,0.24637681159420288
91315069_91315070.png,compression_jpeg,moyen,81,77,0.39045553145336226,0.5061728395061729,0.7391304347826086,0.26086956521739135
91315069_91315070.png,compression_jpeg,fort,81,77,0.3188720173535792,0.5185185185185185,0.6956521739130435,0.30434782608695654
91315069_91315070.png,effet_scan_degrade,faible,81,27,0.7396963123644251,0.7777777777777778,0.2463768115942029,0.7536231884057971
91315069_91315070.png,effet_scan_degrade,moyen,81,12,0.9457700650759219,0.9876543209876543,0.028985507246376812,0.9710144927536232
91315069_91315070.png,effet_scan_degrade,fort,81,11,0.9067245119305857,0.9629629629629629,0.043478260869565216,0.9565217391304348
91315069_91315070.png,distorsion_decalage,faible,81,64,0.27765726681127983,0.38271604938271603,0.7681159420289855,0.23188405797101452
91315069_91315070.png,distorsion_decalage,moyen,81,73,0.3318872017353579,0.5185185185185185,0.6521739130434783,0.34782608695652173
91315069_91315070.png,distorsion_decalage,fort,81,87,0.49023861171366595,0.6296296296296297,0.6811594202898551,0.3188405797101449
91315069_91315070.png,ombres,faible,81,76,0.39045553145336226,0.5308641975308642,0.6666666666666666,0.33333333333333337
91315069_91315070.png,ombres,moyen,81,51,0.5531453362255966,0.691358024691358,0.4782608695652174,0.5217391304347826
91315069_91315070.png,ombres,fort,81,27,0.6637744034707158,0.8271604938271605,0.2318840579710145,0.7681159420289855
91355841.png,flou_gaussien,faible,94,4,0.9640151515151515,0.9680851063829787,0.04411764705882353,0.9558823529411765
91355841.png,flou_gaussien,moyen,94,0,1.0,1.0,0.0,1.0
91355841.png,flou_gaussien,fort,94,0,1.0,1.0,0.0,1.0
91355841.png,bruit_aleatoire,faible,94,63,0.5643939393939394,0.723404255319149,0.5735294117647058,0.42647058823529416
91355841.png,bruit_aleatoire,moyen,94,65,0.5606060606060606,0.7127659574468085,0.6029411764705882,0.3970588235294118
91355841.png,bruit_aleatoire,fort,94,22,0.7708333333333334,0.8191489361702128,0.25,0.75
91355841.png,rotation_legere,faible,94,51,0.5,0.6170212765957447,0.4852941176470588,0.5147058823529411
91355841.png,rotation_legere,moyen,94,52,0.571969696969697,0.7872340425531915,0.47058823529411764,0.5294117647058824
91355841.png,rotation_legere,fort,94,8,0.9583333333333334,0.9893617021276596,0.014705882352941176,0.9852941176470589
91355841.png,faible_contraste,faible,94,57,0.6609848484848485,0.7978723404255319,0.5,0.5
91355841.png,faible_contraste,moyen,94,56,0.6571969696969697,0.7978723404255319,0.4852941176470588,0.5147058823529411
91355841.png,faible_contraste,fort,94,56,0.6590909090909091,0.7978723404255319,0.4852941176470588,0.5147058823529411
91355841.png,compression_jpeg,faible,94,56,0.6022727272727273,0.776595744680851,0.4852941176470588,0.5147058823529411
91355841.png,compression_jpeg,moyen,94,64,0.5757575757575758,0.7127659574468085,0.5588235294117647,0.4411764705882353
91355841.png,compression_jpeg,fort,94,48,0.5246212121212122,0.6914893617021277,0.4264705882352941,0.5735294117647058
91355841.png,effet_scan_degrade,faible,94,17,0.8087121212121212,0.8297872340425532,0.23529411764705882,0.7647058823529411
91355841.png,effet_scan_degrade,moyen,94,4,0.9640151515151515,0.9680851063829787,0.04411764705882353,0.9558823529411765
91355841.png,effet_scan_degrade,fort,94,0,1.0,1.0,0.0,1.0
91355841.png,distorsion_decalage,faible,94,52,0.678030303030303,0.8191489361702128,0.4117647058823529,0.5882352941176471
91355841.png,distorsion_decalage,moyen,94,40,0.6022727272727273,0.7127659574468085,0.35294117647058826,0.6470588235294117
91355841.png,distorsion_decalage,fort,94,64,0.3503787878787879,0.5851063829787234,0.5735294117647058,0.42647058823529416
91355841.png,ombres,faible,94,71,0.5151515151515151,0.6914893617021277,0.6029411764705882,0.3970588235294118
91355841.png,ombres,moyen,94,64,0.5568181818181818,0.7021276595744681,0.5882352941176471,0.4117647058823529
91355841.png,ombres,fort,94,40,0.6212121212121212,0.723404255319149,0.35294117647058826,0.6470588235294117
91356315.png,flou_gaussien,faible,100,7,0.9410774410774411,0.98,0.04054054054054054,0.9594594594594594
91356315.png,flou_gaussien,moyen,100,0,1.0,1.0,0.0,1.0
91356315.png,flou_gaussien,fort,100,0,1.0,1.0,0.0,1.0
91356315.png,bruit_aleatoire,faible,100,57,0.5909090909090909,0.82,0.3918918918918919,0.6081081081081081
91356315.png,bruit_aleatoire,moyen,100,29,0.6565656565656566,0.79,0.28378378378378377,0.7162162162162162
91356315.png,bruit_aleatoire,fort,100,6,0.9242424242424242,0.97,0.04054054054054054,0.9594594594594594
91356315.png,rotation_legere,faible,100,36,0.6683501683501684,0.81,0.2702702702702703,0.7297297297297297
91356315.png,rotation_legere,moyen,100,38,0.6262626262626263,0.79,0.28378378378378377,0.7162162162162162
91356315.png,rotation_legere,fort,100,32,0.6936026936026936,0.87,0.25675675675675674,0.7432432432432432
91356315.png,faible_contraste,faible,100,63,0.5336700336700336,0.74,0.4189189189189189,0.5810810810810811
91356315.png,faible_contraste,moyen,100,43,0.6548821548821548,0.82,0.2972972972972973,0.7027027027027026
91356315.png,faible_contraste,fort,100,62,0.5353535353535354,0.75,0.43243243243243246,0.5675675675675675
91356315.png,compression_jpeg,faible,100,40,0.6380471380471381,0.79,0.35135135135135137,0.6486486486486487
91356315.png,compression_jpeg,moyen,100,64,0.5791245791245792,0.82,0.40540540540540543,0.5945945945945945
91356315.png,compression_jpeg,fort,100,34,0.6582491582491582,0.84,0.22972972972972974,0.7702702702702703
91356315.png,effet_scan_degrade,faible,100,23,0.7811447811447811,0.88,0.20270270270270271,0.7972972972972973
91356315.png,effet_scan_degrade,moyen,100,8,0.9175084175084175,0.97,0.04054054054054054,0.9594594594594594
91356315.png,effet_scan_degrade,fort,100,2,0.9848484848484849,1.0,0.0,1.0
91356315.png,distorsion_decalage,faible,100,38,0.569023569023569,0.77,0.3108108108108108,0.6891891891891893
91356315.png,distorsion_decalage,moyen,100,22,0.7239057239057239,0.83,0.22972972972972974,0.7702702702702703
91356315.png,distorsion_decalage,fort,100,18,0.7777777777777778,0.88,0.17567567567567569,0.8243243243243243
91356315.png,ombres,faible,100,0,1.0,1.0,0.0,1.0
91356315.png,ombres,moyen,100,15,0.82996632996633,0.93,0.16216216216216217,0.8378378378378378
91356315.png,ombres,fort,100,48,0.7542087542087542,0.94,0.16216216216216217,0.8378378378378378
91361993.png,flou_gaussien,faible,108,7,0.9261168384879725,0.9722222222222222,0.03896103896103896,0.961038961038961
91361993.png,flou_gaussien,moyen,108,0,1.0,1.0,0.0,1.0
91361993.png,flou_gaussien,fort,108,0,1.0,1.0,0.0,1.0
91361993.png,bruit_aleatoire,faible,108,54,0.6099656357388317,0.7222222222222222,0.45454545454545453,0.5454545454545454
91361993.png,bruit_aleatoire,moyen,108,47,0.6219931271477663,0.6944444444444444,0.37662337662337664,0.6233766233766234
91361993.png,bruit_aleatoire,fort,108,61,0.6666666666666666,0.8148148148148148,0.4935064935064935,0.5064935064935066
91361993.png,rotation_legere,faible,108,61,0.6391752577319587,0.8148148148148148,0.5064935064935064,0.49350649350649356
91361993.png,rotation_legere,moyen,108,62,0.7027491408934707,0.8888888888888888,0.33766233766233766,0.6623376623376623
91361993.png,rotation_legere,fort,108,79,0.6460481099656358,0.8333333333333334,0.4805194805194805,0.5194805194805194
91361993.png,faible_contraste,faible,108,50,0.6443298969072165,0.7407407407407407,0.4025974025974026,0.5974025974025974
91361993.png,faible_contraste,moyen,108,50,0.6460481099656358,0.7407407407407407,0.38961038961038963,0.6103896103896104
91361993.png,faible_contraste,fort,108,51,0.6443298969072165,0.7407407407407407,0.4025974025974026,0.5974025974025974
91361993.png,compression_jpeg,faible,108,78,0.6460481099656358,0.8425925925925926,0.5974025974025974,0.4025974025974026
91361993.png,compression_jpeg,moyen,108,65,0.6426116838487973,0.8240740740740741,0.5324675324675324,0.4675324675324676
91361993.png,compression_jpeg,fort,108,74,0.6185567010309279,0.8055555555555556,0.5584415584415584,0.4415584415584416
91361993.png,effet_scan_degrade,faible,108,15,0.8676975945017182,0.9444444444444444,0.1038961038961039,0.8961038961038961
91361993.png,effet_scan_degrade,moyen,108,6,0.9381443298969072,0.9907407407407407,0.012987012987012988,0.987012987012987
91361993.png,effet_scan_degrade,fort,108,1,0.9879725085910653,1.0,0.0,1.0
91361993.png,distorsion_decalage,faible,108,48,0.6752577319587629,0.7870370370370371,0.33766233766233766,0.6623376623376623
91361993.png,distorsion_decalage,moyen,108,67,0.6065292096219931,0.7870370370370371,0.4675324675324675,0.5324675324675325
91361993.png,distorsion_decalage,fort,108,79,0.6512027491408935,0.8425925925925926,0.5844155844155844,0.4155844155844156
91361993.png,ombres,faible,108,61,0.634020618556701,0.7777777777777778,0.45454545454545453,0.5454545454545454
91361993.png,ombres,moyen,108,54,0.5996563573883161,0.7407407407407407,0.4025974025974026,0.5974025974025974
91361993.png,ombres,fort,108,28,0.8178694158075601,0.8888888888888888,0.2077922077922078,0.7922077922077921
91372360.png,flou_gaussien,faible,136,91,0.5891472868217055,0.7794117647058824,0.3448275862068966,0.6551724137931034
91372360.png,flou_gaussien,moyen,136,24,0.9160206718346253,1.0,0.0,1.0
91372360.png,flou_gaussien,fort,136,0,1.0,1.0,0.0,1.0
91372360.png,bruit_aleatoire,faible,136,121,0.40568475452196384,0.5882352941176471,0.5948275862068966,0.4051724137931034
91372360.png,bruit_aleatoire,moyen,136,116,0.4186046511627907,0.625,0.5689655172413793,0.43103448275862066
91372360.png,bruit_aleatoire,fort,136,114,0.42377260981912146,0.6397058823529411,0.5172413793103449,0.48275862068965514
91372360.png,rotation_legere,faible,136,118,0.4160206718346253,0.6102941176470589,0.5862068965517241,0.4137931034482759
91372360.png,rotation_legere,moyen,136,119,0.43281653746770027,0.6323529411764706,0.5172413793103449,0.48275862068965514
91372360.png,rotation_legere,fort,136,112,0.40568475452196384,0.6029411764705882,0.5086206896551724,0.4913793103448276
91372360.png,faible_contraste,faible,136,123,0.3772609819121447,0.5588235294117647,0.5862068965517241,0.4137931034482759
91372360.png,faible_contraste,moyen,136,123,0.3785529715762274,0.5514705882352942,0.5948275862068966,0.4051724137931034
91372360.png,faible_contraste,fort,136,125,0.375968992248062,0.5588235294117647,0.603448275862069,0.39655172413793105
91372360.png,compression_jpeg,faible,136,126,0.41214470284237725,0.6323529411764706,0.5431034482758621,0.4568965517241379
91372360.png,compression_jpeg,moyen,136,114,0.4470284237726098,0.6544117647058824,0.5172413793103449,0.48275862068965514
91372360.png,compression_jpeg,fort,136,111,0.4844961240310077,0.7352941176470589,0.4051724137931034,0.5948275862068966
91372360.png,effet_scan_degrade,faible,136,103,0.5077519379844961,0.7058823529411765,0.45689655172413796,0.5431034482758621
91372360.png,effet_scan_degrade,moyen,136,100,0.582687338501292,0.7647058823529411,0.3620689655172414,0.6379310344827587
91372360.png,effet_scan_degrade,fort,136,93,0.6266149870801033,0.8161764705882353,0.31896551724137934,0.6810344827586207
91372360.png,distorsion_decalage,faible,136,118,0.42377260981912146,0.6691176470588235,0.5,0.5
91372360.png,distorsion_decalage,moyen,136,124,0.3953488372093023,0.6102941176470589,0.5775862068965517,0.4224137931034483
91372360.png,distorsion_decalage,fort,136,129,0.3888888888888889,0.5661764705882353,0.6379310344827587,0.3620689655172413
91372360.png,ombres,faible,136,116,0.39276485788113696,0.5882352941176471,0.5603448275862069,0.43965517241379315
91372360.png,ombres,moyen,136,127,0.375968992248062,0.5661764705882353,0.6206896551724138,0.3793103448275862
91372360.png,ombres,fort,136,66,0.6382428940568475,0.7794117647058824,0.3103448275862069,0.6896551724137931
91391286.png,flou_gaussien,faible,99,65,0.5978915662650602,0.7878787878787878,0.3146067415730337,0.6853932584269663
91391286.png,flou_gaussien,moyen,99,10,0.9713855421686747,1.0,0.0,1.0
91391286.png,flou_gaussien,fort,99,2,0.9984939759036144,1.0,0.0,1.0
91391286.png,bruit_aleatoire,faible,99,85,0.5843373493975904,0.7777777777777778,0.5955056179775281,0.4044943820224719
91391286.png,bruit_aleatoire,moyen,99,86,0.6445783132530121,0.8484848484848485,0.6179775280898876,0.3820224719101124
91391286.png,bruit_aleatoire,fort,99,69,0.6174698795180723,0.8585858585858586,0.39325842696629215,0.6067415730337078
91391286.png,rotation_legere,faible,99,109,0.45481927710843373,0.7373737373737373,0.651685393258427,0.348314606741573
91391286.png,rotation_legere,moyen,99,71,0.572289156626506,0.7777777777777778,0.42696629213483145,0.5730337078651686
91391286.png,rotation_legere,fort,99,93,0.43373493975903615,0.6767676767676768,0.5842696629213483,0.4157303370786517
91391286.png,faible_contraste,faible,99,105,0.45933734939759036,0.7575757575757576,0.6404494382022472,0.3595505617977528
91391286.png,faible_contraste,moyen,99,104,0.45933734939759036,0.7474747474747475,0.651685393258427,0.348314606741573
91391286.png,faible_contraste,fort,99,105,0.4608433734939759,0.7777777777777778,0.6404494382022472,0.3595505617977528
91391286.png,compression_jpeg,faible,99,103,0.4457831325301205,0.7171717171717171,0.6404494382022472,0.3595505617977528
91391286.png,compression_jpeg,moyen,99,107,0.4322289156626506,0.7070707070707071,0.6404494382022472,0.3595505617977528
91391286.png,compression_jpeg,fort,99,88,0.6521084337349398,0.8686868686868687,0.5168539325842697,0.4831460674157303
91391286.png,effet_scan_degrade,faible,99,41,0.7243975903614458,0.8686868686868687,0.19101123595505617,0.8089887640449438
91391286.png,effet_scan_degrade,moyen,99,82,0.5,0.7373737373737373,0.4157303370786517,0.5842696629213483
91391286.png,effet_scan_degrade,fort,99,69,0.6265060240963856,0.8585858585858586,0.1797752808988764,0.8202247191011236
91391286.png,distorsion_decalage,faible,99,97,0.6942771084337349,0.898989898989899,0.6629213483146067,0.3370786516853933
91391286.png,distorsion_decalage,moyen,99,100,0.44879518072289154,0.7373737373737373,0.6292134831460674,0.3707865168539326
91391286.png,distorsion_decalage,fort,99,106,0.4307228915662651,0.6767676767676768,0.6629213483146067,0.3370786516853933
91391286.png,ombres,faible,99,105,0.46987951807228917,0.7676767676767676,0.6292134831460674,0.3707865168539326
91391286.png,ombres,moyen,99,31,0.7740963855421686,0.8585858585858586,0.20224719101123595,0.797752808988764
91391286.png,ombres,fort,99,54,0.6671686746987951,0.8585858585858586,0.2696629213483146,0.7303370786516854
91391310.png,flou_gaussien,faible,88,41,0.6703821656050956,0.8295454545454546,0.2911392405063291,0.7088607594936709
91391310.png,flou_gaussien,moyen,88,2,0.9984076433121019,1.0,0.0,1.0
91391310.png,flou_gaussien,fort,88,10,0.982484076433121,1.0,0.0,1.0
91391310.png,bruit_aleatoire,faible,88,88,0.47770700636942676,0.6704545454545454,0.6835443037974683,0.31645569620253167
91391310.png,bruit_aleatoire,moyen,88,92,0.5207006369426752,0.7386363636363636,0.6582278481012658,0.3417721518987342
91391310.png,bruit_aleatoire,fort,88,0,1.0,1.0,0.0,1.0
91391310.png,rotation_legere,faible,88,87,0.5159235668789809,0.7159090909090909,0.620253164556962,0.379746835443038
91391310.png,rotation_legere,moyen,88,94,0.5047770700636943,0.7272727272727273,0.7215189873417721,0.2784810126582279
91391310.png,rotation_legere,fort,88,1,0.9968152866242038,1.0,0.0,1.0
91391310.png,faible_contraste,faible,88,84,0.6178343949044586,0.6818181818181818,0.7088607594936709,0.2911392405063291
91391310.png,faible_contraste,moyen,88,84,0.6146496815286624,0.6818181818181818,0.7215189873417721,0.2784810126582279
91391310.png,faible_contraste,fort,88,84,0.6162420382165605,0.6931818181818182,0.7088607594936709,0.2911392405063291
91391310.png,compression_jpeg,faible,88,83,0.6050955414012739,0.7045454545454546,0.6962025316455697,0.30379746835443033
91391310.png,compression_jpeg,moyen,88,84,0.5318471337579618,0.7159090909090909,0.6075949367088608,0.3924050632911392
91391310.png,compression_jpeg,fort,88,86,0.5238853503184714,0.7272727272727273,0.5822784810126582,0.4177215189873418
91391310.png,effet_scan_degrade,faible,88,15,0.9012738853503185,0.9431818181818182,0.11392405063291139,0.8860759493670887
91391310.png,effet_scan_degrade,moyen,88,75,0.5207006369426752,0.6931818181818182,0.5443037974683544,0.45569620253164556
91391310.png,effet_scan_degrade,fort,88,61,0.5875796178343949,0.8522727272727273,0.25316455696202533,0.7468354430379747
91391310.png,distorsion_decalage,faible,88,87,0.5302547770700637,0.7613636363636364,0.5949367088607594,0.40506329113924056
91391310.png,distorsion_decalage,moyen,88,87,0.5015923566878981,0.7159090909090909,0.620253164556962,0.379746835443038
91391310.png,distorsion_decalage,fort,88,80,0.482484076433121,0.6590909090909091,0.6582278481012658,0.3417721518987342
91391310.png,ombres,faible,88,84,0.6178343949044586,0.6931818181818182,0.7088607594936709,0.2911392405063291
91391310.png,ombres,moyen,88,37,0.7277070063694268,0.8068181818181818,0.2911392405063291,0.7088607594936709
91391310.png,ombres,fort,88,35,0.6719745222929936,0.7613636363636364,0.3037974683544304,0.6962025316455696
91581919.png,flou_gaussien,faible,157,157,0.30785123966942146,0.35668789808917195,0.8114754098360656,0.1885245901639344
91581919.png,flou_gaussien,moyen,157,118,0.6962809917355371,0.9681528662420382,0.05737704918032787,0.9426229508196722
91581919.png,flou_gaussien,fort,157,34,0.9008264462809917,0.9936305732484076,0.00819672131147541,0.9918032786885246
91581919.png,bruit_aleatoire,faible,157,152,0.3119834710743802,0.3821656050955414,0.7950819672131147,0.20491803278688525
91581919.png,bruit_aleatoire,moyen,157,154,0.32541322314049587,0.39490445859872614,0.8032786885245902,0.19672131147540983
91581919.png,bruit_aleatoire,fort,157,12,0.9586776859504132,0.9808917197452229,0.03278688524590164,0.9672131147540983
91581919.png,rotation_legere,faible,157,160,0.2892561983471074,0.3821656050955414,0.8032786885245902,0.19672131147540983
91581919.png,rotation_legere,moyen,157,132,0.41115702479338845,0.5477707006369427,0.6475409836065574,0.35245901639344257
91581919.png,rotation_legere,fort,157,156,0.29235537190082644,0.4140127388535032,0.7131147540983607,0.28688524590163933
91581919.png,faible_contraste,faible,157,155,0.3119834710743802,0.37579617834394907,0.8032786885245902,0.19672131147540983
91581919.png,faible_contraste,moyen,157,154,0.3119834710743802,0.37579617834394907,0.7950819672131147,0.20491803278688525
91581919.png,faible_contraste,fort,157,153,0.30991735537190085,0.37579617834394907,0.8032786885245902,0.19672131147540983
91581919.png,compression_jpeg,faible,157,154,0.32231404958677684,0.3821656050955414,0.7868852459016393,0.21311475409836067
91581919.png,compression_jpeg,moyen,157,154,0.33884297520661155,0.4012738853503185,0.7868852459016393,0.21311475409836067
91581919.png,compression_jpeg,fort,157,148,0.35537190082644626,0.4140127388535032,0.7131147540983607,0.28688524590163933
91581919.png,effet_scan_degrade,faible,157,155,0.3130165289256198,0.37579617834394907,0.7622950819672131,0.23770491803278693
91581919.png,effet_scan_degrade,moyen,157,158,0.30991735537190085,0.37579617834394907,0.7786885245901639,0.2213114754098361
91581919.png,effet_scan_degrade,fort,157,147,0.31714876033057854,0.43312101910828027,0.6557377049180327,0.34426229508196726
91581919.png,distorsion_decalage,faible,157,157,0.2944214876033058,0.33121019108280253,0.8442622950819673,0.15573770491803274
91581919.png,distorsion_decalage,moyen,157,151,0.29338842975206614,0.3503184713375796,0.819672131147541,0.180327868852459
91581919.png,distorsion_decalage,fort,157,155,0.30888429752066116,0.36942675159235666,0.819672131147541,0.180327868852459
91581919.png,ombres,faible,157,154,0.3109504132231405,0.36942675159235666,0.8032786885245902,0.19672131147540983
91581919.png,ombres,moyen,157,109,0.5258264462809917,0.554140127388535,0.5655737704918032,0.43442622950819676
91581919.png,ombres,fort,157,56,0.7427685950413223,0.7579617834394905,0.3114754098360656,0.6885245901639344
91856041_6049.png,flou_gaussien,faible,76,10,0.8408163265306122,0.8947368421052632,0.13846153846153847,0.8615384615384616
91856041_6049.png,flou_gaussien,moyen,76,0,1.0,1.0,0.0,1.0
91856041_6049.png,flou_gaussien,fort,76,0,1.0,1.0,0.0,1.0
91856041_6049.png,bruit_aleatoire,faible,76,63,0.3836734693877551,0.631578947368421,0.5384615384615384,0.46153846153846156
91856041_6049.png,bruit_aleatoire,moyen,76,69,0.4,0.6447368421052632,0.5692307692307692,0.4307692307692308
91856041_6049.png,bruit_aleatoire,fort,76,62,0.44285714285714284,0.7105263157894737,0.4307692307692308,0.5692307692307692
91856041_6049.png,rotation_legere,faible,76,63,0.46938775510204084,0.7105263157894737,0.49230769230769234,0.5076923076923077
91856041_6049.png,rotation_legere,moyen,76,67,0.45510204081632655,0.7368421052631579,0.46153846153846156,0.5384615384615384
91856041_6049.png,rotation_legere,fort,76,66,0.45918367346938777,0.6973684210526315,0.5076923076923077,0.49230769230769234
91856041_6049.png,faible_contraste,faible,76,61,0.43673469387755104,0.6447368421052632,0.49230769230769234,0.5076923076923077
91856041_6049.png,faible_contraste,moyen,76,60,0.4448979591836735,0.6710526315789473,0.5076923076923077,0.49230769230769234
91856041_6049.png,faible_contraste,fort,76,59,0.44081632653061226,0.631578947368421,0.5230769230769231,0.4769230769230769
91856041_6049.png,compression_jpeg,faible,76,62,0.4326530612244898,0.6842105263157895,0.46153846153846156,0.5384615384615384
91856041_6049.png,compression_jpeg,moyen,76,54,0.463265306122449,0.7105263157894737,0.4153846153846154,0.5846153846153845
91856041_6049.png,compression_jpeg,fort,76,37,0.5714285714285714,0.7894736842105263,0.26153846153846155,0.7384615384615385
91856041_6049.png,effet_scan_degrade,faible,76,10,0.8183673469387756,0.8947368421052632,0.13846153846153847,0.8615384615384616
91856041_6049.png,effet_scan_degrade,moyen,76,10,0.8408163265306122,0.8947368421052632,0.13846153846153847,0.8615384615384616
91856041_6049.png,effet_scan_degrade,fort,76,6,0.8938775510204081,0.9210526315789473,0.09230769230769231,0.9076923076923077
91856041_6049.png,distorsion_decalage,faible,76,67,0.40408163265306124,0.6578947368421053,0.5230769230769231,0.4769230769230769
91856041_6049.png,distorsion_decalage,moyen,76,34,0.5530612244897959,0.7763157894736842,0.3076923076923077,0.6923076923076923
91856041_6049.png,distorsion_decalage,fort,76,49,0.5183673469387755,0.7236842105263158,0.3384615384615385,0.6615384615384615
91856041_6049.png,ombres,faible,76,64,0.4163265306122449,0.6842105263157895,0.5076923076923077,0.49230769230769234
91856041_6049.png,ombres,moyen,76,59,0.5163265306122449,0.7368421052631579,0.5230769230769231,0.4769230769230769
91856041_6049.png,ombres,fort,76,32,0.6795918367346939,0.8421052631578947,0.24615384615384617,0.7538461538461538
91903177.png,flou_gaussien,faible,106,52,0.5941780821917808,0.7641509433962265,0.44,0.56
91903177.png,flou_gaussien,moyen,106,6,0.9897260273972602,1.0,0.0,1.0
91903177.png,flou_gaussien,fort,106,2,0.9982876712328768,1.0,0.0,1.0
91903177.png,bruit_aleatoire,faible,106,93,0.4041095890410959,0.7075471698113207,0.56,0.43999999999999995
91903177.png,bruit_aleatoire,moyen,106,87,0.4417808219178082,0.7075471698113207,0.64,0.36
91903177.png,bruit_aleatoire,fort,106,0,1.0,1.0,0.0,1.0
91903177.png,rotation_legere,faible,106,97,0.3886986301369863,0.6792452830188679,0.6533333333333333,0.3466666666666667
91903177.png,rotation_legere,moyen,106,26,0.8184931506849316,0.9056603773584906,0.16,0.84
91903177.png,rotation_legere,fort,106,69,0.4623287671232877,0.7264150943396226,0.49333333333333335,0.5066666666666666
91903177.png,faible_contraste,faible,106,90,0.4400684931506849,0.6886792452830188,0.6933333333333334,0.30666666666666664
91903177.png,faible_contraste,moyen,106,90,0.4417808219178082,0.6698113207547169,0.72,0.28
91903177.png,faible_contraste,fort,106,87,0.3681506849315068,0.5943396226415094,0.6933333333333334,0.30666666666666664
91903177.png,compression_jpeg,faible,106,81,0.5188356164383562,0.7735849056603774,0.5733333333333334,0.42666666666666664
91903177.png,compression_jpeg,moyen,106,85,0.4948630136986301,0.7358490566037735,0.6,0.4
91903177.png,compression_jpeg,fort,106,83,0.5393835616438356,0.7169811320754716,0.56,0.43999999999999995
91903177.png,effet_scan_degrade,faible,106,71,0.5702054794520548,0.7452830188679245,0.48,0.52
91903177.png,effet_scan_degrade,moyen,106,15,0.8578767123287672,0.9433962264150944,0.09333333333333334,0.9066666666666666
91903177.png,effet_scan_degrade,fort,106,1,1.0,1.0,0.0,1.0
91903177.png,distorsion_decalage,faible,106,66,0.5222602739726028,0.7452830188679245,0.49333333333333335,0.5066666666666666
91903177.png,distorsion_decalage,moyen,106,99,0.4434931506849315,0.7641509433962265,0.6266666666666667,0.3733333333333333
91903177.png,distorsion_decalage,fort,106,56,0.625,0.7924528301886793,0.4533333333333333,0.5466666666666666
91903177.png,ombres,faible,106,90,0.3852739726027397,0.6037735849056604,0.68,0.31999999999999995
91903177.png,ombres,moyen,106,30,0.7756849315068494,0.8490566037735849,0.21333333333333335,0.7866666666666666
91903177.png,ombres,fort,106,25,0.8116438356164384,0.9433962264150944,0.25333333333333335,0.7466666666666666
91914407.png,flou_gaussien,faible,109,100,0.34810126582278483,0.5412844036697247,0.5842696629213483,0.4157303370786517
91914407.png,flou_gaussien,moyen,109,20,0.9129746835443038,0.9908256880733946,0.011235955056179775,0.9887640449438202
91914407.png,flou_gaussien,fort,109,0,1.0,1.0,0.0,1.0
91914407.png,bruit_aleatoire,faible,109,98,0.310126582278481,0.46788990825688076,0.6966292134831461,0.3033707865168539
91914407.png,bruit_aleatoire,moyen,109,101,0.2911392405063291,0.46788990825688076,0.7078651685393258,0.2921348314606742
91914407.png,bruit_aleatoire,fort,109,102,0.33544303797468356,0.5688073394495413,0.6292134831460674,0.3707865168539326
91914407.png,rotation_legere,faible,109,99,0.3180379746835443,0.5137614678899083,0.6292134831460674,0.3707865168539326
91914407.png,rotation_legere,moyen,109,100,0.3291139240506329,0.5045871559633027,0.6741573033707865,0.3258426966292135
91914407.png,rotation_legere,fort,109,101,0.314873417721519,0.47706422018348627,0.6966292134831461,0.3033707865168539
91914407.png,faible_contraste,faible,109,98,0.33860759493670883,0.48623853211009177,0.6741573033707865,0.3258426966292135
91914407.png,faible_contraste,moyen,109,98,0.33069620253164556,0.45871559633027525,0.7078651685393258,0.2921348314606742
91914407.png,faible_contraste,fort,109,99,0.3291139240506329,0.46788990825688076,0.7078651685393258,0.2921348314606742
91914407.png,compression_jpeg,faible,109,100,0.29430379746835444,0.44954128440366975,0.7078651685393258,0.2921348314606742
91914407.png,compression_jpeg,moyen,109,100,0.30537974683544306,0.44954128440366975,0.7078651685393258,0.2921348314606742
91914407.png,compression_jpeg,fort,109,101,0.3291139240506329,0.5045871559633027,0.651685393258427,0.348314606741573
91914407.png,effet_scan_degrade,faible,109,109,0.41139240506329117,0.5596330275229358,0.6966292134831461,0.3033707865168539
91914407.png,effet_scan_degrade,moyen,109,102,0.4778481012658228,0.6330275229357798,0.6292134831460674,0.3707865168539326
91914407.png,effet_scan_degrade,fort,109,76,0.5395569620253164,0.7155963302752294,0.3707865168539326,0.6292134831460674
91914407.png,distorsion_decalage,faible,109,91,0.3212025316455696,0.48623853211009177,0.6292134831460674,0.3707865168539326
91914407.png,distorsion_decalage,moyen,109,99,0.27848101265822783,0.44954128440366975,0.7415730337078652,0.2584269662921348
91914407.png,distorsion_decalage,fort,109,100,0.27689873417721517,0.45871559633027525,0.7303370786516854,0.2696629213483146
91914407.png,ombres,faible,109,100,0.2848101265822785,0.41284403669724773,0.7528089887640449,0.2471910112359551
91914407.png,ombres,moyen,109,97,0.2674050632911392,0.41284403669724773,0.6966292134831461,0.3033707865168539
91914407.png,ombres,fort,109,66,0.49841772151898733,0.5871559633027523,0.48314606741573035,0.5168539325842696
91939637.png,flou_gaussien,faible,133,9,0.9519015659955258,0.9699248120300752,0.038834951456310676,0.9611650485436893
91939637.png,flou_gaussien,moyen,133,0,1.0,1.0,0.0,1.0
91939637.png,flou_gaussien,fort,133,5,0.9865771812080537,1.0,0.0,1.0
91939637.png,bruit_aleatoire,faible,133,133,0.40939597315436244,0.5338345864661654,0.8155339805825242,0.18446601941747576
91939637.png,bruit_aleatoire,moyen,133,134,0.40268456375838924,0.518796992481203,0.8252427184466019,0.1747572815533981
91939637.png,bruit_aleatoire,fort,133,134,0.4843400447427293,0.6842105263157895,0.6699029126213593,0.33009708737864074
91939637.png,rotation_legere,faible,133,140,0.4854586129753915,0.6390977443609023,0.7864077669902912,0.21359223300970875
91939637.png,rotation_legere,moyen,133,133,0.4172259507829978,0.5338345864661654,0.8252427184466019,0.1747572815533981
91939637.png,rotation_legere,fort,133,51,0.8333333333333334,0.9548872180451128,0.08737864077669903,0.912621359223301
91939637.png,faible_contraste,faible,133,133,0.39149888143176736,0.5112781954887218,0.8155339805825242,0.18446601941747576
91939637.png,faible_contraste,moyen,133,132,0.39932885906040266,0.5263157894736842,0.8155339805825242,0.18446601941747576
91939637.png,faible_contraste,fort,133,133,0.38926174496644295,0.5112781954887218,0.8155339805825242,0.18446601941747576
91939637.png,compression_jpeg,faible,133,134,0.38478747203579416,0.5338345864661654,0.8446601941747572,0.15533980582524276
91939637.png,compression_jpeg,moyen,133,133,0.3982102908277405,0.5037593984962406,0.8349514563106796,0.16504854368932043
91939637.png,compression_jpeg,fort,133,133,0.4250559284116331,0.5639097744360902,0.7864077669902912,0.21359223300970875
91939637.png,effet_scan_degrade,faible,133,51,0.7684563758389261,0.8045112781954887,0.2912621359223301,0.7087378640776699
91939637.png,effet_scan_degrade,moyen,133,12,0.9574944071588367,0.9849624060150376,0.019417475728155338,0.9805825242718447
91939637.png,effet_scan_degrade,fort,133,0,1.0,1.0,0.0,1.0
91939637.png,distorsion_decalage,faible,133,133,0.5346756152125279,0.6842105263157895,0.7864077669902912,0.21359223300970875
91939637.png,distorsion_decalage,moyen,133,140,0.5995525727069351,0.7142857142857143,0.7864077669902912,0.21359223300970875
91939637.png,distorsion_decalage,fort,133,114,0.49217002237136465,0.6240601503759399,0.6796116504854369,0.3203883495145631
91939637.png,ombres,faible,133,133,0.40492170022371365,0.5263157894736842,0.8155339805825242,0.18446601941747576
91939637.png,ombres,moyen,133,64,0.727069351230425,0.7819548872180451,0.3592233009708738,0.6407766990291262
91939637.png,ombres,fort,133,53,0.7785234899328859,0.8571428571428571,0.2621359223300971,0.7378640776699029
91974562.png,flou_gaussien,faible,107,77,0.3794162826420891,0.6355140186915887,0.45652173913043476,0.5434782608695652
91974562.png,flou_gaussien,moyen,107,11,0.9738863287250384,1.0,0.0,1.0
91974562.png,flou_gaussien,fort,107,2,0.9953917050691244,1.0,0.0,1.0
91974562.png,bruit_aleatoire,faible,107,42,0.6943164362519201,0.7663551401869159,0.30434782608695654,0.6956521739130435
91974562.png,bruit_aleatoire,moyen,107,94,0.5960061443932412,0.7850467289719626,0.6521739130434783,0.34782608695652173
91974562.png,bruit_aleatoire,fort,107,41,0.7803379416282642,0.9252336448598131,0.16304347826086957,0.8369565217391304
91974562.png,rotation_legere,faible,107,87,0.642089093701997,0.794392523364486,0.5978260869565217,0.40217391304347827
91974562.png,rotation_legere,moyen,107,98,0.6328725038402457,0.8504672897196262,0.6086956521739131,0.3913043478260869
91974562.png,rotation_legere,fort,107,0,1.0,1.0,0.0,1.0
91974562.png,faible_contraste,faible,107,86,0.3486943164362519,0.5420560747663551,0.6195652173913043,0.3804347826086957
91974562.png,faible_contraste,moyen,107,86,0.3486943164362519,0.5420560747663551,0.6195652173913043,0.3804347826086957
91974562.png,faible_contraste,fort,107,86,0.34715821812596004,0.5420560747663551,0.6086956521739131,0.3913043478260869
91974562.png,compression_jpeg,faible,107,86,0.3655913978494624,0.616822429906542,0.5760869565217391,0.42391304347826086
91974562.png,compression_jpeg,moyen,107,90,0.6175115207373272,0.8130841121495327,0.6304347826086957,0.3695652173913043
91974562.png,compression_jpeg,fort,107,93,0.3225806451612903,0.616822429906542,0.5652173913043478,0.4347826086956522
91974562.png,effet_scan_degrade,faible,107,69,0.49615975422427033,0.6542056074766355,0.45652173913043476,0.5434782608695652
91974562.png,effet_scan_degrade,moyen,107,68,0.4731182795698925,0.6915887850467289,0.3695652173913043,0.6304347826086957
91974562.png,effet_scan_degrade,fort,107,35,0.7972350230414746,0.9813084112149533,0.03260869565217391,0.967391304347826
91974562.png,distorsion_decalage,faible,107,87,0.3348694316436252,0.6261682242990654,0.5434782608695652,0.4565217391304348
91974562.png,distorsion_decalage,moyen,107,96,0.30568356374807987,0.5981308411214953,0.6086956521739131,0.3913043478260869
91974562.png,distorsion_decalage,fort,107,83,0.3655913978494624,0.6355140186915887,0.5217391304347826,0.4782608695652174
91974562.png,ombres,faible,107,98,0.5852534562211982,0.8037383177570093,0.6413043478260869,0.3586956521739131
91974562.png,ombres,moyen,107,45,0.642089093701997,0.7850467289719626,0.29347826086956524,0.7065217391304348
91974562.png,ombres,fort,107,37,0.7465437788018433,0.8504672897196262,0.2391304347826087,0.7608695652173914
92039708_9710.png,flou_gaussien,faible,77,17,0.7562642369020501,0.948051948051948,0.07936507936507936,0.9206349206349207
92039708_9710.png,flou_gaussien,moyen,77,2,0.9908883826879271,1.0,0.0,1.0
92039708_9710.png,flou_gaussien,fort,77,0,1.0,1.0,0.0,1.0
92039708_9710.png,bruit_aleatoire,faible,77,61,0.3826879271070615,0.7012987012987013,0.36507936507936506,0.6349206349206349
92039708_9710.png,bruit_aleatoire,moyen,77,51,0.4396355353075171,0.7662337662337663,0.36507936507936506,0.6349206349206349
92039708_9710.png,bruit_aleatoire,fort,77,5,0.9384965831435079,1.0,0.0,1.0
92039708_9710.png,rotation_legere,faible,77,41,0.3895216400911162,0.7532467532467533,0.25396825396825395,0.746031746031746
92039708_9710.png,rotation_legere,moyen,77,53,0.4806378132118451,0.8311688311688312,0.25396825396825395,0.746031746031746
92039708_9710.png,rotation_legere,fort,77,40,0.5876993166287016,0.8051948051948052,0.23809523809523808,0.7619047619047619
92039708_9710.png,faible_contraste,faible,77,54,0.3211845102505695,0.7272727272727273,0.30158730158730157,0.6984126984126984
92039708_9710.png,faible_contraste,moyen,77,55,0.3211845102505695,0.7142857142857143,0.3333333333333333,0.6666666666666667
92039708_9710.png,faible_contraste,fort,77,55,0.31662870159453305,0.7272727272727273,0.30158730158730157,0.6984126984126984
92039708_9710.png,compression_jpeg,faible,77,58,0.38496583143507973,0.7012987012987013,0.36507936507936506,0.6349206349206349
92039708_9710.png,compression_jpeg,moyen,77,50,0.4145785876993166,0.7142857142857143,0.31746031746031744,0.6825396825396826
92039708_9710.png,compression_jpeg,fort,77,43,0.4533029612756264,0.7792207792207793,0.25396825396825395,0.746031746031746
92039708_9710.png,effet_scan_degrade,faible,77,15,0.835990888382688,0.961038961038961,0.09523809523809523,0.9047619047619048
92039708_9710.png,effet_scan_degrade,moyen,77,22,0.6924829157175398,0.9090909090909091,0.12698412698412698,0.873015873015873
92039708_9710.png,effet_scan_degrade,fort,77,5,0.9476082004555809,0.948051948051948,0.06349206349206349,0.9365079365079365
92039708_9710.png,distorsion_decalage,faible,77,38,0.510250569476082,0.7662337662337663,0.2698412698412698,0.7301587301587302
92039708_9710.png,distorsion_decalage,moyen,77,38,0.4646924829157175,0.7792207792207793,0.25396825396825395,0.746031746031746
92039708_9710.png,distorsion_decalage,fort,77,51,0.44419134396355353,0.7402597402597403,0.31746031746031744,0.6825396825396826
92039708_9710.png,ombres,faible,77,60,0.4328018223234624,0.7402597402597403,0.38095238095238093,0.6190476190476191
92039708_9710.png,ombres,moyen,77,19,0.6697038724373576,0.8701298701298701,0.15873015873015872,0.8412698412698413
92039708_9710.png,ombres,fort,77,17,0.7312072892938497,0.8441558441558441,0.19047619047619047,0.8095238095238095
92081358_1359.png,flou_gaussien,faible,157,130,0.3,0.5222929936305732,0.568,0.43200000000000005
92081358_1359.png,flou_gaussien,moyen,157,15,0.9584269662921349,1.0,0.0,1.0
92081358_1359.png,flou_gaussien,fort,157,9,0.9831460674157303,0.9936305732484076,0.008,0.992
92081358_1359.png,bruit_aleatoire,faible,157,153,0.33370786516853934,0.5605095541401274,0.688,0.31200000000000006
92081358_1359.png,bruit_aleatoire,moyen,157,152,0.32134831460674157,0.5477707006369427,0.696,0.30400000000000005
92081358_1359.png,bruit_aleatoire,fort,157,137,0.40561797752808987,0.6560509554140127,0.504,0.496
92081358_1359.png,rotation_legere,faible,157,154,0.33707865168539325,0.554140127388535,0.688,0.31200000000000006
92081358_1359.png,rotation_legere,moyen,157,148,0.27191011235955054,0.4840764331210191,0.672,0.32799999999999996
92081358_1359.png,rotation_legere,fort,157,0,1.0,1.0,0.0,1.0
92081358_1359.png,faible_contraste,faible,157,153,0.32247191011235954,0.535031847133758,0.704,0.29600000000000004
92081358_1359.png,faible_contraste,moyen,157,156,0.30337078651685395,0.5286624203821656,0.704,0.29600000000000004
92081358_1359.png,faible_contraste,fort,157,153,0.32247191011235954,0.535031847133758,0.712,0.28800000000000003
92081358_1359.png,compression_jpeg,faible,157,148,0.28651685393258425,0.4840764331210191,0.672,0.32799999999999996
92081358_1359.png,compression_jpeg,moyen,157,159,0.31348314606741573,0.5732484076433121,0.672,0.32799999999999996
92081358_1359.png,compression_jpeg,fort,157,145,0.3595505617977528,0.6114649681528662,0.528,0.472
92081358_1359.png,effet_scan_degrade,faible,157,120,0.3921348314606742,0.5987261146496815,0.52,0.48
92081358_1359.png,effet_scan_degrade,moyen,157,69,0.6337078651685393,0.7452229299363057,0.304,0.696
92081358_1359.png,effet_scan_degrade,fort,157,62,0.6865168539325842,0.8089171974522293,0.24,0.76
92081358_1359.png,distorsion_decalage,faible,157,129,0.3404494382022472,0.5222929936305732,0.616,0.384
92081358_1359.png,distorsion_decalage,moyen,157,144,0.5528089887640449,0.7898089171974523,0.576,0.42400000000000004
92081358_1359.png,distorsion_decalage,fort,157,149,0.5224719101123596,0.7388535031847133,0.624,0.376
92081358_1359.png,ombres,faible,157,153,0.4067415730337079,0.6050955414012739,0.688,0.31200000000000006
92081358_1359.png,ombres,moyen,157,150,0.32696629213483147,0.535031847133758,0.696,0.30400000000000005
92081358_1359.png,ombres,fort,157,61,0.6707865168539325,0.7452229299363057,0.312,0.688
92091873.png,flou_gaussien,faible,214,58,0.8425720620842572,0.9205607476635514,0.18072289156626506,0.8192771084337349
92091873.png,flou_gaussien,moyen,214,0,1.0,1.0,0.0,1.0
92091873.png,flou_gaussien,fort,214,0,1.0,1.0,0.0,1.0
92091873.png,bruit_aleatoire,faible,214,195,0.43015521064301554,0.6822429906542056,0.6144578313253012,0.3855421686746988
92091873.png,bruit_aleatoire,moyen,214,177,0.5565410199556541,0.7289719626168224,0.5481927710843374,0.4518072289156626
92091873.png,bruit_aleatoire,fort,214,37,0.8928307464892831,0.9766355140186916,0.03614457831325301,0.963855421686747
92091873.png,rotation_legere,faible,214,179,0.5447154471544715,0.7102803738317757,0.5903614457831325,0.40963855421686746
92091873.png,rotation_legere,moyen,214,194,0.6112342941611234,0.8878504672897196,0.42168674698795183,0.5783132530120482
92091873.png,rotation_legere,fort,214,5,0.9933481152993349,1.0,0.0,1.0
92091873.png,faible_contraste,faible,214,196,0.43458980044345896,0.6728971962616822,0.6144578313253012,0.3855421686746988
92091873.png,faible_contraste,moyen,214,199,0.4279379157427938,0.6588785046728972,0.6445783132530121,0.35542168674698793
92091873.png,faible_contraste,fort,214,187,0.47745750184774577,0.7009345794392523,0.5783132530120482,0.42168674698795183
92091873.png,compression_jpeg,faible,214,198,0.4575018477457502,0.7289719626168224,0.6144578313253012,0.3855421686746988
92091873.png,compression_jpeg,moyen,214,206,0.45602365114560234,0.7383177570093458,0.5963855421686747,0.4036144578313253
92091873.png,compression_jpeg,fort,214,196,0.49445676274944567,0.8271028037383178,0.4759036144578313,0.5240963855421688
92091873.png,effet_scan_degrade,faible,214,137,0.5594974131559497,0.794392523364486,0.3795180722891566,0.6204819277108433
92091873.png,effet_scan_degrade,moyen,214,51,0.861049519586105,0.9299065420560748,0.1566265060240964,0.8433734939759037
92091873.png,effet_scan_degrade,fort,214,23,0.926829268292683,0.9906542056074766,0.006024096385542169,0.9939759036144579
92091873.png,distorsion_decalage,faible,214,185,0.5417590539541759,0.7663551401869159,0.572289156626506,0.42771084337349397
92091873.png,distorsion_decalage,moyen,214,185,0.5558019216555802,0.8130841121495327,0.5481927710843374,0.4518072289156626
92091873.png,distorsion_decalage,fort,214,203,0.5521064301552107,0.8317757009345794,0.5602409638554217,0.43975903614457834
92091873.png,ombres,faible,214,193,0.475240206947524,0.7289719626168224,0.5903614457831325,0.40963855421686746
92091873.png,ombres,moyen,214,91,0.6866223207686623,0.794392523364486,0.3192771084337349,0.6807228915662651
92091873.png,ombres,fort,214,60,0.8189209164818921,0.9205607476635514,0.21084337349397592,0.7891566265060241
92094746.png,flou_gaussien,faible,152,147,0.5995623632385121,0.8026315789473685,0.49166666666666664,0.5083333333333333
92094746.png,flou_gaussien,moyen,152,0,1.0,1.0,0.0,1.0
92094746.png,flou_gaussien,fort,152,10,0.9803063457330415,1.0,0.0,1.0
92094746.png,bruit_aleatoire,faible,152,145,0.5579868708971554,0.6973684210526315,0.625,0.375
92094746.png,bruit_aleatoire,moyen,152,138,0.5590809628008753,0.7368421052631579,0.5833333333333334,0.41666666666666663
92094746.png,bruit_aleatoire,fort,152,142,0.5853391684901532,0.7960526315789473,0.475,0.525
92094746.png,rotation_legere,faible,152,144,0.5973741794310722,0.7828947368421053,0.55,0.44999999999999996
92094746.png,rotation_legere,moyen,152,140,0.6334792122538293,0.8355263157894737,0.5166666666666667,0.4833333333333333
92094746.png,rotation_legere,fort,152,104,0.6531728665207878,0.8355263157894737,0.4166666666666667,0.5833333333333333
92094746.png,faible_contraste,faible,152,142,0.5459518599562363,0.7105263157894737,0.6166666666666667,0.3833333333333333
92094746.png,faible_contraste,moyen,152,141,0.5568927789934355,0.7105263157894737,0.6083333333333333,0.3916666666666667
92094746.png,faible_contraste,fort,152,142,0.5557986870897156,0.6973684210526315,0.6333333333333333,0.3666666666666667
92094746.png,compression_jpeg,faible,152,136,0.5426695842450766,0.7039473684210527,0.6083333333333333,0.3916666666666667
92094746.png,compression_jpeg,moyen,152,142,0.5700218818380745,0.743421052631579,0.5666666666666667,0.43333333333333335
92094746.png,compression_jpeg,fort,152,141,0.5962800875273523,0.8289473684210527,0.44166666666666665,0.5583333333333333
92094746.png,effet_scan_degrade,faible,152,147,0.5787746170678337,0.7697368421052632,0.5666666666666667,0.43333333333333335
92094746.png,effet_scan_degrade,moyen,152,64,0.7844638949671773,0.9473684210526315,0.16666666666666666,0.8333333333333334
92094746.png,effet_scan_degrade,fort,152,107,0.7461706783369803,0.9605263157894737,0.15833333333333333,0.8416666666666667
92094746.png,distorsion_decalage,faible,152,137,0.5678336980306345,0.7631578947368421,0.5916666666666667,0.4083333333333333
92094746.png,distorsion_decalage,moyen,152,132,0.5185995623632386,0.7039473684210527,0.6,0.4
92094746.png,distorsion_decalage,fort,152,138,0.6236323851203501,0.7697368421052632,0.5666666666666667,0.43333333333333335
92094746.png,ombres,faible,152,145,0.563457330415755,0.7039473684210527,0.6583333333333333,0.3416666666666667
92094746.png,ombres,moyen,152,69,0.6849015317286652,0.8223684210526315,0.2916666666666667,0.7083333333333333
92094746.png,ombres,fort,152,54,0.7669584245076586,0.8618421052631579,0.20833333333333334,0.7916666666666666
92094751.png,flou_gaussien,faible,194,176,0.5349439171699741,0.7164948453608248,0.5067567567567568,0.4932432432432432
92094751.png,flou_gaussien,moyen,194,0,1.0,1.0,0.0,1.0
92094751.png,flou_gaussien,fort,194,0,1.0,1.0,0.0,1.0
92094751.png,bruit_aleatoire,faible,194,168,0.4840379637618637,0.6082474226804123,0.6081081081081081,0.3918918918918919
92094751.png,bruit_aleatoire,moyen,194,161,0.5150992234685073,0.6494845360824743,0.6148648648648649,0.3851351351351351
92094751.png,bruit_aleatoire,fort,194,173,0.5409836065573771,0.7164948453608248,0.5540540540540541,0.44594594594594594
92094751.png,rotation_legere,faible,194,158,0.5211389128559103,0.7164948453608248,0.5067567567567568,0.4932432432432432
92094751.png,rotation_legere,moyen,194,182,0.5729076790336497,0.7989690721649485,0.5202702702702703,0.4797297297297297
92094751.png,rotation_legere,fort,194,40,0.8792062122519413,0.979381443298969,0.08108108108108109,0.9189189189189189
92094751.png,faible_contraste,faible,194,172,0.4719585849870578,0.6030927835051546,0.6418918918918919,0.3581081081081081
92094751.png,faible_contraste,moyen,194,172,0.4728213977566868,0.6082474226804123,0.6283783783783784,0.3716216216216216
92094751.png,faible_contraste,fort,194,171,0.4745470232959448,0.6134020618556701,0.6283783783783784,0.3716216216216216
92094751.png,compression_jpeg,faible,194,153,0.5004314063848145,0.6649484536082474,0.5743243243243243,0.42567567567567566
92094751.png,compression_jpeg,moyen,194,164,0.5168248490077653,0.634020618556701,0.6351351351351351,0.3648648648648649
92094751.png,compression_jpeg,fort,194,170,0.6056945642795514,0.8092783505154639,0.4594594594594595,0.5405405405405406
92094751.png,effet_scan_degrade,faible,194,172,0.5133735979292493,0.6494845360824743,0.5675675675675675,0.43243243243243246
92094751.png,effet_scan_degrade,moyen,194,186,0.5806729939603106,0.7835051546391752,0.4797297297297297,0.5202702702702703
92094751.png,effet_scan_degrade,fort,194,74,0.7627264883520276,0.9175257731958762,0.10810810810810811,0.8918918918918919
92094751.png,distorsion_decalage,faible,194,159,0.5030198446937014,0.6701030927835051,0.581081081081081,0.41891891891891897
92094751.png,distorsion_decalage,moyen,194,161,0.4909404659188956,0.6649484536082474,0.5405405405405406,0.45945945945945943
92094751.png,distorsion_decalage,fort,194,172,0.4918032786885246,0.6443298969072165,0.6148648648648649,0.3851351351351351
92094751.png,ombres,faible,194,167,0.4710957722174288,0.6030927835051546,0.6283783783783784,0.3716216216216216
92094751.png,ombres,moyen,194,162,0.5159620362381363,0.6185567010309279,0.6216216216216216,0.3783783783783784
92094751.png,ombres,fort,194,92,0.6091458153580673,0.7010309278350515,0.39864864864864863,0.6013513513513513
92298125.png,flou_gaussien,faible,140,141,0.2779187817258883,0.4857142857142857,0.7130434782608696,0.28695652173913044
92298125.png,flou_gaussien,moyen,140,4,0.9911167512690355,0.9857142857142858,0.008695652173913044,0.991304347826087
92298125.png,flou_gaussien,fort,140,1,0.9974619289340102,1.0,0.0,1.0
92298125.png,bruit_aleatoire,faible,140,131,0.4606598984771574,0.6428571428571429,0.7043478260869566,0.29565217391304344
92298125.png,bruit_aleatoire,moyen,140,99,0.4289340101522843,0.4928571428571429,0.6,0.4
92298125.png,bruit_aleatoire,fort,140,102,0.45050761421319796,0.5642857142857143,0.5478260869565217,0.4521739130434783
92298125.png,rotation_legere,faible,140,123,0.3477157360406091,0.45,0.7217391304347827,0.27826086956521734
92298125.png,rotation_legere,moyen,140,94,0.6814720812182741,0.9071428571428571,0.20869565217391303,0.7913043478260869
92298125.png,rotation_legere,fort,140,0,1.0,1.0,0.0,1.0
92298125.png,faible_contraste,faible,140,120,0.33121827411167515,0.44285714285714284,0.6869565217391305,0.31304347826086953
92298125.png,faible_contraste,moyen,140,119,0.33248730964467005,0.45714285714285713,0.6782608695652174,0.32173913043478264
92298125.png,faible_contraste,fort,140,118,0.3413705583756345,0.4928571428571429,0.6608695652173913,0.33913043478260874
92298125.png,compression_jpeg,faible,140,100,0.4289340101522843,0.4928571428571429,0.5826086956521739,0.4173913043478261
92298125.png,compression_jpeg,moyen,140,130,0.315989847715736,0.4857142857142857,0.6869565217391305,0.31304347826086953
92298125.png,compression_jpeg,fort,140,129,0.3565989847715736,0.5357142857142857,0.6,0.4
92298125.png,effet_scan_degrade,faible,140,103,0.42258883248730966,0.5,0.6086956521739131,0.3913043478260869
92298125.png,effet_scan_degrade,moyen,140,134,0.3426395939086294,0.55,0.6173913043478261,0.3826086956521739
92298125.png,effet_scan_degrade,fort,140,99,0.5253807106598984,0.7071428571428572,0.4,0.6
92298125.png,distorsion_decalage,faible,140,114,0.3489847715736041,0.44285714285714284,0.6608695652173913,0.33913043478260874
92298125.png,distorsion_decalage,moyen,140,130,0.2652284263959391,0.39285714285714285,0.7739130434782608,0.22608695652173916
92298125.png,distorsion_decalage,fort,140,65,0.5926395939086294,0.7071428571428572,0.3217391304347826,0.6782608695652175
92298125.png,ombres,faible,140,121,0.33756345177664976,0.4785714285714286,0.6695652173913044,0.33043478260869563
92298125.png,ombres,moyen,140,132,0.2893401015228426,0.45714285714285713,0.6956521739130435,0.30434782608695654
92298125.png,ombres,fort,140,12,0.9060913705583756,0.95,0.06086956521739131,0.9391304347826087
92314414.png,flou_gaussien,faible,240,215,0.25427350427350426,0.3625,0.7235294117647059,0.27647058823529413
92314414.png,flou_gaussien,moyen,240,36,0.9216524216524217,0.9916666666666667,0.023529411764705882,0.9764705882352941
92314414.png,flou_gaussien,fort,240,0,1.0,1.0,0.0,1.0
92314414.png,bruit_aleatoire,faible,240,238,0.22792022792022792,0.325,0.8294117647058824,0.1705882352941176
92314414.png,bruit_aleatoire,moyen,240,233,0.2222222222222222,0.30416666666666664,0.8294117647058824,0.1705882352941176
92314414.png,bruit_aleatoire,fort,240,248,0.24643874643874644,0.37083333333333335,0.8117647058823529,0.18823529411764706
92314414.png,rotation_legere,faible,240,231,0.2336182336182336,0.3125,0.8294117647058824,0.1705882352941176
92314414.png,rotation_legere,moyen,240,233,0.27136752136752135,0.475,0.6764705882352942,0.32352941176470584
92314414.png,rotation_legere,fort,240,238,0.26424501424501423,0.3875,0.7647058823529411,0.23529411764705888
92314414.png,faible_contraste,faible,240,236,0.22792022792022792,0.3333333333333333,0.8235294117647058,0.17647058823529416
92314414.png,faible_contraste,moyen,240,236,0.2272079772079772,0.32083333333333336,0.8294117647058824,0.1705882352941176
92314414.png,faible_contraste,fort,240,236,0.22792022792022792,0.3333333333333333,0.8235294117647058,0.17647058823529416
92314414.png,compression_jpeg,faible,240,237,0.23717948717948717,0.3458333333333333,0.8,0.19999999999999996
92314414.png,compression_jpeg,moyen,240,234,0.23076923076923078,0.32083333333333336,0.8235294117647058,0.17647058823529416
92314414.png,compression_jpeg,fort,240,232,0.22792022792022792,0.32083333333333336,0.8117647058823529,0.18823529411764706
92314414.png,effet_scan_degrade,faible,240,227,0.24358974358974358,0.3375,0.8,0.19999999999999996
92314414.png,effet_scan_degrade,moyen,240,190,0.3903133903133903,0.4875,0.6470588235294118,0.3529411764705882
92314414.png,effet_scan_degrade,fort,240,191,0.3603988603988604,0.5,0.5647058823529412,0.43529411764705883
92314414.png,distorsion_decalage,faible,240,236,0.2272079772079772,0.30416666666666664,0.8352941176470589,0.16470588235294115
92314414.png,distorsion_decalage,moyen,240,240,0.3896011396011396,0.525,0.7470588235294118,0.2529411764705882
92314414.png,distorsion_decalage,fort,240,231,0.21723646723646722,0.2833333333333333,0.8352941176470589,0.16470588235294115
92314414.png,ombres,faible,240,236,0.2264957264957265,0.31666666666666665,0.8352941176470589,0.16470588235294115
92314414.png,ombres,moyen,240,236,0.23005698005698005,0.325,0.8235294117647058,0.17647058823529416
92314414.png,ombres,fort,240,119,0.6317663817663818,0.7291666666666666,0.4176470588235294,0.5823529411764705
92327794.png,flou_gaussien,faible,77,27,0.75,0.8701298701298701,0.19117647058823528,0.8088235294117647
92327794.png,flou_gaussien,moyen,77,16,0.9441964285714286,0.987012987012987,0.014705882352941176,0.9852941176470589
92327794.png,flou_gaussien,fort,77,0,1.0,1.0,0.0,1.0
92327794.png,bruit_aleatoire,faible,77,78,0.30357142857142855,0.4805194805194805,0.7205882352941176,0.27941176470588236
92327794.png,bruit_aleatoire,moyen,77,80,0.31473214285714285,0.5714285714285714,0.6176470588235294,0.38235294117647056
92327794.png,bruit_aleatoire,fort,77,66,0.5379464285714286,0.7922077922077922,0.38235294117647056,0.6176470588235294
92327794.png,rotation_legere,faible,77,76,0.26339285714285715,0.5324675324675324,0.5735294117647058,0.42647058823529416
92327794.png,rotation_legere,moyen,77,73,0.33482142857142855,0.5844155844155844,0.5294117647058824,0.47058823529411764
92327794.png,rotation_legere,fort,77,79,0.4575892857142857,0.7142857142857143,0.4264705882352941,0.5735294117647058
92327794.png,faible_contraste,faible,77,61,0.5379464285714286,0.6103896103896104,0.5735294117647058,0.42647058823529416
92327794.png,faible_contraste,moyen,77,62,0.5736607142857143,0.6233766233766234,0.6029411764705882,0.3970588235294118
92327794.png,faible_contraste,fort,77,62,0.5379464285714286,0.6103896103896104,0.5882352941176471,0.4117647058823529
92327794.png,compression_jpeg,faible,77,76,0.3169642857142857,0.4935064935064935,0.6617647058823529,0.3382352941176471
92327794.png,compression_jpeg,moyen,77,79,0.4419642857142857,0.7012987012987013,0.5735294117647058,0.42647058823529416
92327794.png,compression_jpeg,fort,77,62,0.4107142857142857,0.5974025974025974,0.45588235294117646,0.5441176470588236
92327794.png,effet_scan_degrade,faible,77,60,0.5066964285714286,0.7012987012987013,0.39705882352941174,0.6029411764705883
92327794.png,effet_scan_degrade,moyen,77,54,0.4955357142857143,0.7792207792207793,0.3088235294117647,0.6911764705882353
92327794.png,effet_scan_degrade,fort,77,27,0.8013392857142857,0.948051948051948,0.10294117647058823,0.8970588235294118
92327794.png,distorsion_decalage,faible,77,78,0.25892857142857145,0.4675324675324675,0.6764705882352942,0.32352941176470584
92327794.png,distorsion_decalage,moyen,77,71,0.3638392857142857,0.5714285714285714,0.5735294117647058,0.42647058823529416
92327794.png,distorsion_decalage,fort,77,62,0.4375,0.5454545454545454,0.5588235294117647,0.4411764705882353
92327794.png,ombres,faible,77,78,0.36830357142857145,0.5324675324675324,0.6617647058823529,0.3382352941176471
92327794.png,ombres,moyen,77,59,0.5178571428571429,0.6883116883116883,0.4264705882352941,0.5735294117647058
92327794.png,ombres,fort,77,22,0.8370535714285714,0.922077922077922,0.1323529411764706,0.8676470588235294
92433599_92433601.png,flou_gaussien,faible,142,130,0.5104510451045104,0.5845070422535211,0.6557377049180327,0.34426229508196726
92433599_92433601.png,flou_gaussien,moyen,142,27,0.9097909790979097,0.9929577464788732,0.00819672131147541,0.9918032786885246
92433599_92433601.png,flou_gaussien,fort,142,0,1.0,1.0,0.0,1.0
92433599_92433601.png,bruit_aleatoire,faible,142,125,0.2739273927392739,0.4014084507042254,0.7295081967213115,0.2704918032786885
92433599_92433601.png,bruit_aleatoire,moyen,142,128,0.2662266226622662,0.4014084507042254,0.7459016393442623,0.25409836065573765
92433599_92433601.png,bruit_aleatoire,fort,142,127,0.27722772277227725,0.43661971830985913,0.6639344262295082,0.33606557377049184
92433599_92433601.png,rotation_legere,faible,142,135,0.4081408140814081,0.5211267605633803,0.6639344262295082,0.33606557377049184
92433599_92433601.png,rotation_legere,moyen,142,127,0.41804180418041803,0.5845070422535211,0.5737704918032787,0.42622950819672134
92433599_92433601.png,rotation_legere,fort,142,125,0.2816281628162816,0.45774647887323944,0.6721311475409836,0.3278688524590164
92433599_92433601.png,faible_contraste,faible,142,123,0.2838283828382838,0.4084507042253521,0.7131147540983607,0.28688524590163933
92433599_92433601.png,faible_contraste,moyen,142,124,0.28492849284928495,0.4154929577464789,0.7049180327868853,0.29508196721311475
92433599_92433601.png,faible_contraste,fort,142,127,0.28822882288228824,0.4084507042253521,0.7213114754098361,0.2786885245901639
92433599_92433601.png,compression_jpeg,faible,142,135,0.2816281628162816,0.43661971830985913,0.7540983606557377,0.24590163934426235
92433599_92433601.png,compression_jpeg,moyen,142,132,0.264026402640264,0.4295774647887324,0.7459016393442623,0.25409836065573765
92433599_92433601.png,compression_jpeg,fort,142,130,0.3278327832783278,0.5140845070422535,0.6475409836065574,0.35245901639344257
92433599_92433601.png,effet_scan_degrade,faible,142,125,0.29262926292629265,0.39436619718309857,0.6967213114754098,0.30327868852459017
92433599_92433601.png,effet_scan_degrade,moyen,142,114,0.5104510451045104,0.6197183098591549,0.5327868852459017,0.4672131147540983
92433599_92433601.png,effet_scan_degrade,fort,142,108,0.5698569856985699,0.7746478873239436,0.3442622950819672,0.6557377049180328
92433599_92433601.png,distorsion_decalage,faible,142,134,0.49174917491749176,0.6549295774647887,0.6065573770491803,0.39344262295081966
92433599_92433601.png,distorsion_decalage,moyen,142,93,0.6171617161716172,0.7323943661971831,0.47540983606557374,0.5245901639344263
92433599_92433601.png,distorsion_decalage,fort,142,136,0.45654565456545654,0.5845070422535211,0.6639344262295082,0.33606557377049184
92433599_92433601.png,ombres,faible,142,126,0.2816281628162816,0.4014084507042254,0.7295081967213115,0.2704918032786885
92433599_92433601.png,ombres,moyen,142,130,0.2794279427942794,0.4154929577464789,0.7459016393442623,0.25409836065573765
92433599_92433601.png,ombres,fort,142,45,0.7282728272827282,0.8450704225352113,0.22131147540983606,0.7786885245901639
92586242.png,flou_gaussien,faible,81,9,0.846,0.9012345679012346,0.13043478260869565,0.8695652173913043
92586242.png,flou_gaussien,moyen,81,4,0.942,0.9629629629629629,0.043478260869565216,0.9565217391304348
92586242.png,flou_gaussien,fort,81,0,1.0,1.0,0.0,1.0
92586242.png,bruit_aleatoire,faible,81,73,0.412,0.7160493827160493,0.5362318840579711,0.46376811594202894
92586242.png,bruit_aleatoire,moyen,81,65,0.444,0.7160493827160493,0.42028985507246375,0.5797101449275363
92586242.png,bruit_aleatoire,fort,81,72,0.42,0.7037037037037037,0.4927536231884058,0.5072463768115942
92586242.png,rotation_legere,faible,81,72,0.412,0.7407407407407407,0.4782608695652174,0.5217391304347826
92586242.png,rotation_legere,moyen,81,61,0.468,0.7283950617283951,0.43478260869565216,0.5652173913043479
92586242.png,rotation_legere,fort,81,61,0.522,0.7654320987654321,0.34782608695652173,0.6521739130434783
92586242.png,faible_contraste,faible,81,71,0.432,0.7654320987654321,0.463768115942029,0.536231884057971
92586242.png,faible_contraste,moyen,81,71,0.428,0.7654320987654321,0.4782608695652174,0.5217391304347826
92586242.png,faible_contraste,fort,81,71,0.428,0.7654320987654321,0.4782608695652174,0.5217391304347826
92586242.png,compression_jpeg,faible,81,71,0.388,0.691358024691358,0.5217391304347826,0.4782608695652174
92586242.png,compression_jpeg,moyen,81,69,0.404,0.654320987654321,0.5507246376811594,0.4492753623188406
92586242.png,compression_jpeg,fort,81,54,0.542,0.7654320987654321,0.3333333333333333,0.6666666666666667
92586242.png,effet_scan_degrade,faible,81,11,0.866,0.9382716049382716,0.11594202898550725,0.8840579710144928
92586242.png,effet_scan_degrade,moyen,81,9,0.846,0.9012345679012346,0.13043478260869565,0.8695652173913043
92586242.png,effet_scan_degrade,fort,81,8,0.86,0.9012345679012346,0.11594202898550725,0.8840579710144928
92586242.png,distorsion_decalage,faible,81,68,0.414,0.7037037037037037,0.4927536231884058,0.5072463768115942
92586242.png,distorsion_decalage,moyen,81,69,0.404,0.6666666666666666,0.4782608695652174,0.5217391304347826
92586242.png,distorsion_decalage,fort,81,60,0.526,0.7160493827160493,0.463768115942029,0.536231884057971
92586242.png,ombres,faible,81,72,0.48,0.7654320987654321,0.5072463768115942,0.49275362318840576
92586242.png,ombres,moyen,81,71,0.418,0.6790123456790124,0.4927536231884058,0.5072463768115942
92586242.png,ombres,fort,81,5,0.932,0.9629629629629629,0.043478260869565216,0.9565217391304348
92657311_7313.png,flou_gaussien,faible,107,75,0.5421875,0.7383177570093458,0.5384615384615384,0.46153846153846156
92657311_7313.png,flou_gaussien,moyen,107,14,0.9484375,1.0,0.0,1.0
92657311_7313.png,flou_gaussien,fort,107,0,1.0,1.0,0.0,1.0
92657311_7313.png,bruit_aleatoire,faible,107,97,0.35625,0.5233644859813084,0.8021978021978022,0.19780219780219777
92657311_7313.png,bruit_aleatoire,moyen,107,106,0.3671875,0.5794392523364486,0.7802197802197802,0.21978021978021978
92657311_7313.png,bruit_aleatoire,fort,107,69,0.621875,0.822429906542056,0.3516483516483517,0.6483516483516483
92657311_7313.png,rotation_legere,faible,107,93,0.36875,0.5327102803738317,0.7472527472527473,0.25274725274725274
92657311_7313.png,rotation_legere,moyen,107,105,0.4375,0.6074766355140186,0.6703296703296703,0.3296703296703297
92657311_7313.png,rotation_legere,fort,107,0,1.0,1.0,0.0,1.0
92657311_7313.png,faible_contraste,faible,107,87,0.4390625,0.5981308411214953,0.7362637362637363,0.2637362637362637
92657311_7313.png,faible_contraste,moyen,107,86,0.4375,0.5981308411214953,0.7252747252747253,0.27472527472527475
92657311_7313.png,faible_contraste,fort,107,86,0.4375,0.5981308411214953,0.7252747252747253,0.27472527472527475
92657311_7313.png,compression_jpeg,faible,107,96,0.353125,0.4672897196261682,0.8131868131868132,0.18681318681318682
92657311_7313.png,compression_jpeg,moyen,107,94,0.35625,0.514018691588785,0.7912087912087912,0.20879120879120883
92657311_7313.png,compression_jpeg,fort,107,95,0.3890625,0.5887850467289719,0.7362637362637363,0.2637362637362637
92657311_7313.png,effet_scan_degrade,faible,107,26,0.7375,0.8691588785046729,0.17582417582417584,0.8241758241758241
92657311_7313.png,effet_scan_degrade,moyen,107,66,0.6453125,0.8130841121495327,0.3956043956043956,0.6043956043956045
92657311_7313.png,effet_scan_degrade,fort,107,20,0.8484375,0.9626168224299065,0.04395604395604396,0.9560439560439561
92657311_7313.png,distorsion_decalage,faible,107,93,0.384375,0.5700934579439252,0.7142857142857143,0.2857142857142857
92657311_7313.png,distorsion_decalage,moyen,107,85,0.4640625,0.6261682242990654,0.6043956043956044,0.39560439560439564
92657311_7313.png,distorsion_decalage,fort,107,105,0.36875,0.5607476635514018,0.8021978021978022,0.19780219780219777
92657311_7313.png,ombres,faible,107,87,0.325,0.4953271028037383,0.7362637362637363,0.2637362637362637
92657311_7313.png,ombres,moyen,107,91,0.45,0.6448598130841121,0.6923076923076923,0.3076923076923077
92657311_7313.png,ombres,fort,107,33,0.7796875,0.8504672897196262,0.23076923076923078,0.7692307692307692
92657391.png,flou_gaussien,faible,131,83,0.5958333333333333,0.732824427480916,0.43636363636363634,0.5636363636363637
92657391.png,flou_gaussien,moyen,131,36,0.8694444444444445,1.0,0.0,1.0
92657391.png,flou_gaussien,fort,131,2,0.9916666666666667,1.0,0.0,1.0
92657391.png,bruit_aleatoire,faible,131,126,0.37916666666666665,0.5648854961832062,0.6909090909090909,0.3090909090909091
92657391.png,bruit_aleatoire,moyen,131,132,0.44305555555555554,0.6793893129770993,0.6181818181818182,0.38181818181818183
92657391.png,bruit_aleatoire,fort,131,103,0.5875,0.8244274809160306,0.41818181818181815,0.5818181818181818
92657391.png,rotation_legere,faible,131,85,0.6527777777777778,0.8091603053435115,0.41818181818181815,0.5818181818181818
92657391.png,rotation_legere,moyen,131,106,0.4708333333333333,0.6870229007633588,0.5545454545454546,0.44545454545454544
92657391.png,rotation_legere,fort,131,75,0.7,0.9007633587786259,0.19090909090909092,0.8090909090909091
92657391.png,faible_contraste,faible,131,124,0.42777777777777776,0.6335877862595419,0.6727272727272727,0.32727272727272727
92657391.png,faible_contraste,moyen,131,123,0.4263888888888889,0.6335877862595419,0.6818181818181818,0.31818181818181823
92657391.png,faible_contraste,fort,131,123,0.42777777777777776,0.6335877862595419,0.6818181818181818,0.31818181818181823
92657391.png,compression_jpeg,faible,131,118,0.45,0.6106870229007634,0.6363636363636364,0.36363636363636365
92657391.png,compression_jpeg,moyen,131,124,0.36527777777777776,0.5419847328244275,0.6818181818181818,0.31818181818181823
92657391.png,compression_jpeg,fort,131,120,0.40555555555555556,0.6259541984732825,0.5818181818181818,0.4181818181818182
92657391.png,effet_scan_degrade,faible,131,105,0.43472222222222223,0.5725190839694656,0.6363636363636364,0.36363636363636365
92657391.png,effet_scan_degrade,moyen,131,90,0.5597222222222222,0.6870229007633588,0.45454545454545453,0.5454545454545454
92657391.png,effet_scan_degrade,fort,131,83,0.6291666666666667,0.7938931297709924,0.3090909090909091,0.6909090909090909
92657391.png,distorsion_decalage,faible,131,123,0.35138888888888886,0.549618320610687,0.6818181818181818,0.31818181818181823
92657391.png,distorsion_decalage,moyen,131,120,0.39166666666666666,0.6335877862595419,0.6181818181818182,0.38181818181818183
92657391.png,distorsion_decalage,fort,131,118,0.4222222222222222,0.6030534351145038,0.6545454545454545,0.34545454545454546
92657391.png,ombres,faible,131,122,0.425,0.6335877862595419,0.6636363636363637,0.3363636363636363
92657391.png,ombres,moyen,131,119,0.3972222222222222,0.6030534351145038,0.6272727272727273,0.3727272727272727
92657391.png,ombres,fort,131,57,0.6680555555555555,0.7786259541984732,0.3090909090909091,0.6909090909090909
93213298.png,flou_gaussien,faible,186,21,0.9065255731922398,0.956989247311828,0.12403100775193798,0.875968992248062
93213298.png,flou_gaussien,moyen,186,0,1.0,1.0,0.0,1.0
93213298.png,flou_gaussien,fort,186,6,0.9867724867724867,1.0,0.0,1.0
93213298.png,bruit_aleatoire,faible,186,186,0.42504409171075835,0.6344086021505376,0.813953488372093,0.18604651162790697
93213298.png,bruit_aleatoire,moyen,186,187,0.41534391534391535,0.5967741935483871,0.8062015503875969,0.1937984496124031
93213298.png,bruit_aleatoire,fort,186,176,0.4673721340388007,0.7150537634408602,0.6666666666666666,0.33333333333333337
93213298.png,rotation_legere,faible,186,179,0.4585537918871252,0.7258064516129032,0.6511627906976745,0.34883720930232553
93213298.png,rotation_legere,moyen,186,189,0.4091710758377425,0.6451612903225806,0.7286821705426356,0.2713178294573644
93213298.png,rotation_legere,fort,186,12,0.9735449735449735,0.9946236559139785,0.023255813953488372,0.9767441860465116
93213298.png,faible_contraste,faible,186,181,0.41534391534391535,0.6290322580645161,0.7829457364341085,0.21705426356589153
93213298.png,faible_contraste,moyen,186,181,0.41358024691358025,0.6236559139784946,0.7596899224806202,0.24031007751937983
93213298.png,faible_contraste,fort,186,183,0.41887125220458554,0.6236559139784946,0.7751937984496124,0.22480620155038755
93213298.png,compression_jpeg,faible,186,180,0.41710758377425045,0.6344086021505376,0.7751937984496124,0.22480620155038755
93213298.png,compression_jpeg,moyen,186,172,0.4347442680776014,0.6344086021505376,0.6666666666666666,0.33333333333333337
93213298.png,compression_jpeg,fort,186,181,0.4417989417989418,0.7150537634408602,0.6666666666666666,0.33333333333333337
93213298.png,effet_scan_degrade,faible,186,59,0.8121693121693122,0.8870967741935484,0.27906976744186046,0.7209302325581395
93213298.png,effet_scan_degrade,moyen,186,79,0.7707231040564374,0.9139784946236559,0.27906976744186046,0.7209302325581395
93213298.png,effet_scan_degrade,fort,186,47,0.8386243386243386,0.9516129032258065,0.10852713178294573,0.8914728682170543
93213298.png,distorsion_decalage,faible,186,176,0.42504409171075835,0.6612903225806451,0.7131782945736435,0.28682170542635654
93213298.png,distorsion_decalage,moyen,186,170,0.5740740740740741,0.8387096774193549,0.6046511627906976,0.39534883720930236
93213298.png,distorsion_decalage,fort,186,72,0.7566137566137566,0.8978494623655914,0.2558139534883721,0.7441860465116279
93213298.png,ombres,faible,186,184,0.4382716049382716,0.6612903225806451,0.7131782945736435,0.28682170542635654
93213298.png,ombres,moyen,186,175,0.4329805996472663,0.6290322580645161,0.7596899224806202,0.24031007751937983
93213298.png,ombres,fort,186,85,0.6622574955908289,0.7849462365591398,0.32558139534883723,0.6744186046511628
93329540.png,flou_gaussien,faible,115,14,0.9083601286173634,0.9565217391304348,0.06896551724137931,0.9310344827586207
93329540.png,flou_gaussien,moyen,115,2,0.9919614147909968,1.0,0.0,1.0
93329540.png,flou_gaussien,fort,115,0,1.0,1.0,0.0,1.0
93329540.png,bruit_aleatoire,faible,115,117,0.5852090032154341,0.8347826086956521,0.7471264367816092,0.25287356321839083
93329540.png,bruit_aleatoire,moyen,115,109,0.5144694533762058,0.7565217391304347,0.7241379310344828,0.27586206896551724
93329540.png,bruit_aleatoire,fort,115,44,0.7411575562700965,0.8695652173913043,0.21839080459770116,0.7816091954022988
93329540.png,rotation_legere,faible,115,82,0.5466237942122186,0.7130434782608696,0.6091954022988506,0.3908045977011494
93329540.png,rotation_legere,moyen,115,94,0.6302250803858521,0.8434782608695652,0.5747126436781609,0.4252873563218391
93329540.png,rotation_legere,fort,115,55,0.7604501607717041,0.9478260869565217,0.2413793103448276,0.7586206896551724
93329540.png,faible_contraste,faible,115,119,0.44212218649517687,0.6695652173913044,0.7931034482758621,0.2068965517241379
93329540.png,faible_contraste,moyen,115,119,0.43086816720257237,0.6521739130434783,0.7931034482758621,0.2068965517241379
93329540.png,faible_contraste,fort,115,116,0.5,0.7391304347826086,0.7816091954022989,0.2183908045977011
93329540.png,compression_jpeg,faible,115,109,0.5466237942122186,0.7478260869565218,0.7241379310344828,0.27586206896551724
93329540.png,compression_jpeg,moyen,115,107,0.5385852090032154,0.7217391304347827,0.735632183908046,0.26436781609195403
93329540.png,compression_jpeg,fort,115,102,0.5610932475884244,0.7739130434782608,0.5747126436781609,0.4252873563218391
93329540.png,effet_scan_degrade,faible,115,49,0.6527331189710611,0.7652173913043478,0.3793103448275862,0.6206896551724138
93329540.png,effet_scan_degrade,moyen,115,10,0.9083601286173634,0.9565217391304348,0.08045977011494253,0.9195402298850575
93329540.png,effet_scan_degrade,fort,115,0,1.0,1.0,0.0,1.0
93329540.png,distorsion_decalage,faible,115,68,0.6045016077170418,0.7565217391304347,0.47126436781609193,0.5287356321839081
93329540.png,distorsion_decalage,moyen,115,116,0.5418006430868167,0.7913043478260869,0.7011494252873564,0.29885057471264365
93329540.png,distorsion_decalage,fort,115,89,0.6254019292604501,0.8347826086956521,0.6091954022988506,0.3908045977011494
93329540.png,ombres,faible,115,116,0.5096463022508039,0.7652173913043478,0.7816091954022989,0.2183908045977011
93329540.png,ombres,moyen,115,69,0.42765273311897106,0.5826086956521739,0.4827586206896552,0.5172413793103448
93329540.png,ombres,fort,115,74,0.6655948553054662,0.8347826086956521,0.4827586206896552,0.5172413793103448
93351929_93351931.png,flou_gaussien,faible,111,38,0.7402422611036339,0.8198198198198198,0.2653061224489796,0.7346938775510203
93351929_93351931.png,flou_gaussien,moyen,111,2,0.9973082099596231,1.0,0.0,1.0
93351929_93351931.png,flou_gaussien,fort,111,1,0.9973082099596231,1.0,0.0,1.0
93351929_93351931.png,bruit_aleatoire,faible,111,102,0.5585464333781965,0.7027027027027027,0.7244897959183674,0.2755102040816326
93351929_93351931.png,bruit_aleatoire,moyen,111,102,0.7994616419919246,0.918918918918919,0.7040816326530612,0.29591836734693877
93351929_93351931.png,bruit_aleatoire,fort,111,109,0.5693135935397039,0.7837837837837838,0.6938775510204082,0.30612244897959184
93351929_93351931.png,rotation_legere,faible,111,103,0.5477792732166891,0.7297297297297297,0.7040816326530612,0.29591836734693877
93351929_93351931.png,rotation_legere,moyen,111,102,0.8183041722745625,0.9369369369369369,0.5816326530612245,0.41836734693877553
93351929_93351931.png,rotation_legere,fort,111,81,0.7671601615074024,0.9459459459459459,0.30612244897959184,0.6938775510204082
93351929_93351931.png,faible_contraste,faible,111,102,0.5464333781965006,0.7027027027027027,0.7244897959183674,0.2755102040816326
93351929_93351931.png,faible_contraste,moyen,111,102,0.5437415881561238,0.6936936936936937,0.7346938775510204,0.26530612244897955
93351929_93351931.png,faible_contraste,fort,111,103,0.5450874831763123,0.7027027027027027,0.7346938775510204,0.26530612244897955
93351929_93351931.png,compression_jpeg,faible,111,101,0.5558546433378196,0.7117117117117117,0.7346938775510204,0.26530612244897955
93351929_93351931.png,compression_jpeg,moyen,111,101,0.5612382234185733,0.7297297297297297,0.6836734693877551,0.3163265306122449
93351929_93351931.png,compression_jpeg,fort,111,99,0.5720053835800808,0.7297297297297297,0.6836734693877551,0.3163265306122449
93351929_93351931.png,effet_scan_degrade,faible,111,82,0.7981157469717362,0.9099099099099099,0.5,0.5
93351929_93351931.png,effet_scan_degrade,moyen,111,73,0.7375504710632571,0.8828828828828829,0.41836734693877553,0.5816326530612245
93351929_93351931.png,effet_scan_degrade,fort,111,26,0.8209959623149394,0.9099099099099099,0.12244897959183673,0.8775510204081632
93351929_93351931.png,distorsion_decalage,faible,111,102,0.5437415881561238,0.7027027027027027,0.7244897959183674,0.2755102040816326
93351929_93351931.png,distorsion_decalage,moyen,111,100,0.576043068640646,0.7477477477477478,0.6938775510204082,0.30612244897959184
93351929_93351931.png,distorsion_decalage,fort,111,103,0.8061911170928667,0.918918918918919,0.7040816326530612,0.29591836734693877
93351929_93351931.png,ombres,faible,111,103,0.5450874831763123,0.7027027027027027,0.7244897959183674,0.2755102040816326
93351929_93351931.png,ombres,moyen,111,103,0.5477792732166891,0.7207207207207207,0.7244897959183674,0.2755102040816326
93351929_93351931.png,ombres,fort,111,61,0.6083445491251682,0.7837837837837838,0.3979591836734694,0.6020408163265306
93380187.png,flou_gaussien,faible,152,5,0.9765208110992529,1.0,0.0,1.0
93380187.png,flou_gaussien,moyen,152,7,0.9893276414087513,0.993421052631579,0.008695652173913044,0.991304347826087
93380187.png,flou_gaussien,fort,152,1,0.9989327641408752,1.0,0.0,1.0
93380187.png,bruit_aleatoire,faible,152,114,0.5805763073639274,0.8026315789473685,0.40869565217391307,0.5913043478260869
93380187.png,bruit_aleatoire,moyen,152,94,0.5581643543223053,0.7697368421052632,0.3217391304347826,0.6782608695652175
93380187.png,bruit_aleatoire,fort,152,110,0.5997865528281751,0.7960526315789473,0.3217391304347826,0.6782608695652175
93380187.png,rotation_legere,faible,152,111,0.5923159018143009,0.75,0.45217391304347826,0.5478260869565217
93380187.png,rotation_legere,moyen,152,112,0.6115261472785486,0.8157894736842105,0.3391304347826087,0.6608695652173913
93380187.png,rotation_legere,fort,152,115,0.5816435432230523,0.8289473684210527,0.41739130434782606,0.5826086956521739
93380187.png,faible_contraste,faible,152,109,0.5933831376734259,0.8223684210526315,0.45217391304347826,0.5478260869565217
93380187.png,faible_contraste,moyen,152,109,0.5656350053361793,0.756578947368421,0.48695652173913045,0.5130434782608695
93380187.png,faible_contraste,fort,152,110,0.5891141942369263,0.8157894736842105,0.4782608695652174,0.5217391304347826
93380187.png,compression_jpeg,faible,152,100,0.5816435432230523,0.756578947368421,0.3739130434782609,0.6260869565217391
93380187.png,compression_jpeg,moyen,152,100,0.5741728922091782,0.7697368421052632,0.4,0.6
93380187.png,compression_jpeg,fort,152,100,0.5688367129135539,0.7763157894736842,0.3391304347826087,0.6608695652173913
93380187.png,effet_scan_degrade,faible,152,126,0.6403415154749199,0.868421052631579,0.40869565217391307,0.5913043478260869
93380187.png,effet_scan_degrade,moyen,152,13,0.9477054429028815,0.9802631578947368,0.02608695652173913,0.9739130434782609
93380187.png,effet_scan_degrade,fort,152,21,0.9647812166488794,1.0,0.0,1.0
93380187.png,distorsion_decalage,faible,152,86,0.5933831376734259,0.7763157894736842,0.3739130434782609,0.6260869565217391
93380187.png,distorsion_decalage,moyen,152,96,0.5688367129135539,0.7697368421052632,0.33043478260869563,0.6695652173913044
93380187.png,distorsion_decalage,fort,152,131,0.6328708644610459,0.8486842105263158,0.4956521739130435,0.5043478260869565
93380187.png,ombres,faible,152,109,0.5240128068303095,0.6907894736842105,0.46956521739130436,0.5304347826086957
93380187.png,ombres,moyen,152,110,0.5208110992529349,0.7039473684210527,0.45217391304347826,0.5478260869565217
93380187.png,ombres,fort,152,52,0.7769477054429029,0.9539473684210527,0.2,0.8
93455715.png,flou_gaussien,faible,143,53,0.7440401505646174,0.8741258741258742,0.32954545454545453,0.6704545454545454
93455715.png,flou_gaussien,moyen,143,0,1.0,1.0,0.0,1.0
93455715.png,flou_gaussien,fort,143,1,1.0,1.0,0.0,1.0
93455715.png,bruit_aleatoire,faible,143,103,0.4077791718946048,0.5734265734265734,0.7954545454545454,0.20454545454545459
93455715.png,bruit_aleatoire,moyen,143,125,0.36762860727728985,0.5594405594405595,0.8295454545454546,0.17045454545454541
93455715.png,bruit_aleatoire,fort,143,104,0.37641154328732745,0.6223776223776224,0.6022727272727273,0.3977272727272727
93455715.png,rotation_legere,faible,143,127,0.4190715181932246,0.6153846153846154,0.7613636363636364,0.23863636363636365
93455715.png,rotation_legere,moyen,143,132,0.45796737766624845,0.7132867132867133,0.7727272727272727,0.2272727272727273
93455715.png,rotation_legere,fort,143,136,0.46925972396486826,0.7832167832167832,0.5909090909090909,0.40909090909090906
93455715.png,faible_contraste,faible,143,102,0.41530740276035133,0.6153846153846154,0.7840909090909091,0.21590909090909094
93455715.png,faible_contraste,moyen,143,102,0.4127979924717691,0.6083916083916084,0.7727272727272727,0.2272727272727273
93455715.png,faible_contraste,fort,143,103,0.4090338770388959,0.6013986013986014,0.7954545454545454,0.20454545454545459
93455715.png,compression_jpeg,faible,143,97,0.39523212045169387,0.5314685314685315,0.7954545454545454,0.20454545454545459
93455715.png,compression_jpeg,moyen,143,94,0.45420326223337515,0.6013986013986014,0.7272727272727273,0.2727272727272727
93455715.png,compression_jpeg,fort,143,110,0.424090338770389,0.6013986013986014,0.7386363636363636,0.26136363636363635
93455715.png,effet_scan_degrade,faible,143,94,0.4127979924717691,0.6013986013986014,0.6363636363636364,0.36363636363636365
93455715.png,effet_scan_degrade,moyen,143,41,0.8055207026348808,0.8881118881118881,0.29545454545454547,0.7045454545454546
93455715.png,effet_scan_degrade,fort,143,29,0.8268506900878294,0.916083916083916,0.17045454545454544,0.8295454545454546
93455715.png,distorsion_decalage,faible,143,116,0.37641154328732745,0.5734265734265734,0.8409090909090909,0.15909090909090906
93455715.png,distorsion_decalage,moyen,143,118,0.36637390213299875,0.5524475524475524,0.8068181818181818,0.19318181818181823
93455715.png,distorsion_decalage,fort,143,91,0.3889585947302384,0.5874125874125874,0.6363636363636364,0.36363636363636365
93455715.png,ombres,faible,143,107,0.39523212045169387,0.5874125874125874,0.8068181818181818,0.19318181818181823
93455715.png,ombres,moyen,143,107,0.3864491844416562,0.5664335664335665,0.7840909090909091,0.21590909090909094
93455715.png,ombres,fort,143,96,0.6022584692597239,0.7482517482517482,0.5340909090909091,0.46590909090909094
