document,degradation,level,pipeline,cer,wer,taux_mots_detectes,taux_mots_manquants
0011976929.png,flou_gaussien,faible,aucun,0.278372591006424,0.5875,0.5774647887323944,0.4225352112676056
0011976929.png,flou_gaussien,faible,deskew_seul,0.4860813704496788,0.8375,0.49295774647887325,0.5070422535211268
0011976929.png,flou_gaussien,faible,denoise_seul,0.4411134903640257,0.775,0.29577464788732394,0.704225352112676
0011976929.png,flou_gaussien,faible,contraste_seul,0.44539614561027835,0.7375,0.4225352112676056,0.5774647887323944
0011976929.png,flou_gaussien,faible,binarisation_seule,0.37044967880085655,0.7375,0.43661971830985913,0.5633802816901409
0011976929.png,flou_gaussien,faible,pipeline_complet,0.702355460385439,0.975,0.056338028169014086,0.9436619718309859
0001129658.png,flou_gaussien,faible,aucun,0.7049518569463549,0.889344262295082,0.18,0.8200000000000001
0001129658.png,flou_gaussien,faible,deskew_seul,0.827372764786795,0.9672131147540983,0.04,0.96
0001129658.png,flou_gaussien,faible,denoise_seul,0.7159559834938102,0.8975409836065574,0.135,0.865
0001129658.png,flou_gaussien,faible,contraste_seul,0.8452544704264099,0.9836065573770492,0.035,0.965
0001129658.png,flou_gaussien,faible,binarisation_seule,0.6788170563961485,0.9139344262295082,0.13,0.87
0001129658.png,flou_gaussien,faible,pipeline_complet,0.9704264099037139,1.0,0.0,1.0
00865872.png,flou_gaussien,faible,aucun,0.4916387959866221,0.49635036496350365,0.5363636363636364,0.4636363636363636
00865872.png,flou_gaussien,faible,deskew_seul,0.4604236343366778,0.45985401459854014,0.5454545454545454,0.4545454545454546
00865872.png,flou_gaussien,faible,denoise_seul,0.5763656633221851,0.6423357664233577,0.44545454545454544,0.5545454545454546
00865872.png,flou_gaussien,faible,contraste_seul,0.47268673355629875,0.5109489051094891,0.5181818181818182,0.4818181818181818
00865872.png,flou_gaussien,faible,binarisation_seule,0.5150501672240803,0.708029197080292,0.34545454545454546,0.6545454545454545
00865872.png,flou_gaussien,faible,pipeline_complet,0.6510590858416946,0.8540145985401459,0.17272727272727273,0.8272727272727273
0071032807.png,flou_gaussien,faible,aucun,0.3185840707964602,0.5441176470588235,0.6065573770491803,0.39344262295081966
0071032807.png,flou_gaussien,faible,deskew_seul,0.3185840707964602,0.5441176470588235,0.6065573770491803,0.39344262295081966
0071032807.png,flou_gaussien,faible,denoise_seul,0.3672566371681416,0.6176470588235294,0.5081967213114754,0.4918032786885246
0071032807.png,flou_gaussien,faible,contraste_seul,0.922566371681416,0.9411764705882353,0.06557377049180328,0.9344262295081968
0071032807.png,flou_gaussien,faible,binarisation_seule,0.40486725663716816,0.7352941176470589,0.3442622950819672,0.6557377049180328
0071032807.png,flou_gaussien,faible,pipeline_complet,0.49336283185840707,0.8823529411764706,0.09836065573770492,0.9016393442622951
0060270727.png,flou_gaussien,faible,aucun,0.6098964326812428,0.8895348837209303,0.5045871559633027,0.4954128440366973
0060270727.png,flou_gaussien,faible,deskew_seul,0.6098964326812428,0.8895348837209303,0.5045871559633027,0.4954128440366973
0060270727.png,flou_gaussien,faible,denoise_seul,0.6490218642117376,0.8837209302325582,0.44954128440366975,0.5504587155963303
0060270727.png,flou_gaussien,faible,contraste_seul,0.6605293440736478,0.9186046511627907,0.3761467889908257,0.6238532110091743
0060270727.png,flou_gaussien,faible,binarisation_seule,0.760644418872267,0.9244186046511628,0.25688073394495414,0.7431192660550459
0060270727.png,flou_gaussien,faible,pipeline_complet,0.7410817031070196,0.9476744186046512,0.23853211009174313,0.7614678899082569
0013255595.png,flou_gaussien,faible,aucun,0.49783549783549785,0.6470588235294118,0.5294117647058824,0.47058823529411764
0013255595.png,flou_gaussien,faible,deskew_seul,0.49783549783549785,0.6470588235294118,0.5294117647058824,0.47058823529411764
0013255595.png,flou_gaussien,faible,denoise_seul,0.47186147186147187,0.6764705882352942,0.4411764705882353,0.5588235294117647
0013255595.png,flou_gaussien,faible,contraste_seul,0.5238095238095238,0.7647058823529411,0.5588235294117647,0.4411764705882353
0013255595.png,flou_gaussien,faible,binarisation_seule,0.5194805194805194,0.8823529411764706,0.29411764705882354,0.7058823529411764
0013255595.png,flou_gaussien,faible,pipeline_complet,0.5627705627705628,0.9411764705882353,0.14705882352941177,0.8529411764705882
0011973451.png,flou_gaussien,faible,aucun,0.6103575832305795,0.75,0.308411214953271,0.691588785046729
0011973451.png,flou_gaussien,faible,deskew_seul,0.6103575832305795,0.75,0.308411214953271,0.691588785046729
0011973451.png,flou_gaussien,faible,denoise_seul,0.6411837237977805,0.8064516129032258,0.24299065420560748,0.7570093457943925
0011973451.png,flou_gaussien,faible,contraste_seul,0.9346485819975339,0.9596774193548387,0.056074766355140186,0.9439252336448598
0011973451.png,flou_gaussien,faible,binarisation_seule,0.5906288532675709,0.7741935483870968,0.2803738317757009,0.719626168224299
0011973451.png,flou_gaussien,faible,pipeline_complet,0.6054254007398274,0.7983870967741935,0.2616822429906542,0.7383177570093458
92327794.png,flou_gaussien,faible,aucun,0.75,0.8701298701298701,0.19117647058823528,0.8088235294117647
92327794.png,flou_gaussien,faible,deskew_seul,0.7566964285714286,0.8831168831168831,0.16176470588235295,0.8382352941176471
92327794.png,flou_gaussien,faible,denoise_seul,0.6294642857142857,0.8181818181818182,0.19117647058823528,0.8088235294117647
92327794.png,flou_gaussien,faible,contraste_seul,0.7276785714285714,0.8441558441558441,0.20588235294117646,0.7941176470588236
92327794.png,flou_gaussien,faible,binarisation_seule,0.6674107142857143,0.8441558441558441,0.22058823529411764,0.7794117647058824
92327794.png,flou_gaussien,faible,pipeline_complet,0.7522321428571429,0.974025974025974,0.07352941176470588,0.9264705882352942
0011856542.png,flou_gaussien,faible,aucun,0.4326241134751773,0.6896551724137931,0.47435897435897434,0.5256410256410257
0011856542.png,flou_gaussien,faible,deskew_seul,0.4326241134751773,0.6896551724137931,0.47435897435897434,0.5256410256410257
0011856542.png,flou_gaussien,faible,denoise_seul,0.36347517730496454,0.7126436781609196,0.47435897435897434,0.5256410256410257
0011856542.png,flou_gaussien,faible,contraste_seul,0.32092198581560283,0.6206896551724138,0.5641025641025641,0.4358974358974359
0011856542.png,flou_gaussien,faible,binarisation_seule,0.49645390070921985,0.8620689655172413,0.32051282051282054,0.6794871794871795
0011856542.png,flou_gaussien,faible,pipeline_complet,0.5585106382978723,0.9195402298850575,0.10256410256410256,0.8974358974358975
87533049.png,flou_gaussien,faible,aucun,0.4098883572567783,0.6636363636363637,0.34408602150537637,0.6559139784946236
87533049.png,flou_gaussien,faible,deskew_seul,0.48963317384370014,0.8,0.3870967741935484,0.6129032258064516
87533049.png,flou_gaussien,faible,denoise_seul,0.49122807017543857,0.8636363636363636,0.3225806451612903,0.6774193548387097
87533049.png,flou_gaussien,faible,contraste_seul,0.6555023923444976,0.9272727272727272,0.3118279569892473,0.6881720430107527
87533049.png,flou_gaussien,faible,binarisation_seule,0.5566188197767146,0.8636363636363636,0.17204301075268819,0.8279569892473118
87533049.png,flou_gaussien,faible,pipeline_complet,0.6539074960127592,0.9727272727272728,0.10752688172043011,0.8924731182795699
0001239897.png,flou_gaussien,faible,aucun,1.0,1.0,0.0,1.0
0001239897.png,flou_gaussien,faible,deskew_seul,1.0,1.0,0.0,1.0
0001239897.png,flou_gaussien,faible,denoise_seul,1.0,1.0,0.0,1.0
0001239897.png,flou_gaussien,faible,contraste_seul,0.8477157360406091,0.924812030075188,0.09574468085106383,0.9042553191489362
0001239897.png,flou_gaussien,faible,binarisation_seule,0.8781725888324873,0.9699248120300752,0.0425531914893617,0.9574468085106383
0001239897.png,flou_gaussien,faible,pipeline_complet,0.9873096446700508,1.0,0.0,1.0
0001209043.png,flou_gaussien,faible,aucun,0.8137019230769231,0.9172413793103448,0.16535433070866143,0.8346456692913385
0001209043.png,flou_gaussien,faible,deskew_seul,0.609375,0.7862068965517242,0.33070866141732286,0.6692913385826771
0001209043.png,flou_gaussien,faible,denoise_seul,0.7776442307692307,0.8896551724137931,0.18110236220472442,0.8188976377952756
0001209043.png,flou_gaussien,faible,contraste_seul,0.8173076923076923,0.9310344827586207,0.14960629921259844,0.8503937007874016
0001209043.png,flou_gaussien,faible,binarisation_seule,0.6550480769230769,0.9655172413793104,0.25196850393700787,0.7480314960629921
0001209043.png,flou_gaussien,faible,pipeline_complet,0.7019230769230769,0.9862068965517241,0.1968503937007874,0.8031496062992126
0011859695.png,flou_gaussien,faible,aucun,0.43742255266418834,0.6484375,0.4424778761061947,0.5575221238938053
0011859695.png,flou_gaussien,faible,deskew_seul,0.43742255266418834,0.6484375,0.4424778761061947,0.5575221238938053
0011859695.png,flou_gaussien,faible,denoise_seul,0.4745972738537794,0.7734375,0.2831858407079646,0.7168141592920354
0011859695.png,flou_gaussien,faible,contraste_seul,0.4138785625774473,0.625,0.4690265486725664,0.5309734513274336
0011859695.png,flou_gaussien,faible,binarisation_seule,0.4721189591078067,0.8125,0.2920353982300885,0.7079646017699115
0011859695.png,flou_gaussien,faible,pipeline_complet,0.6121437422552665,0.8671875,0.1504424778761062,0.8495575221238938
0060255888.png,flou_gaussien,faible,aucun,0.3353437876960193,0.5373134328358209,0.5192307692307693,0.4807692307692307
0060255888.png,flou_gaussien,faible,deskew_seul,0.3353437876960193,0.5373134328358209,0.5192307692307693,0.4807692307692307
0060255888.png,flou_gaussien,faible,denoise_seul,0.4161640530759952,0.6268656716417911,0.4519230769230769,0.5480769230769231
0060255888.png,flou_gaussien,faible,contraste_seul,0.32448733413751507,0.5522388059701493,0.5192307692307693,0.4807692307692307
0060255888.png,flou_gaussien,faible,binarisation_seule,0.4378769601930036,0.753731343283582,0.34615384615384615,0.6538461538461539
0060255888.png,flou_gaussien,faible,pipeline_complet,0.49215922798552475,0.835820895522388,0.21153846153846154,0.7884615384615384
0060308251.png,flou_gaussien,faible,aucun,0.6519823788546255,0.8913043478260869,0.21212121212121213,0.7878787878787878
0060308251.png,flou_gaussien,faible,deskew_seul,0.6519823788546255,0.8913043478260869,0.21212121212121213,0.7878787878787878
0060308251.png,flou_gaussien,faible,denoise_seul,0.6828193832599119,0.8695652173913043,0.18181818181818182,0.8181818181818181
0060308251.png,flou_gaussien,faible,contraste_seul,0.6387665198237885,0.8695652173913043,0.2727272727272727,0.7272727272727273
0060308251.png,flou_gaussien,faible,binarisation_seule,0.748898678414097,0.9782608695652174,0.06060606060606061,0.9393939393939394
0060308251.png,flou_gaussien,faible,pipeline_complet,0.7180616740088106,0.9782608695652174,0.030303030303030304,0.9696969696969697
91914407.png,flou_gaussien,moyen,aucun,0.9129746835443038,0.9908256880733946,0.011235955056179775,0.9887640449438202
91914407.png,flou_gaussien,moyen,deskew_seul,0.9968354430379747,1.0,0.0,1.0
91914407.png,flou_gaussien,moyen,denoise_seul,1.0,1.0,0.0,1.0
91914407.png,flou_gaussien,moyen,contraste_seul,1.0,1.0,0.0,1.0
91914407.png,flou_gaussien,moyen,binarisation_seule,0.7879746835443038,0.9724770642201835,0.0449438202247191,0.9550561797752809
91914407.png,flou_gaussien,moyen,pipeline_complet,0.8607594936708861,0.981651376146789,0.02247191011235955,0.9775280898876404
0001129658.png,flou_gaussien,moyen,aucun,1.0,1.0,0.0,1.0
0001129658.png,flou_gaussien,moyen,deskew_seul,0.9958734525447043,1.0,0.0,1.0
0001129658.png,flou_gaussien,moyen,denoise_seul,1.0,1.0,0.0,1.0
0001129658.png,flou_gaussien,moyen,contraste_seul,1.0,1.0,0.0,1.0
0001129658.png,flou_gaussien,moyen,binarisation_seule,0.8528198074277854,0.9836065573770492,0.02,0.98
0001129658.png,flou_gaussien,moyen,pipeline_complet,0.9511691884456671,0.9959016393442623,0.005,0.995
92657391.png,flou_gaussien,moyen,aucun,0.8694444444444445,1.0,0.0,1.0
92657391.png,flou_gaussien,moyen,deskew_seul,0.8819444444444444,1.0,0.0,1.0
92657391.png,flou_gaussien,moyen,denoise_seul,0.8722222222222222,0.9923664122137404,0.01818181818181818,0.9818181818181818
92657391.png,flou_gaussien,moyen,contraste_seul,0.8930555555555556,1.0,0.0,1.0
92657391.png,flou_gaussien,moyen,binarisation_seule,0.7486111111111111,0.9770992366412213,0.045454545454545456,0.9545454545454546
92657391.png,flou_gaussien,moyen,pipeline_complet,0.7930555555555555,0.9923664122137404,0.02727272727272727,0.9727272727272728
0060136394.png,flou_gaussien,moyen,aucun,0.9533213644524237,1.0,0.0,1.0
0060136394.png,flou_gaussien,moyen,deskew_seul,0.9533213644524237,1.0,0.0,1.0
0060136394.png,flou_gaussien,moyen,denoise_seul,0.9245960502692998,1.0,0.0,1.0
0060136394.png,flou_gaussien,moyen,contraste_seul,1.0,1.0,0.0,1.0
0060136394.png,flou_gaussien,moyen,binarisation_seule,0.8653500897666068,0.9882352941176471,0.013333333333333334,0.9866666666666667
0060136394.png,flou_gaussien,moyen,pipeline_complet,0.8671454219030521,1.0,0.0,1.0
92327794.png,flou_gaussien,moyen,aucun,0.9441964285714286,0.987012987012987,0.014705882352941176,0.9852941176470589
92327794.png,flou_gaussien,moyen,deskew_seul,1.0,1.0,0.0,1.0
92327794.png,flou_gaussien,moyen,denoise_seul,1.0,1.0,0.0,1.0
92327794.png,flou_gaussien,moyen,contraste_seul,0.9866071428571429,1.0,0.0,1.0
92327794.png,flou_gaussien,moyen,binarisation_seule,0.9598214285714286,1.0,0.0,1.0
92327794.png,flou_gaussien,moyen,pipeline_complet,0.9441964285714286,1.0,0.0,1.0
82254638.png,flou_gaussien,moyen,aucun,0.9747596153846154,1.0,0.0,1.0
82254638.png,flou_gaussien,moyen,deskew_seul,1.0,1.0,0.0,1.0
82254638.png,flou_gaussien,moyen,denoise_seul,1.0,1.0,0.0,1.0
82254638.png,flou_gaussien,moyen,contraste_seul,1.0,1.0,0.0,1.0
82254638.png,flou_gaussien,moyen,binarisation_seule,0.8485576923076923,1.0,0.009615384615384616,0.9903846153846154
82254638.png,flou_gaussien,moyen,pipeline_complet,0.9387019230769231,1.0,0.0,1.0
0060262650.png,flou_gaussien,moyen,aucun,1.0,1.0,0.0,1.0
0060262650.png,flou_gaussien,moyen,deskew_seul,1.0,1.0,0.0,1.0
0060262650.png,flou_gaussien,moyen,denoise_seul,1.0,1.0,0.0,1.0
0060262650.png,flou_gaussien,moyen,contraste_seul,0.9909326424870466,1.0,0.0,1.0
0060262650.png,flou_gaussien,moyen,binarisation_seule,0.7933937823834197,0.9866666666666667,0.028901734104046242,0.9710982658959537
0060262650.png,flou_gaussien,moyen,pipeline_complet,1.0,1.0,0.0,1.0
89386032.png,flou_gaussien,moyen,aucun,0.8649068322981367,1.0,0.0,1.0
89386032.png,flou_gaussien,moyen,deskew_seul,0.8944099378881988,1.0,0.0,1.0
89386032.png,flou_gaussien,moyen,denoise_seul,0.9829192546583851,1.0,0.0,1.0
89386032.png,flou_gaussien,moyen,contraste_seul,0.9642857142857143,0.9891304347826086,0.012658227848101266,0.9873417721518988
89386032.png,flou_gaussien,moyen,binarisation_seule,0.7686335403726708,0.9891304347826086,0.02531645569620253,0.9746835443037974
89386032.png,flou_gaussien,moyen,pipeline_complet,0.8090062111801242,1.0,0.012658227848101266,0.9873417721518988
00866042.png,flou_gaussien,moyen,aucun,0.9910714285714286,1.0,0.0,1.0
00866042.png,flou_gaussien,moyen,deskew_seul,0.9672619047619048,0.9948186528497409,0.006134969325153374,0.9938650306748467
00866042.png,flou_gaussien,moyen,denoise_seul,1.0,1.0,0.0,1.0
00866042.png,flou_gaussien,moyen,contraste_seul,0.9821428571428571,1.0,0.0,1.0
00866042.png,flou_gaussien,moyen,binarisation_seule,0.9084821428571429,0.9844559585492227,0.018404907975460124,0.9815950920245399
00866042.png,flou_gaussien,moyen,pipeline_complet,0.9501488095238095,0.9948186528497409,0.006134969325153374,0.9938650306748467
0000989556.png,flou_gaussien,moyen,aucun,1.0,1.0,0.0,1.0
0000989556.png,flou_gaussien,moyen,deskew_seul,1.0,1.0,0.0,1.0
0000989556.png,flou_gaussien,moyen,denoise_seul,1.0,1.0,0.0,1.0
0000989556.png,flou_gaussien,moyen,contraste_seul,0.9902845246356696,1.0,0.0,1.0
0000989556.png,flou_gaussien,moyen,binarisation_seule,0.8931297709923665,1.0,0.0,1.0
0000989556.png,flou_gaussien,moyen,pipeline_complet,0.9417071478140181,1.0,0.0,1.0
0060007216.png,flou_gaussien,moyen,aucun,0.9902723735408561,1.0,0.0,1.0
0060007216.png,flou_gaussien,moyen,deskew_seul,0.9902723735408561,1.0,0.0,1.0
0060007216.png,flou_gaussien,moyen,denoise_seul,1.0,1.0,0.0,1.0
0060007216.png,flou_gaussien,moyen,contraste_seul,0.9883268482490273,1.0,0.0,1.0
0060007216.png,flou_gaussien,moyen,binarisation_seule,0.8249027237354085,1.0,0.0,1.0
0060007216.png,flou_gaussien,moyen,pipeline_complet,0.8540856031128404,0.9761904761904762,0.0136986301369863,0.9863013698630136
87533049.png,flou_gaussien,moyen,aucun,0.9744816586921851,0.9818181818181818,0.021505376344086023,0.978494623655914
87533049.png,flou_gaussien,moyen,deskew_seul,0.9856459330143541,0.990909090909091,0.010752688172043012,0.989247311827957
87533049.png,flou_gaussien,moyen,denoise_seul,1.0,1.0,0.0,1.0
87533049.png,flou_gaussien,moyen,contraste_seul,0.9505582137161085,1.0,0.0,1.0
87533049.png,flou_gaussien,moyen,binarisation_seule,0.8086124401913876,1.0,0.010752688172043012,0.989247311827957
87533049.png,flou_gaussien,moyen,pipeline_complet,1.0,1.0,0.0,1.0
660978.png,flou_gaussien,moyen,aucun,0.9643435980551054,1.0,0.0,1.0
660978.png,flou_gaussien,moyen,deskew_seul,0.9643435980551054,1.0,0.0,1.0
660978.png,flou_gaussien,moyen,denoise_seul,0.9497568881685575,1.0,0.0,1.0
660978.png,flou_gaussien,moyen,contraste_seul,0.9286871961102107,0.9905660377358491,0.011235955056179775,0.9887640449438202
660978.png,flou_gaussien,moyen,binarisation_seule,0.7876823338735819,0.9905660377358491,0.011235955056179775,0.9887640449438202
660978.png,flou_gaussien,moyen,pipeline_complet,1.0,1.0,0.0,1.0
0060000813.png,flou_gaussien,moyen,aucun,1.0,1.0,0.0,1.0
0060000813.png,flou_gaussien,moyen,deskew_seul,1.0,1.0,0.0,1.0
0060000813.png,flou_gaussien,moyen,denoise_seul,0.9745042492917847,0.9904761904761905,0.015625,0.984375
0060000813.png,flou_gaussien,moyen,contraste_seul,1.0,1.0,0.0,1.0
0060000813.png,flou_gaussien,moyen,binarisation_seule,0.7903682719546742,1.0,0.015625,0.984375
0060000813.png,flou_gaussien,moyen,pipeline_complet,1.0,1.0,0.0,1.0
0060255888.png,flou_gaussien,moyen,aucun,1.0,1.0,0.0,1.0
0060255888.png,flou_gaussien,moyen,deskew_seul,1.0,1.0,0.0,1.0
0060255888.png,flou_gaussien,moyen,denoise_seul,1.0,1.0,0.0,1.0
0060255888.png,flou_gaussien,moyen,contraste_seul,1.0,1.0,0.0,1.0
0060255888.png,flou_gaussien,moyen,binarisation_seule,0.8323281061519904,0.9925373134328358,0.009615384615384616,0.9903846153846154
0060255888.png,flou_gaussien,moyen,pipeline_complet,0.8709288299155609,1.0,0.0,1.0
13149651.png,flou_gaussien,fort,aucun,1.0,1.0,0.0,1.0
13149651.png,flou_gaussien,fort,deskew_seul,1.0,1.0,0.0,1.0
13149651.png,flou_gaussien,fort,denoise_seul,1.0,1.0,0.0,1.0
13149651.png,flou_gaussien,fort,contraste_seul,1.0,1.0,0.0,1.0
13149651.png,flou_gaussien,fort,binarisation_seule,0.9970014992503748,0.9969230769230769,0.004807692307692308,0.9951923076923077
13149651.png,flou_gaussien,fort,pipeline_complet,0.9975012493753124,1.0,0.0,1.0
0011973451.png,flou_gaussien,fort,aucun,0.9839704069050554,1.0,0.0,1.0
0011973451.png,flou_gaussien,fort,deskew_seul,0.9876695437731196,1.0,0.0,1.0
0011973451.png,flou_gaussien,fort,denoise_seul,0.9802712700369913,1.0,0.0,1.0
0011973451.png,flou_gaussien,fort,contraste_seul,0.9876695437731196,1.0,0.0,1.0
0011973451.png,flou_gaussien,fort,binarisation_seule,0.87422934648582,0.9919354838709677,0.009345794392523364,0.9906542056074766
0011973451.png,flou_gaussien,fort,pipeline_complet,0.872996300863132,0.9919354838709677,0.009345794392523364,0.9906542056074766
0011859695.png,flou_gaussien,fort,aucun,1.0,1.0,0.0,1.0
0011859695.png,flou_gaussien,fort,deskew_seul,1.0,1.0,0.0,1.0
0011859695.png,flou_gaussien,fort,denoise_seul,0.9987608426270136,1.0,0.0,1.0
0011859695.png,flou_gaussien,fort,contraste_seul,0.9863692688971499,1.0,0.0,1.0
0011859695.png,flou_gaussien,fort,binarisation_seule,1.0,1.0,0.0,1.0
0011859695.png,flou_gaussien,fort,pipeline_complet,0.9876084262701363,1.0,0.0,1.0
80310840a.png,flou_gaussien,fort,aucun,1.0,1.0,0.0,1.0
80310840a.png,flou_gaussien,fort,deskew_seul,1.0,1.0,0.0,1.0
80310840a.png,flou_gaussien,fort,denoise_seul,1.0,1.0,0.0,1.0
80310840a.png,flou_gaussien,fort,contraste_seul,1.0,1.0,0.0,1.0
80310840a.png,flou_gaussien,fort,binarisation_seule,0.9789631855747558,0.9952380952380953,0.006060606060606061,0.9939393939393939
80310840a.png,flou_gaussien,fort,pipeline_complet,0.9609316303531179,0.9952380952380953,0.006060606060606061,0.9939393939393939
0011899960.png,flou_gaussien,fort,aucun,1.0,1.0,0.0,1.0
0011899960.png,flou_gaussien,fort,deskew_seul,1.0,1.0,0.0,1.0
0011899960.png,flou_gaussien,fort,denoise_seul,1.0,1.0,0.0,1.0
0011899960.png,flou_gaussien,fort,contraste_seul,1.0,1.0,0.0,1.0
0011899960.png,flou_gaussien,fort,binarisation_seule,1.0,1.0,0.0,1.0
0011899960.png,flou_gaussien,fort,pipeline_complet,0.99625,1.0,0.0,1.0
71206427.png,flou_gaussien,fort,aucun,0.9958762886597938,1.0,0.0,1.0
71206427.png,flou_gaussien,fort,deskew_seul,0.9958762886597938,1.0,0.0,1.0
71206427.png,flou_gaussien,fort,denoise_seul,1.0,1.0,0.0,1.0
71206427.png,flou_gaussien,fort,contraste_seul,0.9938144329896907,1.0,0.0,1.0
71206427.png,flou_gaussien,fort,binarisation_seule,0.8989690721649485,1.0,0.0,1.0
71206427.png,flou_gaussien,fort,pipeline_complet,0.8845360824742268,0.9836065573770492,0.018518518518518517,0.9814814814814815
71108371.png,flou_gaussien,fort,aucun,1.0,1.0,0.0,1.0
71108371.png,flou_gaussien,fort,deskew_seul,1.0,1.0,0.0,1.0
71108371.png,flou_gaussien,fort,denoise_seul,1.0,1.0,0.0,1.0
71108371.png,flou_gaussien,fort,contraste_seul,1.0,1.0,0.0,1.0
71108371.png,flou_gaussien,fort,binarisation_seule,0.954824316787507,0.9962406015037594,0.005319148936170213,0.9946808510638298
71108371.png,flou_gaussien,fort,pipeline_complet,1.0,1.0,0.0,1.0
00851772_1780.png,flou_gaussien,fort,aucun,1.0,1.0,0.0,1.0
00851772_1780.png,flou_gaussien,fort,deskew_seul,1.0,1.0,0.0,1.0
00851772_1780.png,flou_gaussien,fort,denoise_seul,1.0,1.0,0.0,1.0
00851772_1780.png,flou_gaussien,fort,contraste_seul,1.0,1.0,0.0,1.0
00851772_1780.png,flou_gaussien,fort,binarisation_seule,0.9875862068965517,1.0,0.0,1.0
00851772_1780.png,flou_gaussien,fort,pipeline_complet,0.9172413793103448,0.9908256880733946,0.010869565217391304,0.9891304347826086
0001463282.png,flou_gaussien,fort,aucun,0.9643134212567882,1.0,0.0,1.0
0001463282.png,flou_gaussien,fort,deskew_seul,0.9643134212567882,1.0,0.0,1.0
0001463282.png,flou_gaussien,fort,denoise_seul,0.9728471683475562,1.0,0.0,1.0
0001463282.png,flou_gaussien,fort,contraste_seul,0.9852598913886734,1.0,0.0,1.0
0001463282.png,flou_gaussien,fort,binarisation_seule,0.8929402637703646,0.9908256880733946,0.0189873417721519,0.9810126582278481
0001463282.png,flou_gaussien,fort,pipeline_complet,0.9860356865787432,0.9954128440366973,0.006329113924050633,0.9936708860759493
91104867.png,flou_gaussien,fort,aucun,1.0,1.0,0.0,1.0
91104867.png,flou_gaussien,fort,deskew_seul,1.0,1.0,0.0,1.0
91104867.png,flou_gaussien,fort,denoise_seul,0.9299145299145299,1.0,0.0,1.0
91104867.png,flou_gaussien,fort,contraste_seul,1.0,1.0,0.0,1.0
91104867.png,flou_gaussien,fort,binarisation_seule,1.0,1.0,0.0,1.0
91104867.png,flou_gaussien,fort,pipeline_complet,1.0,1.0,0.0,1.0
92298125.png,flou_gaussien,fort,aucun,0.9974619289340102,1.0,0.0,1.0
92298125.png,flou_gaussien,fort,deskew_seul,0.9923857868020305,0.9928571428571429,0.008695652173913044,0.991304347826087
92298125.png,flou_gaussien,fort,denoise_seul,0.9974619289340102,1.0,0.0,1.0
92298125.png,flou_gaussien,fort,contraste_seul,0.9898477157360406,0.9928571428571429,0.008695652173913044,0.991304347826087
92298125.png,flou_gaussien,fort,binarisation_seule,0.868020304568528,0.9785714285714285,0.02608695652173913,0.9739130434782609
92298125.png,flou_gaussien,fort,pipeline_complet,0.9213197969543148,0.9857142857142858,0.017391304347826087,0.9826086956521739
0012529284.png,flou_gaussien,fort,aucun,0.9821276595744681,1.0,0.006369426751592357,0.9936305732484076
0012529284.png,flou_gaussien,fort,deskew_seul,0.9838297872340426,1.0,0.0,1.0
0012529284.png,flou_gaussien,fort,denoise_seul,0.9914893617021276,1.0,0.0,1.0
0012529284.png,flou_gaussien,fort,contraste_seul,0.9914893617021276,1.0,0.0,1.0
0012529284.png,flou_gaussien,fort,binarisation_seule,0.977872340425532,0.9954128440366973,0.006369426751592357,0.9936305732484076
0012529284.png,flou_gaussien,fort,pipeline_complet,0.9046808510638298,0.9908256880733946,0.01910828025477707,0.9808917197452229
716552.png,flou_gaussien,fort,aucun,1.0,1.0,0.0,1.0
716552.png,flou_gaussien,fort,deskew_seul,1.0,1.0,0.0,1.0
716552.png,flou_gaussien,fort,denoise_seul,1.0,1.0,0.0,1.0
716552.png,flou_gaussien,fort,contraste_seul,1.0,1.0,0.0,1.0
716552.png,flou_gaussien,fort,binarisation_seule,0.9729102167182663,1.0,0.0,1.0
716552.png,flou_gaussien,fort,pipeline_complet,1.0,1.0,0.0,1.0
0011838621.png,flou_gaussien,fort,aucun,1.0,1.0,0.0,1.0
0011838621.png,flou_gaussien,fort,deskew_seul,1.0,1.0,0.0,1.0
0011838621.png,flou_gaussien,fort,denoise_seul,1.0,1.0,0.0,1.0
0011838621.png,flou_gaussien,fort,contraste_seul,1.0,1.0,0.0,1.0
0011838621.png,flou_gaussien,fort,binarisation_seule,0.9378084896347483,1.0,0.0,1.0
0011838621.png,flou_gaussien,fort,pipeline_complet,0.9851924975320829,1.0,0.0,1.0
92586242.png,flou_gaussien,fort,aucun,1.0,1.0,0.0,1.0
92586242.png,flou_gaussien,fort,deskew_seul,1.0,1.0,0.0,1.0
92586242.png,flou_gaussien,fort,denoise_seul,1.0,1.0,0.0,1.0
92586242.png,flou_gaussien,fort,contraste_seul,0.976,0.9876543209876543,0.014492753623188406,0.9855072463768116
92586242.png,flou_gaussien,fort,binarisation_seule,0.936,1.0,0.0,1.0
92586242.png,flou_gaussien,fort,pipeline_complet,0.994,1.0,0.0,1.0
01073843.png,bruit_aleatoire,faible,aucun,0.7611374407582938,0.8947368421052632,0.3783783783783784,0.6216216216216216
01073843.png,bruit_aleatoire,faible,deskew_seul,0.7838862559241706,0.9473684210526315,0.34459459459459457,0.6554054054054055
01073843.png,bruit_aleatoire,faible,denoise_seul,0.7592417061611374,0.8947368421052632,0.38513513513513514,0.6148648648648649
01073843.png,bruit_aleatoire,faible,contraste_seul,0.8104265402843602,0.9532163742690059,0.2702702702702703,0.7297297297297297
01073843.png,bruit_aleatoire,faible,binarisation_seule,0.8066350710900474,0.9532163742690059,0.25675675675675674,0.7432432432432432
01073843.png,bruit_aleatoire,faible,pipeline_complet,0.804739336492891,0.9590643274853801,0.0945945945945946,0.9054054054054054
71341634.png,bruit_aleatoire,faible,aucun,0.7784050811573747,0.9876543209876543,0.16019417475728157,0.8398058252427184
71341634.png,bruit_aleatoire,faible,deskew_seul,0.7826393789696542,0.9711934156378601,0.17475728155339806,0.8252427184466019
71341634.png,bruit_aleatoire,faible,denoise_seul,0.8066337332392378,0.9917695473251029,0.24757281553398058,0.7524271844660194
71341634.png,bruit_aleatoire,faible,contraste_seul,0.7861679604798871,0.9835390946502057,0.17475728155339806,0.8252427184466019
71341634.png,bruit_aleatoire,faible,binarisation_seule,0.7840508115737473,0.9917695473251029,0.1407766990291262,0.8592233009708738
71341634.png,bruit_aleatoire,faible,pipeline_complet,0.8496824276640791,0.9917695473251029,0.04854368932038835,0.9514563106796117
93380187.png,bruit_aleatoire,faible,aucun,0.5805763073639274,0.8026315789473685,0.40869565217391307,0.5913043478260869
93380187.png,bruit_aleatoire,faible,deskew_seul,0.7001067235859125,0.8355263157894737,0.391304347826087,0.6086956521739131
93380187.png,bruit_aleatoire,faible,denoise_seul,0.551760939167556,0.743421052631579,0.46956521739130436,0.5304347826086957
93380187.png,bruit_aleatoire,faible,contraste_seul,0.6168623265741728,0.8421052631578947,0.4956521739130435,0.5043478260869565
93380187.png,bruit_aleatoire,faible,binarisation_seule,0.5240128068303095,0.75,0.3652173913043478,0.6347826086956522
93380187.png,bruit_aleatoire,faible,pipeline_complet,0.6382070437566703,0.9078947368421053,0.17391304347826086,0.8260869565217391
0060094595.png,bruit_aleatoire,faible,aucun,0.8034934497816594,0.8705035971223022,0.44660194174757284,0.5533980582524272
0060094595.png,bruit_aleatoire,faible,deskew_seul,0.759825327510917,0.8705035971223022,0.5048543689320388,0.49514563106796117
0060094595.png,bruit_aleatoire,faible,denoise_seul,0.7831149927219796,0.8705035971223022,0.42718446601941745,0.5728155339805825
0060094595.png,bruit_aleatoire,faible,contraste_seul,0.8049490538573508,0.8920863309352518,0.42718446601941745,0.5728155339805825
0060094595.png,bruit_aleatoire,faible,binarisation_seule,0.8427947598253275,0.9640287769784173,0.2621359223300971,0.7378640776699029
0060094595.png,bruit_aleatoire,faible,pipeline_complet,0.8034934497816594,0.9568345323741008,0.07766990291262135,0.9223300970873787
00070353.png,bruit_aleatoire,faible,aucun,0.2816377171215881,0.4444444444444444,0.6635514018691588,0.33644859813084116
00070353.png,bruit_aleatoire,faible,deskew_seul,0.49007444168734493,0.6349206349206349,0.4766355140186916,0.5233644859813085
00070353.png,bruit_aleatoire,faible,denoise_seul,0.23945409429280398,0.3412698412698413,0.7289719626168224,0.2710280373831776
00070353.png,bruit_aleatoire,faible,contraste_seul,0.2655086848635236,0.40476190476190477,0.6542056074766355,0.3457943925233645
00070353.png,bruit_aleatoire,faible,binarisation_seule,0.2878411910669975,0.4523809523809524,0.6448598130841121,0.3551401869158879
00070353.png,bruit_aleatoire,faible,pipeline_complet,0.5397022332506204,0.7301587301587301,0.40186915887850466,0.5981308411214954
0001463282.png,bruit_aleatoire,faible,aucun,0.6687354538401862,0.8899082568807339,0.5379746835443038,0.4620253164556962
0001463282.png,bruit_aleatoire,faible,deskew_seul,0.6687354538401862,0.8899082568807339,0.5379746835443038,0.4620253164556962
0001463282.png,bruit_aleatoire,faible,denoise_seul,0.6989914662529092,0.9128440366972477,0.5063291139240507,0.49367088607594933
0001463282.png,bruit_aleatoire,faible,contraste_seul,0.7362296353762606,0.9128440366972477,0.5569620253164557,0.44303797468354433
0001463282.png,bruit_aleatoire,faible,binarisation_seule,0.7168347556245152,0.9220183486238532,0.4810126582278481,0.5189873417721519
0001463282.png,bruit_aleatoire,faible,pipeline_complet,0.8487199379363848,0.9587155963302753,0.056962025316455694,0.9430379746835443
0060302201.png,bruit_aleatoire,faible,aucun,0.24688057040998218,0.5178571428571429,0.6416666666666667,0.3583333333333333
0060302201.png,bruit_aleatoire,faible,deskew_seul,0.24688057040998218,0.5178571428571429,0.6416666666666667,0.3583333333333333
0060302201.png,bruit_aleatoire,faible,denoise_seul,0.35561497326203206,0.625,0.625,0.375
0060302201.png,bruit_aleatoire,faible,contraste_seul,0.3172905525846702,0.6190476190476191,0.6833333333333333,0.31666666666666665
0060302201.png,bruit_aleatoire,faible,binarisation_seule,0.34402852049910876,0.7380952380952381,0.48333333333333334,0.5166666666666666
0060302201.png,bruit_aleatoire,faible,pipeline_complet,0.9197860962566845,0.9880952380952381,0.025,0.975
00922237.png,bruit_aleatoire,faible,aucun,0.4488802336903603,0.577639751552795,0.5338345864661654,0.46616541353383456
00922237.png,bruit_aleatoire,faible,deskew_seul,0.4488802336903603,0.577639751552795,0.5338345864661654,0.46616541353383456
00922237.png,bruit_aleatoire,faible,denoise_seul,0.5394352482960078,0.6521739130434783,0.49624060150375937,0.5037593984962406
00922237.png,bruit_aleatoire,faible,contraste_seul,0.49756572541382665,0.6521739130434783,0.45112781954887216,0.5488721804511278
00922237.png,bruit_aleatoire,faible,binarisation_seule,0.6387536514118792,0.8944099378881988,0.2556390977443609,0.7443609022556391
00922237.png,bruit_aleatoire,faible,pipeline_complet,0.4644595910418695,0.7329192546583851,0.42857142857142855,0.5714285714285714
0011838621.png,bruit_aleatoire,faible,aucun,0.6357354392892399,0.7682926829268293,0.5121951219512195,0.4878048780487805
0011838621.png,bruit_aleatoire,faible,deskew_seul,0.6633761105626851,0.774390243902439,0.5528455284552846,0.44715447154471544
0011838621.png,bruit_aleatoire,faible,denoise_seul,0.650542941757157,0.7682926829268293,0.5121951219512195,0.4878048780487805
0011838621.png,bruit_aleatoire,faible,contraste_seul,0.7206317867719645,0.8048780487804879,0.4959349593495935,0.5040650406504066
0011838621.png,bruit_aleatoire,faible,binarisation_seule,0.7393879565646594,0.8902439024390244,0.45528455284552843,0.5447154471544715
0011838621.png,bruit_aleatoire,faible,pipeline_complet,0.6357354392892399,0.9024390243902439,0.2032520325203252,0.7967479674796748
0060308251.png,bruit_aleatoire,faible,aucun,0.6211453744493393,0.8695652173913043,0.24242424242424243,0.7575757575757576
0060308251.png,bruit_aleatoire,faible,deskew_seul,0.6211453744493393,0.8695652173913043,0.24242424242424243,0.7575757575757576
0060308251.png,bruit_aleatoire,faible,denoise_seul,0.5242290748898678,0.8043478260869565,0.36363636363636365,0.6363636363636364
0060308251.png,bruit_aleatoire,faible,contraste_seul,0.7929515418502202,0.9130434782608695,0.3333333333333333,0.6666666666666667
0060308251.png,bruit_aleatoire,faible,binarisation_seule,0.6872246696035242,0.8913043478260869,0.3333333333333333,0.6666666666666667
0060308251.png,bruit_aleatoire,faible,pipeline_complet,0.6387665198237885,0.8913043478260869,0.2727272727272727,0.7272727272727273
0011906503.png,bruit_aleatoire,faible,aucun,0.5445979899497487,0.6983471074380165,0.7039106145251397,0.2960893854748603
0011906503.png,bruit_aleatoire,faible,deskew_seul,0.5445979899497487,0.6983471074380165,0.7039106145251397,0.2960893854748603
0011906503.png,bruit_aleatoire,faible,denoise_seul,0.5263819095477387,0.6900826446280992,0.7318435754189944,0.26815642458100564
0011906503.png,bruit_aleatoire,faible,contraste_seul,0.5226130653266332,0.6735537190082644,0.6871508379888268,0.3128491620111732
0011906503.png,bruit_aleatoire,faible,binarisation_seule,0.542713567839196,0.7933884297520661,0.553072625698324,0.44692737430167595
0011906503.png,bruit_aleatoire,faible,pipeline_complet,0.7889447236180904,0.9545454545454546,0.0893854748603352,0.9106145251396648
80310840a.png,bruit_aleatoire,faible,aucun,0.48459804658151767,0.7142857142857143,0.5757575757575758,0.4242424242424242
80310840a.png,bruit_aleatoire,faible,deskew_seul,0.4154770848985725,0.6619047619047619,0.48484848484848486,0.5151515151515151
80310840a.png,bruit_aleatoire,faible,denoise_seul,0.36363636363636365,0.6333333333333333,0.5696969696969697,0.4303030303030303
80310840a.png,bruit_aleatoire,faible,contraste_seul,0.391435011269722,0.6571428571428571,0.5151515151515151,0.48484848484848486
80310840a.png,bruit_aleatoire,faible,binarisation_seule,0.4027047332832457,0.6952380952380952,0.44242424242424244,0.5575757575757576
80310840a.png,bruit_aleatoire,faible,pipeline_complet,0.5762584522915102,0.861904761904762,0.24848484848484848,0.7515151515151515
00866042.png,bruit_aleatoire,faible,aucun,0.6755952380952381,0.7927461139896373,0.49079754601226994,0.50920245398773
00866042.png,bruit_aleatoire,faible,deskew_seul,0.6755952380952381,0.7927461139896373,0.49079754601226994,0.50920245398773
00866042.png,bruit_aleatoire,faible,denoise_seul,0.6413690476190477,0.7616580310880829,0.49693251533742333,0.5030674846625767
00866042.png,bruit_aleatoire,faible,contraste_seul,0.6331845238095238,0.7823834196891192,0.4785276073619632,0.5214723926380368
00866042.png,bruit_aleatoire,faible,binarisation_seule,0.6257440476190477,0.772020725388601,0.3496932515337423,0.6503067484662577
00866042.png,bruit_aleatoire,faible,pipeline_complet,0.7068452380952381,0.844559585492228,0.15950920245398773,0.8404907975460123
89867723.png,bruit_aleatoire,faible,aucun,0.3506805444355484,0.5609756097560976,0.6211180124223602,0.3788819875776398
89867723.png,bruit_aleatoire,faible,deskew_seul,0.4235388310648519,0.6146341463414634,0.577639751552795,0.422360248447205
89867723.png,bruit_aleatoire,faible,denoise_seul,0.35388310648518817,0.5317073170731708,0.6024844720496895,0.39751552795031053
89867723.png,bruit_aleatoire,faible,contraste_seul,0.4675740592473979,0.6829268292682927,0.5714285714285714,0.4285714285714286
89867723.png,bruit_aleatoire,faible,binarisation_seule,0.4811849479583667,0.8048780487804879,0.37888198757763975,0.6211180124223603
89867723.png,bruit_aleatoire,faible,pipeline_complet,0.6837469975980784,0.8829268292682927,0.18633540372670807,0.8136645962732919
71366499.png,bruit_aleatoire,faible,aucun,0.7597911227154047,0.9154929577464789,0.38181818181818183,0.6181818181818182
71366499.png,bruit_aleatoire,faible,deskew_seul,0.7597911227154047,0.9154929577464789,0.34545454545454546,0.6545454545454545
71366499.png,bruit_aleatoire,faible,denoise_seul,0.7493472584856397,0.8732394366197183,0.2727272727272727,0.7272727272727273
71366499.png,bruit_aleatoire,faible,contraste_seul,0.720626631853786,0.8169014084507042,0.43636363636363634,0.5636363636363637
71366499.png,bruit_aleatoire,faible,binarisation_seule,0.6631853785900783,0.8732394366197183,0.38181818181818183,0.6181818181818182
71366499.png,bruit_aleatoire,faible,pipeline_complet,0.7389033942558747,0.9577464788732394,0.05454545454545454,0.9454545454545454
0060024314.png,bruit_aleatoire,moyen,aucun,0.4146981627296588,0.6698113207547169,0.550561797752809,0.449438202247191
0060024314.png,bruit_aleatoire,moyen,deskew_seul,0.4146981627296588,0.6698113207547169,0.550561797752809,0.449438202247191
0060024314.png,bruit_aleatoire,moyen,denoise_seul,0.400262467191601,0.6415094339622641,0.5955056179775281,0.4044943820224719
0060024314.png,bruit_aleatoire,moyen,contraste_seul,1.0,1.0,0.0,1.0
0060024314.png,bruit_aleatoire,moyen,binarisation_seule,0.6456692913385826,0.7924528301886793,0.29213483146067415,0.7078651685393258
0060024314.png,bruit_aleatoire,moyen,pipeline_complet,0.5813648293963255,0.8584905660377359,0.16853932584269662,0.8314606741573034
71563825.png,bruit_aleatoire,moyen,aucun,0.4782312925170068,0.6625,0.40588235294117647,0.5941176470588235
71563825.png,bruit_aleatoire,moyen,deskew_seul,0.43197278911564624,0.6166666666666667,0.48823529411764705,0.5117647058823529
71563825.png,bruit_aleatoire,moyen,denoise_seul,0.3476190476190476,0.5958333333333333,0.5529411764705883,0.44705882352941173
71563825.png,bruit_aleatoire,moyen,contraste_seul,1.0,1.0,0.0,1.0
71563825.png,bruit_aleatoire,moyen,binarisation_seule,0.5285714285714286,0.8166666666666667,0.2647058823529412,0.7352941176470589
71563825.png,bruit_aleatoire,moyen,pipeline_complet,0.9306122448979591,0.9666666666666667,0.047058823529411764,0.9529411764705882
71202511.png,bruit_aleatoire,moyen,aucun,0.5195402298850574,0.7230046948356808,0.5921052631578947,0.4078947368421053
71202511.png,bruit_aleatoire,moyen,deskew_seul,0.5172413793103449,0.7605633802816901,0.48026315789473684,0.5197368421052632
71202511.png,bruit_aleatoire,moyen,denoise_seul,0.5256704980842912,0.7230046948356808,0.5855263157894737,0.4144736842105263
71202511.png,bruit_aleatoire,moyen,contraste_seul,0.8436781609195402,0.9577464788732394,0.07236842105263158,0.9276315789473684
71202511.png,bruit_aleatoire,moyen,binarisation_seule,0.5586206896551724,0.812206572769953,0.4605263157894737,0.5394736842105263
71202511.png,bruit_aleatoire,moyen,pipeline_complet,0.7954022988505747,0.9577464788732394,0.07236842105263158,0.9276315789473684
0060207528.png,bruit_aleatoire,moyen,aucun,0.3961904761904762,0.5852272727272727,0.6131386861313869,0.3868613138686131
0060207528.png,bruit_aleatoire,moyen,deskew_seul,0.3961904761904762,0.5852272727272727,0.6131386861313869,0.3868613138686131
0060207528.png,bruit_aleatoire,moyen,denoise_seul,0.38476190476190475,0.5852272727272727,0.5912408759124088,0.4087591240875912
0060207528.png,bruit_aleatoire,moyen,contraste_seul,0.7257142857142858,0.8636363636363636,0.1678832116788321,0.8321167883211679
0060207528.png,bruit_aleatoire,moyen,binarisation_seule,0.42952380952380953,0.625,0.48905109489051096,0.5109489051094891
0060207528.png,bruit_aleatoire,moyen,pipeline_complet,1.0,1.0,0.0,1.0
00851879.png,bruit_aleatoire,moyen,aucun,0.7428243398392652,0.9064748201438849,0.8392857142857143,0.1607142857142857
00851879.png,bruit_aleatoire,moyen,deskew_seul,0.7198622273249139,0.8776978417266187,0.8125,0.1875
00851879.png,bruit_aleatoire,moyen,denoise_seul,0.7703788748564868,0.935251798561151,0.8392857142857143,0.1607142857142857
00851879.png,bruit_aleatoire,moyen,contraste_seul,1.0,1.0,0.0,1.0
00851879.png,bruit_aleatoire,moyen,binarisation_seule,0.6417910447761194,0.8705035971223022,0.48214285714285715,0.5178571428571428
00851879.png,bruit_aleatoire,moyen,pipeline_complet,0.7428243398392652,0.9568345323741008,0.5714285714285714,0.4285714285714286
00093726.png,bruit_aleatoire,moyen,aucun,0.6467110125646711,0.7672413793103449,0.6319018404907976,0.36809815950920244
00093726.png,bruit_aleatoire,moyen,deskew_seul,0.7464892830746489,0.9008620689655172,0.5950920245398773,0.4049079754601227
00093726.png,bruit_aleatoire,moyen,denoise_seul,0.6666666666666666,0.8103448275862069,0.5705521472392638,0.42944785276073616
00093726.png,bruit_aleatoire,moyen,contraste_seul,0.7560975609756098,0.8706896551724138,0.2147239263803681,0.7852760736196319
00093726.png,bruit_aleatoire,moyen,binarisation_seule,0.7191426459719142,0.9741379310344828,0.3558282208588957,0.6441717791411044
00093726.png,bruit_aleatoire,moyen,pipeline_complet,0.6814486326681448,0.853448275862069,0.3128834355828221,0.6871165644171779
0060029036.png,bruit_aleatoire,moyen,aucun,0.5675029868578255,0.7153284671532847,0.7345132743362832,0.2654867256637168
0060029036.png,bruit_aleatoire,moyen,deskew_seul,0.5675029868578255,0.7153284671532847,0.7345132743362832,0.2654867256637168
0060029036.png,bruit_aleatoire,moyen,denoise_seul,0.5925925925925926,0.6934306569343066,0.7256637168141593,0.2743362831858407
0060029036.png,bruit_aleatoire,moyen,contraste_seul,0.6057347670250897,0.7372262773722628,0.7079646017699115,0.2920353982300885
0060029036.png,bruit_aleatoire,moyen,binarisation_seule,0.6224611708482676,0.8248175182481752,0.40707964601769914,0.5929203539823009
0060029036.png,bruit_aleatoire,moyen,pipeline_complet,0.7729988052568698,0.9051094890510949,0.5486725663716814,0.4513274336283186
92094751.png,bruit_aleatoire,moyen,aucun,0.5150992234685073,0.6494845360824743,0.6148648648648649,0.3851351351351351
92094751.png,bruit_aleatoire,moyen,deskew_seul,0.4857635893011217,0.634020618556701,0.5878378378378378,0.41216216216216217
92094751.png,bruit_aleatoire,moyen,denoise_seul,0.5228645383951682,0.6391752577319587,0.6081081081081081,0.3918918918918919
92094751.png,bruit_aleatoire,moyen,contraste_seul,0.6108714408973253,0.8144329896907216,0.35135135135135137,0.6486486486486487
92094751.png,bruit_aleatoire,moyen,binarisation_seule,0.5608283002588438,0.8247422680412371,0.38513513513513514,0.6148648648648649
92094751.png,bruit_aleatoire,moyen,pipeline_complet,0.6255392579810182,0.8711340206185567,0.25675675675675674,0.7432432432432432
0071032807.png,bruit_aleatoire,moyen,aucun,0.22123893805309736,0.38235294117647056,0.7704918032786885,0.2295081967213115
0071032807.png,bruit_aleatoire,moyen,deskew_seul,0.22123893805309736,0.38235294117647056,0.7704918032786885,0.2295081967213115
0071032807.png,bruit_aleatoire,moyen,denoise_seul,0.2323008849557522,0.4411764705882353,0.7049180327868853,0.29508196721311475
0071032807.png,bruit_aleatoire,moyen,contraste_seul,1.0,1.0,0.0,1.0
0071032807.png,bruit_aleatoire,moyen,binarisation_seule,0.5331858407079646,0.7647058823529411,0.3114754098360656,0.6885245901639344
0071032807.png,bruit_aleatoire,moyen,pipeline_complet,0.7101769911504425,0.9117647058823529,0.09836065573770492,0.9016393442622951
91161344_91161347.png,bruit_aleatoire,moyen,aucun,0.7249647390691114,0.8858267716535433,0.6095890410958904,0.3904109589041096
91161344_91161347.png,bruit_aleatoire,moyen,deskew_seul,0.807475317348378,0.952755905511811,0.5273972602739726,0.4726027397260274
91161344_91161347.png,bruit_aleatoire,moyen,denoise_seul,0.7214386459802539,0.8976377952755905,0.547945205479452,0.452054794520548
91161344_91161347.png,bruit_aleatoire,moyen,contraste_seul,0.9795486600846263,1.0,0.0,1.0
91161344_91161347.png,bruit_aleatoire,moyen,binarisation_seule,0.7482369534555712,0.9212598425196851,0.3082191780821918,0.6917808219178082
91161344_91161347.png,bruit_aleatoire,moyen,pipeline_complet,0.9407616361071932,1.0,0.0,1.0
80310840a.png,bruit_aleatoire,moyen,aucun,0.49361382419233657,0.7238095238095238,0.4121212121212121,0.5878787878787879
80310840a.png,bruit_aleatoire,moyen,deskew_seul,0.4462809917355372,0.6619047619047619,0.44242424242424244,0.5575757575757576
80310840a.png,bruit_aleatoire,moyen,denoise_seul,0.4147257700976709,0.6857142857142857,0.5272727272727272,0.4727272727272728
80310840a.png,bruit_aleatoire,moyen,contraste_seul,0.42073628850488354,0.6666666666666666,0.47878787878787876,0.5212121212121212
80310840a.png,bruit_aleatoire,moyen,binarisation_seule,0.5912847483095417,0.8428571428571429,0.26666666666666666,0.7333333333333334
80310840a.png,bruit_aleatoire,moyen,pipeline_complet,0.7107438016528925,0.8857142857142857,0.16363636363636364,0.8363636363636364
00860012_00860014.png,bruit_aleatoire,moyen,aucun,0.6536661466458659,0.7628865979381443,0.4939759036144578,0.5060240963855422
00860012_00860014.png,bruit_aleatoire,moyen,deskew_seul,0.6536661466458659,0.7628865979381443,0.4939759036144578,0.5060240963855422
00860012_00860014.png,bruit_aleatoire,moyen,denoise_seul,0.702808112324493,0.7938144329896907,0.37349397590361444,0.6265060240963856
00860012_00860014.png,bruit_aleatoire,moyen,contraste_seul,0.5873634945397815,0.7216494845360825,0.3433734939759036,0.6566265060240963
00860012_00860014.png,bruit_aleatoire,moyen,binarisation_seule,0.7620904836193447,0.9484536082474226,0.3072289156626506,0.6927710843373494
00860012_00860014.png,bruit_aleatoire,moyen,pipeline_complet,0.7917316692667706,0.8917525773195877,0.13253012048192772,0.8674698795180723
92657311_7313.png,bruit_aleatoire,moyen,aucun,0.3671875,0.5794392523364486,0.7802197802197802,0.21978021978021978
92657311_7313.png,bruit_aleatoire,moyen,deskew_seul,0.3671875,0.5794392523364486,0.7802197802197802,0.21978021978021978
92657311_7313.png,bruit_aleatoire,moyen,denoise_seul,0.3625,0.5327102803738317,0.7692307692307693,0.23076923076923073
92657311_7313.png,bruit_aleatoire,moyen,contraste_seul,0.896875,0.9626168224299065,0.054945054945054944,0.945054945054945
92657311_7313.png,bruit_aleatoire,moyen,binarisation_seule,0.4828125,0.719626168224299,0.4725274725274725,0.5274725274725275
92657311_7313.png,bruit_aleatoire,moyen,pipeline_complet,0.55625,0.7850467289719626,0.2967032967032967,0.7032967032967032
0060262650.png,bruit_aleatoire,moyen,aucun,0.5291450777202072,0.64,0.5606936416184971,0.4393063583815029
0060262650.png,bruit_aleatoire,moyen,deskew_seul,0.5291450777202072,0.64,0.5606936416184971,0.4393063583815029
0060262650.png,bruit_aleatoire,moyen,denoise_seul,0.5284974093264249,0.6755555555555556,0.630057803468208,0.36994219653179194
0060262650.png,bruit_aleatoire,moyen,contraste_seul,0.5783678756476683,0.6977777777777778,0.5028901734104047,0.49710982658959535
0060262650.png,bruit_aleatoire,moyen,binarisation_seule,0.5718911917098446,0.8088888888888889,0.4161849710982659,0.5838150289017341
0060262650.png,bruit_aleatoire,moyen,pipeline_complet,0.6049222797927462,0.8311111111111111,0.3179190751445087,0.6820809248554913
12052385.png,bruit_aleatoire,moyen,aucun,0.6615384615384615,0.7454545454545455,0.5849056603773585,0.41509433962264153
12052385.png,bruit_aleatoire,moyen,deskew_seul,0.7169230769230769,0.7636363636363637,0.5660377358490566,0.4339622641509434
12052385.png,bruit_aleatoire,moyen,denoise_seul,0.6584615384615384,0.7454545454545455,0.5471698113207547,0.4528301886792453
12052385.png,bruit_aleatoire,moyen,contraste_seul,1.0,1.0,0.0,1.0
12052385.png,bruit_aleatoire,moyen,binarisation_seule,0.88,0.9272727272727272,0.07547169811320754,0.9245283018867925
12052385.png,bruit_aleatoire,moyen,pipeline_complet,0.7784615384615384,0.9454545454545454,0.11320754716981132,0.8867924528301887
0001477983.png,bruit_aleatoire,fort,aucun,0.5483000539665407,0.7785467128027682,0.5631578947368421,0.4368421052631579
0001477983.png,bruit_aleatoire,fort,deskew_seul,0.5483000539665407,0.7785467128027682,0.5631578947368421,0.4368421052631579
0001477983.png,bruit_aleatoire,fort,denoise_seul,0.5067458175930922,0.698961937716263,0.7157894736842105,0.28421052631578947
0001477983.png,bruit_aleatoire,fort,contraste_seul,1.0,1.0,0.0,1.0
0001477983.png,bruit_aleatoire,fort,binarisation_seule,0.9023205612520238,0.9411764705882353,0.1,0.9
0001477983.png,bruit_aleatoire,fort,pipeline_complet,0.7134376686454398,0.8927335640138409,0.18947368421052632,0.8105263157894737
0060302201.png,bruit_aleatoire,fort,aucun,0.4295900178253119,0.8154761904761905,0.4083333333333333,0.5916666666666667
0060302201.png,bruit_aleatoire,fort,deskew_seul,0.4295900178253119,0.8154761904761905,0.4083333333333333,0.5916666666666667
0060302201.png,bruit_aleatoire,fort,denoise_seul,0.31907308377896615,0.6428571428571429,0.6166666666666667,0.3833333333333333
0060302201.png,bruit_aleatoire,fort,contraste_seul,1.0,1.0,0.0,1.0
0060302201.png,bruit_aleatoire,fort,binarisation_seule,0.9563279857397504,0.9940476190476191,0.008333333333333333,0.9916666666666667
0060302201.png,bruit_aleatoire,fort,pipeline_complet,1.0,1.0,0.0,1.0
0001239897.png,bruit_aleatoire,fort,aucun,0.8109137055837563,0.9473684210526315,0.0851063829787234,0.9148936170212766
0001239897.png,bruit_aleatoire,fort,deskew_seul,0.8109137055837563,0.9473684210526315,0.0851063829787234,0.9148936170212766
0001239897.png,bruit_aleatoire,fort,denoise_seul,0.7373096446700508,0.9323308270676691,0.10638297872340426,0.8936170212765957
0001239897.png,bruit_aleatoire,fort,contraste_seul,0.883248730964467,0.9774436090225563,0.031914893617021274,0.9680851063829787
0001239897.png,bruit_aleatoire,fort,binarisation_seule,0.8769035532994924,0.9774436090225563,0.031914893617021274,0.9680851063829787
0001239897.png,bruit_aleatoire,fort,pipeline_complet,0.983502538071066,1.0,0.0,1.0
01408099_01408101.png,bruit_aleatoire,fort,aucun,0.6087484811664642,0.9618320610687023,0.673469387755102,0.326530612244898
01408099_01408101.png,bruit_aleatoire,fort,deskew_seul,0.6196840826245443,0.916030534351145,0.6122448979591837,0.3877551020408163
01408099_01408101.png,bruit_aleatoire,fort,denoise_seul,0.5637910085054678,0.7862595419847328,0.6632653061224489,0.33673469387755106
01408099_01408101.png,bruit_aleatoire,fort,contraste_seul,1.0,1.0,0.0,1.0
01408099_01408101.png,bruit_aleatoire,fort,binarisation_seule,0.6366950182260024,0.8320610687022901,0.21428571428571427,0.7857142857142857
01408099_01408101.png,bruit_aleatoire,fort,pipeline_complet,0.7776427703523694,0.9465648854961832,0.14285714285714285,0.8571428571428572
81310636.png,bruit_aleatoire,fort,aucun,1.0,1.0,0.0,1.0
81310636.png,bruit_aleatoire,fort,deskew_seul,0.5,0.7671232876712328,0.5892857142857143,0.4107142857142857
81310636.png,bruit_aleatoire,fort,denoise_seul,0.5313807531380753,0.7123287671232876,0.625,0.375
81310636.png,bruit_aleatoire,fort,contraste_seul,1.0,1.0,0.0,1.0
81310636.png,bruit_aleatoire,fort,binarisation_seule,0.8619246861924686,1.0,0.0,1.0
81310636.png,bruit_aleatoire,fort,pipeline_complet,0.5481171548117155,0.8767123287671232,0.2857142857142857,0.7142857142857143
00851879.png,bruit_aleatoire,fort,aucun,0.7634902411021814,0.9712230215827338,0.7410714285714286,0.2589285714285714
00851879.png,bruit_aleatoire,fort,deskew_seul,0.7313432835820896,0.935251798561151,0.8125,0.1875
00851879.png,bruit_aleatoire,fort,denoise_seul,0.7256027554535017,0.8848920863309353,0.8125,0.1875
00851879.png,bruit_aleatoire,fort,contraste_seul,1.0,1.0,0.0,1.0
00851879.png,bruit_aleatoire,fort,binarisation_seule,0.7898966704936854,0.9280575539568345,0.10714285714285714,0.8928571428571429
00851879.png,bruit_aleatoire,fort,pipeline_complet,0.746268656716418,0.9640287769784173,0.5267857142857143,0.4732142857142857
00040534.png,bruit_aleatoire,fort,aucun,0.6208053691275168,0.7757009345794392,0.40229885057471265,0.5977011494252873
00040534.png,bruit_aleatoire,fort,deskew_seul,0.6417785234899329,0.7897196261682243,0.40804597701149425,0.5919540229885057
00040534.png,bruit_aleatoire,fort,denoise_seul,0.6526845637583892,0.822429906542056,0.39655172413793105,0.603448275862069
00040534.png,bruit_aleatoire,fort,contraste_seul,1.0,1.0,0.0,1.0
00040534.png,bruit_aleatoire,fort,binarisation_seule,0.9253355704697986,0.9719626168224299,0.040229885057471264,0.9597701149425287
00040534.png,bruit_aleatoire,fort,pipeline_complet,0.7248322147651006,0.9065420560747663,0.16666666666666666,0.8333333333333334
0060214859.png,bruit_aleatoire,fort,aucun,0.6657183499288762,0.8421052631578947,0.42857142857142855,0.5714285714285714
0060214859.png,bruit_aleatoire,fort,deskew_seul,0.6657183499288762,0.8421052631578947,0.42857142857142855,0.5714285714285714
0060214859.png,bruit_aleatoire,fort,denoise_seul,0.4295874822190612,0.706766917293233,0.47619047619047616,0.5238095238095238
0060214859.png,bruit_aleatoire,fort,contraste_seul,1.0,1.0,0.0,1.0
0060214859.png,bruit_aleatoire,fort,binarisation_seule,0.8307254623044097,0.9699248120300752,0.0380952380952381,0.9619047619047619
0060214859.png,bruit_aleatoire,fort,pipeline_complet,0.7581792318634424,0.9473684210526315,0.10476190476190476,0.8952380952380953
93329540.png,bruit_aleatoire,fort,aucun,0.7411575562700965,0.8695652173913043,0.21839080459770116,0.7816091954022988
93329540.png,bruit_aleatoire,fort,deskew_seul,0.5739549839228296,0.7739130434782608,0.6436781609195402,0.3563218390804598
93329540.png,bruit_aleatoire,fort,denoise_seul,0.5610932475884244,0.7913043478260869,0.6666666666666666,0.33333333333333337
93329540.png,bruit_aleatoire,fort,contraste_seul,0.9919614147909968,1.0,0.0,1.0
93329540.png,bruit_aleatoire,fort,binarisation_seule,0.8971061093247589,0.9826086956521739,0.034482758620689655,0.9655172413793104
93329540.png,bruit_aleatoire,fort,pipeline_complet,0.6430868167202572,0.8695652173913043,0.27586206896551724,0.7241379310344828
91856041_6049.png,bruit_aleatoire,fort,aucun,0.44285714285714284,0.7105263157894737,0.4307692307692308,0.5692307692307692
91856041_6049.png,bruit_aleatoire,fort,deskew_seul,0.44285714285714284,0.7105263157894737,0.4307692307692308,0.5692307692307692
91856041_6049.png,bruit_aleatoire,fort,denoise_seul,0.45102040816326533,0.7236842105263158,0.38461538461538464,0.6153846153846154
91856041_6049.png,bruit_aleatoire,fort,contraste_seul,1.0,1.0,0.0,1.0
91856041_6049.png,bruit_aleatoire,fort,binarisation_seule,1.0,1.0,0.0,1.0
91856041_6049.png,bruit_aleatoire,fort,pipeline_complet,0.8938775510204081,0.9210526315789473,0.09230769230769231,0.9076923076923077
81186212.png,bruit_aleatoire,fort,aucun,0.08857808857808858,0.20967741935483872,0.8771929824561403,0.1228070175438597
81186212.png,bruit_aleatoire,fort,deskew_seul,0.07226107226107226,0.11290322580645161,0.9122807017543859,0.08771929824561409
81186212.png,bruit_aleatoire,fort,denoise_seul,0.0675990675990676,0.0967741935483871,0.9122807017543859,0.08771929824561409
81186212.png,bruit_aleatoire,fort,contraste_seul,1.0,1.0,0.0,1.0
81186212.png,bruit_aleatoire,fort,binarisation_seule,1.0,1.0,0.0,1.0
81186212.png,bruit_aleatoire,fort,pipeline_complet,0.15384615384615385,0.3387096774193548,0.7192982456140351,0.2807017543859649
91104867.png,bruit_aleatoire,fort,aucun,1.047863247863248,1.5632183908045978,0.4266666666666667,0.5733333333333333
91104867.png,bruit_aleatoire,fort,deskew_seul,0.9811965811965812,1.471264367816092,0.36,0.64
91104867.png,bruit_aleatoire,fort,denoise_seul,0.9316239316239316,1.1724137931034482,0.52,0.48
91104867.png,bruit_aleatoire,fort,contraste_seul,0.9811965811965812,1.0,0.0,1.0
91104867.png,bruit_aleatoire,fort,binarisation_seule,0.8717948717948718,1.0,0.0,1.0
91104867.png,bruit_aleatoire,fort,pipeline_complet,0.9094017094017094,0.9770114942528736,0.02666666666666667,0.9733333333333334
00283813.png,bruit_aleatoire,fort,aucun,0.639921722113503,0.8484848484848485,0.5272727272727272,0.4727272727272728
00283813.png,bruit_aleatoire,fort,deskew_seul,0.7338551859099804,0.9393939393939394,0.6818181818181818,0.31818181818181823
00283813.png,bruit_aleatoire,fort,denoise_seul,0.7416829745596869,0.8606060606060606,0.7090909090909091,0.2909090909090909
00283813.png,bruit_aleatoire,fort,contraste_seul,1.0,1.0,0.0,1.0
00283813.png,bruit_aleatoire,fort,binarisation_seule,0.8992172211350293,0.9696969696969697,0.045454545454545456,0.9545454545454546
00283813.png,bruit_aleatoire,fort,pipeline_complet,0.764187866927593,0.9818181818181818,0.43636363636363634,0.5636363636363637
00851772_1780.png,bruit_aleatoire,fort,aucun,0.5241379310344828,0.7339449541284404,0.42391304347826086,0.5760869565217391
00851772_1780.png,bruit_aleatoire,fort,deskew_seul,0.48413793103448277,0.6422018348623854,0.45652173913043476,0.5434782608695652
00851772_1780.png,bruit_aleatoire,fort,denoise_seul,0.5393103448275862,0.7431192660550459,0.41304347826086957,0.5869565217391304
00851772_1780.png,bruit_aleatoire,fort,contraste_seul,1.0,1.0,0.0,1.0
00851772_1780.png,bruit_aleatoire,fort,binarisation_seule,0.9448275862068966,0.9908256880733946,0.010869565217391304,0.9891304347826086
00851772_1780.png,bruit_aleatoire,fort,pipeline_complet,0.7972413793103448,0.963302752293578,0.05434782608695652,0.9456521739130435
0013255595.png,bruit_aleatoire,fort,aucun,0.5670995670995671,0.8235294117647058,0.6176470588235294,0.38235294117647056
0013255595.png,bruit_aleatoire,fort,deskew_seul,0.5670995670995671,0.8235294117647058,0.6176470588235294,0.38235294117647056
0013255595.png,bruit_aleatoire,fort,denoise_seul,0.4199134199134199,0.5588235294117647,0.5882352941176471,0.4117647058823529
0013255595.png,bruit_aleatoire,fort,contraste_seul,1.0,1.0,0.0,1.0
0013255595.png,bruit_aleatoire,fort,binarisation_seule,0.7965367965367965,0.9705882352941176,0.029411764705882353,0.9705882352941176
0013255595.png,bruit_aleatoire,fort,pipeline_complet,0.48917748917748916,0.7941176470588235,0.2647058823529412,0.7352941176470589
00836244.png,rotation_legere,faible,aucun,0.6614583333333334,0.8342541436464088,0.2635135135135135,0.7364864864864865
00836244.png,rotation_legere,faible,deskew_seul,0.6895833333333333,0.8453038674033149,0.25,0.75
00836244.png,rotation_legere,faible,denoise_seul,0.6520833333333333,0.8232044198895028,0.28378378378378377,0.7162162162162162
00836244.png,rotation_legere,faible,contraste_seul,0.6822916666666666,0.8342541436464088,0.24324324324324326,0.7567567567567568
00836244.png,rotation_legere,faible,binarisation_seule,0.725,0.8839779005524862,0.16891891891891891,0.8310810810810811
00836244.png,rotation_legere,faible,pipeline_complet,0.8270833333333333,0.9116022099447514,0.10135135135135136,0.8986486486486487
92657391.png,rotation_legere,faible,aucun,0.6527777777777778,0.8091603053435115,0.41818181818181815,0.5818181818181818
92657391.png,rotation_legere,faible,deskew_seul,0.6527777777777778,0.8091603053435115,0.41818181818181815,0.5818181818181818
92657391.png,rotation_legere,faible,denoise_seul,0.39861111111111114,0.5648854961832062,0.6545454545454545,0.34545454545454546
92657391.png,rotation_legere,faible,contraste_seul,0.4722222222222222,0.6106870229007634,0.6454545454545455,0.3545454545454545
92657391.png,rotation_legere,faible,binarisation_seule,0.5902777777777778,0.8091603053435115,0.39090909090909093,0.6090909090909091
92657391.png,rotation_legere,faible,pipeline_complet,0.48194444444444445,0.6641221374045801,0.509090909090909,0.49090909090909096
92298125.png,rotation_legere,faible,aucun,0.3477157360406091,0.45,0.7217391304347827,0.27826086956521734
92298125.png,rotation_legere,faible,deskew_seul,0.36928934010152287,0.45714285714285713,0.6434782608695652,0.35652173913043483
92298125.png,rotation_legere,faible,denoise_seul,0.3604060913705584,0.4714285714285714,0.7043478260869566,0.29565217391304344
92298125.png,rotation_legere,faible,contraste_seul,0.2817258883248731,0.45,0.7304347826086957,0.26956521739130435
92298125.png,rotation_legere,faible,binarisation_seule,0.35279187817258884,0.5857142857142857,0.5739130434782609,0.4260869565217391
92298125.png,rotation_legere,faible,pipeline_complet,0.3743654822335025,0.6928571428571428,0.45217391304347826,0.5478260869565217
00851772_1780.png,rotation_legere,faible,aucun,0.6910344827586207,0.8807339449541285,0.21739130434782608,0.782608695652174
00851772_1780.png,rotation_legere,faible,deskew_seul,0.5186206896551724,0.6513761467889908,0.4891304347826087,0.5108695652173914
00851772_1780.png,rotation_legere,faible,denoise_seul,0.6565517241379311,0.908256880733945,0.2608695652173913,0.7391304347826086
00851772_1780.png,rotation_legere,faible,contraste_seul,0.496551724137931,0.6513761467889908,0.5434782608695652,0.4565217391304348
00851772_1780.png,rotation_legere,faible,binarisation_seule,0.5517241379310345,0.7431192660550459,0.33695652173913043,0.6630434782608696
00851772_1780.png,rotation_legere,faible,pipeline_complet,0.6041379310344828,0.7798165137614679,0.22826086956521738,0.7717391304347826
87672097.png,rotation_legere,faible,aucun,0.600925925925926,0.8009708737864077,0.3353658536585366,0.6646341463414633
87672097.png,rotation_legere,faible,deskew_seul,0.5981481481481481,0.7815533980582524,0.3719512195121951,0.6280487804878049
87672097.png,rotation_legere,faible,denoise_seul,0.6083333333333333,0.8009708737864077,0.34146341463414637,0.6585365853658536
87672097.png,rotation_legere,faible,contraste_seul,0.5953703703703703,0.8009708737864077,0.38414634146341464,0.6158536585365854
87672097.png,rotation_legere,faible,binarisation_seule,0.6787037037037037,0.8446601941747572,0.27439024390243905,0.725609756097561
87672097.png,rotation_legere,faible,pipeline_complet,0.6083333333333333,0.8106796116504854,0.25,0.75
81310636.png,rotation_legere,faible,aucun,0.42887029288702927,0.589041095890411,0.7321428571428571,0.2678571428571429
81310636.png,rotation_legere,faible,deskew_seul,0.4497907949790795,0.6164383561643836,0.7142857142857143,0.2857142857142857
81310636.png,rotation_legere,faible,denoise_seul,0.42887029288702927,0.589041095890411,0.6964285714285714,0.3035714285714286
81310636.png,rotation_legere,faible,contraste_seul,0.4393305439330544,0.6027397260273972,0.7142857142857143,0.2857142857142857
81310636.png,rotation_legere,faible,binarisation_seule,0.41841004184100417,0.6164383561643836,0.6428571428571429,0.3571428571428571
81310636.png,rotation_legere,faible,pipeline_complet,0.46234309623430964,0.7397260273972602,0.3392857142857143,0.6607142857142857
71341634.png,rotation_legere,faible,aucun,0.7946365561044461,0.9876543209876543,0.21359223300970873,0.7864077669902912
71341634.png,rotation_legere,faible,deskew_seul,0.7946365561044461,0.9835390946502057,0.1553398058252427,0.8446601941747574
71341634.png,rotation_legere,faible,denoise_seul,0.7755822159491884,0.9835390946502057,0.13592233009708737,0.8640776699029127
71341634.png,rotation_legere,faible,contraste_seul,0.784756527875794,0.9794238683127572,0.15048543689320387,0.8495145631067962
71341634.png,rotation_legere,faible,binarisation_seule,0.8066337332392378,0.9835390946502057,0.10679611650485436,0.8932038834951457
71341634.png,rotation_legere,faible,pipeline_complet,0.8941425546930134,0.9835390946502057,0.05339805825242718,0.9466019417475728
0060262650.png,rotation_legere,faible,aucun,0.5699481865284974,0.7377777777777778,0.5953757225433526,0.4046242774566474
0060262650.png,rotation_legere,faible,deskew_seul,0.5148963730569949,0.6711111111111111,0.653179190751445,0.34682080924855496
0060262650.png,rotation_legere,faible,denoise_seul,0.5343264248704663,0.6755555555555556,0.6242774566473989,0.37572254335260113
0060262650.png,rotation_legere,faible,contraste_seul,0.5155440414507773,0.68,0.5895953757225434,0.4104046242774566
0060262650.png,rotation_legere,faible,binarisation_seule,0.560880829015544,0.7644444444444445,0.5260115606936416,0.47398843930635837
0060262650.png,rotation_legere,faible,pipeline_complet,0.6003886010362695,0.8444444444444444,0.36416184971098264,0.6358381502890174
0013255595.png,rotation_legere,faible,aucun,0.45021645021645024,0.6176470588235294,0.5294117647058824,0.47058823529411764
0013255595.png,rotation_legere,faible,deskew_seul,0.45454545454545453,0.5882352941176471,0.5882352941176471,0.4117647058823529
0013255595.png,rotation_legere,faible,denoise_seul,0.45021645021645024,0.6176470588235294,0.5294117647058824,0.47058823529411764
0013255595.png,rotation_legere,faible,contraste_seul,0.46320346320346323,0.6176470588235294,0.5882352941176471,0.4117647058823529
0013255595.png,rotation_legere,faible,binarisation_seule,0.47619047619047616,0.6470588235294118,0.5,0.5
0013255595.png,rotation_legere,faible,pipeline_complet,0.5670995670995671,0.8823529411764706,0.4117647058823529,0.5882352941176471
91939637.png,rotation_legere,faible,aucun,0.4854586129753915,0.6390977443609023,0.7864077669902912,0.21359223300970875
91939637.png,rotation_legere,faible,deskew_seul,0.558165548098434,0.6992481203007519,0.8349514563106796,0.16504854368932043
91939637.png,rotation_legere,faible,denoise_seul,0.4966442953020134,0.6691729323308271,0.7184466019417476,0.2815533980582524
91939637.png,rotation_legere,faible,contraste_seul,0.5302013422818792,0.6842105263157895,0.7572815533980582,0.24271844660194175
91939637.png,rotation_legere,faible,binarisation_seule,0.49217002237136465,0.7443609022556391,0.6310679611650486,0.3689320388349514
91939637.png,rotation_legere,faible,pipeline_complet,0.6140939597315436,0.9022556390977443,0.3786407766990291,0.6213592233009708
91581919.png,rotation_legere,faible,aucun,0.2892561983471074,0.3821656050955414,0.8032786885245902,0.19672131147540983
91581919.png,rotation_legere,faible,deskew_seul,0.28512396694214875,0.3248407643312102,0.8442622950819673,0.15573770491803274
91581919.png,rotation_legere,faible,denoise_seul,0.2706611570247934,0.33121019108280253,0.8524590163934426,0.14754098360655743
91581919.png,rotation_legere,faible,contraste_seul,0.29855371900826444,0.35668789808917195,0.8032786885245902,0.19672131147540983
91581919.png,rotation_legere,faible,binarisation_seule,0.3130165289256198,0.42038216560509556,0.7540983606557377,0.24590163934426235
91581919.png,rotation_legere,faible,pipeline_complet,0.5485537190082644,0.7006369426751592,0.4016393442622951,0.5983606557377049
0011859695.png,rotation_legere,faible,aucun,0.4448574969021066,0.6640625,0.49557522123893805,0.504424778761062
0011859695.png,rotation_legere,faible,deskew_seul,0.4448574969021066,0.6640625,0.49557522123893805,0.504424778761062
0011859695.png,rotation_legere,faible,denoise_seul,0.44981412639405205,0.65625,0.504424778761062,0.49557522123893805
0011859695.png,rotation_legere,faible,contraste_seul,0.44609665427509293,0.6640625,0.45132743362831856,0.5486725663716814
0011859695.png,rotation_legere,faible,binarisation_seule,0.3915737298636927,0.671875,0.4424778761061947,0.5575221238938053
0011859695.png,rotation_legere,faible,pipeline_complet,0.7063197026022305,0.8828125,0.1592920353982301,0.8407079646017699
0001463448.png,rotation_legere,faible,aucun,0.21637426900584794,0.4793388429752066,0.8026315789473685,0.19736842105263153
0001463448.png,rotation_legere,faible,deskew_seul,0.2222222222222222,0.4214876033057851,0.7368421052631579,0.26315789473684215
0001463448.png,rotation_legere,faible,denoise_seul,0.2412280701754386,0.5206611570247934,0.8289473684210527,0.17105263157894735
0001463448.png,rotation_legere,faible,contraste_seul,0.18859649122807018,0.4297520661157025,0.8026315789473685,0.19736842105263153
0001463448.png,rotation_legere,faible,binarisation_seule,0.3757309941520468,0.7603305785123967,0.5657894736842105,0.4342105263157895
0001463448.png,rotation_legere,faible,pipeline_complet,0.4619883040935672,0.7520661157024794,0.40789473684210525,0.5921052631578947
0011976929.png,rotation_legere,faible,aucun,0.278372591006424,0.475,0.704225352112676,0.295774647887324
0011976929.png,rotation_legere,faible,deskew_seul,0.2398286937901499,0.4375,0.7464788732394366,0.2535211267605634
0011976929.png,rotation_legere,faible,denoise_seul,0.2740899357601713,0.475,0.7183098591549296,0.2816901408450704
0011976929.png,rotation_legere,faible,contraste_seul,0.2890792291220557,0.525,0.6619718309859155,0.3380281690140845
0011976929.png,rotation_legere,faible,binarisation_seule,0.25910064239828695,0.5375,0.6338028169014085,0.3661971830985915
0011976929.png,rotation_legere,faible,pipeline_complet,0.5610278372591007,0.8,0.352112676056338,0.647887323943662
0060000813.png,rotation_legere,faible,aucun,0.726628895184136,0.8,0.671875,0.328125
0060000813.png,rotation_legere,faible,deskew_seul,0.7237960339943342,0.7904761904761904,0.75,0.25
0060000813.png,rotation_legere,faible,denoise_seul,0.7322946175637394,0.8476190476190476,0.734375,0.265625
0060000813.png,rotation_legere,faible,contraste_seul,0.7209631728045326,0.7904761904761904,0.71875,0.28125
0060000813.png,rotation_legere,faible,binarisation_seule,0.7634560906515581,0.9333333333333333,0.640625,0.359375
0060000813.png,rotation_legere,faible,pipeline_complet,0.7365439093484419,0.9809523809523809,0.390625,0.609375
0060007216.png,rotation_legere,moyen,aucun,0.6984435797665369,0.9285714285714286,0.4520547945205479,0.547945205479452
0060007216.png,rotation_legere,moyen,deskew_seul,0.48638132295719844,0.5952380952380952,0.6986301369863014,0.3013698630136986
0060007216.png,rotation_legere,moyen,denoise_seul,0.7101167315175098,0.9523809523809523,0.4520547945205479,0.547945205479452
0060007216.png,rotation_legere,moyen,contraste_seul,0.7023346303501945,0.9047619047619048,0.4657534246575342,0.5342465753424658
0060007216.png,rotation_legere,moyen,binarisation_seule,0.7392996108949417,0.9523809523809523,0.3287671232876712,0.6712328767123288
0060007216.png,rotation_legere,moyen,pipeline_complet,0.688715953307393,0.9285714285714286,0.0958904109589041,0.904109589041096
87533049.png,rotation_legere,moyen,aucun,0.6140350877192983,0.9090909090909091,0.27956989247311825,0.7204301075268817
87533049.png,rotation_legere,moyen,deskew_seul,0.6092503987240829,0.8727272727272727,0.5053763440860215,0.4946236559139785
87533049.png,rotation_legere,moyen,denoise_seul,0.6012759170653907,0.8909090909090909,0.3225806451612903,0.6774193548387097
87533049.png,rotation_legere,moyen,contraste_seul,0.5741626794258373,0.8818181818181818,0.3225806451612903,0.6774193548387097
87533049.png,rotation_legere,moyen,binarisation_seule,0.5885167464114832,0.9454545454545454,0.16129032258064516,0.8387096774193549
87533049.png,rotation_legere,moyen,pipeline_complet,0.6730462519936204,0.9454545454545454,0.1827956989247312,0.8172043010752688
00040534.png,rotation_legere,moyen,aucun,0.6870805369127517,0.9158878504672897,0.3218390804597701,0.6781609195402298
00040534.png,rotation_legere,moyen,deskew_seul,0.6837248322147651,0.8878504672897196,0.40804597701149425,0.5919540229885057
00040534.png,rotation_legere,moyen,denoise_seul,0.636744966442953,0.8551401869158879,0.3448275862068966,0.6551724137931034
00040534.png,rotation_legere,moyen,contraste_seul,0.6593959731543624,0.8411214953271028,0.20689655172413793,0.7931034482758621
00040534.png,rotation_legere,moyen,binarisation_seule,0.8951342281879194,0.9766355140186916,0.04597701149425287,0.9540229885057472
00040534.png,rotation_legere,moyen,pipeline_complet,0.7760067114093959,0.9439252336448598,0.10919540229885058,0.8908045977011494
80707440_7443.png,rotation_legere,moyen,aucun,0.2932405566600398,0.39106145251396646,0.6573426573426573,0.3426573426573427
80707440_7443.png,rotation_legere,moyen,deskew_seul,0.24950298210735586,0.35195530726256985,0.6713286713286714,0.32867132867132864
80707440_7443.png,rotation_legere,moyen,denoise_seul,0.25646123260437376,0.33519553072625696,0.7062937062937062,0.29370629370629375
80707440_7443.png,rotation_legere,moyen,contraste_seul,0.2276341948310139,0.3407821229050279,0.7412587412587412,0.25874125874125875
80707440_7443.png,rotation_legere,moyen,binarisation_seule,0.26938369781312127,0.43575418994413406,0.6363636363636364,0.36363636363636365
80707440_7443.png,rotation_legere,moyen,pipeline_complet,0.6163021868787276,0.8603351955307262,0.23776223776223776,0.7622377622377623
80310840a.png,rotation_legere,moyen,aucun,0.42824943651389935,0.719047619047619,0.5333333333333333,0.4666666666666667
80310840a.png,rotation_legere,moyen,deskew_seul,0.4417731029301277,0.6619047619047619,0.4666666666666667,0.5333333333333333
80310840a.png,rotation_legere,moyen,denoise_seul,0.4425244177310293,0.7142857142857143,0.503030303030303,0.49696969696969695
80310840a.png,rotation_legere,moyen,contraste_seul,0.49586776859504134,0.7095238095238096,0.4909090909090909,0.509090909090909
80310840a.png,rotation_legere,moyen,binarisation_seule,0.5469571750563486,0.8,0.3939393939393939,0.6060606060606061
80310840a.png,rotation_legere,moyen,pipeline_complet,0.6145755071374907,0.8476190476190476,0.18181818181818182,0.8181818181818181
91315069_91315070.png,rotation_legere,moyen,aucun,0.3492407809110629,0.48148148148148145,0.7536231884057971,0.24637681159420288
91315069_91315070.png,rotation_legere,moyen,deskew_seul,0.5661605206073753,0.691358024691358,0.7681159420289855,0.23188405797101452
91315069_91315070.png,rotation_legere,moyen,denoise_seul,0.368763557483731,0.5061728395061729,0.6956521739130435,0.30434782608695654
91315069_91315070.png,rotation_legere,moyen,contraste_seul,0.34273318872017355,0.4567901234567901,0.7101449275362319,0.28985507246376807
91315069_91315070.png,rotation_legere,moyen,binarisation_seule,0.3774403470715835,0.6172839506172839,0.6086956521739131,0.3913043478260869
91315069_91315070.png,rotation_legere,moyen,pipeline_complet,0.45336225596529284,0.7283950617283951,0.36231884057971014,0.6376811594202898
92094746.png,rotation_legere,moyen,aucun,0.6334792122538293,0.8355263157894737,0.5166666666666667,0.4833333333333333
92094746.png,rotation_legere,moyen,deskew_seul,0.5809628008752735,0.7236842105263158,0.6083333333333333,0.3916666666666667
92094746.png,rotation_legere,moyen,denoise_seul,0.6411378555798687,0.8421052631578947,0.5333333333333333,0.4666666666666667
92094746.png,rotation_legere,moyen,contraste_seul,0.5678336980306345,0.8026315789473685,0.49166666666666664,0.5083333333333333
92094746.png,rotation_legere,moyen,binarisation_seule,0.6312910284463895,0.868421052631579,0.36666666666666664,0.6333333333333333
92094746.png,rotation_legere,moyen,pipeline_complet,0.6991247264770241,0.9144736842105263,0.3416666666666667,0.6583333333333333
00836816.png,rotation_legere,moyen,aucun,0.32035053554040893,0.46285714285714286,0.5384615384615384,0.46153846153846156
00836816.png,rotation_legere,moyen,deskew_seul,0.3349561830574489,0.4857142857142857,0.5384615384615384,0.46153846153846156
00836816.png,rotation_legere,moyen,denoise_seul,0.2882181110029211,0.4514285714285714,0.5307692307692308,0.46923076923076923
00836816.png,rotation_legere,moyen,contraste_seul,0.3008763388510224,0.4342857142857143,0.5461538461538461,0.4538461538461539
00836816.png,rotation_legere,moyen,binarisation_seule,0.3281402142161636,0.5771428571428572,0.4230769230769231,0.5769230769230769
00836816.png,rotation_legere,moyen,pipeline_complet,0.5686465433300877,0.7885714285714286,0.25384615384615383,0.7461538461538462
92586242.png,rotation_legere,moyen,aucun,0.468,0.7283950617283951,0.43478260869565216,0.5652173913043479
92586242.png,rotation_legere,moyen,deskew_seul,0.426,0.7654320987654321,0.4492753623188406,0.5507246376811594
92586242.png,rotation_legere,moyen,denoise_seul,0.474,0.7407407407407407,0.4057971014492754,0.5942028985507246
92586242.png,rotation_legere,moyen,contraste_seul,0.474,0.7530864197530864,0.42028985507246375,0.5797101449275363
92586242.png,rotation_legere,moyen,binarisation_seule,0.488,0.7654320987654321,0.2898550724637681,0.7101449275362319
92586242.png,rotation_legere,moyen,pipeline_complet,0.632,0.8765432098765432,0.17391304347826086,0.8260869565217391
0000990274.png,rotation_legere,moyen,aucun,0.45375722543352603,0.7045454545454546,0.44,0.56
0000990274.png,rotation_legere,moyen,deskew_seul,0.36416184971098264,0.5227272727272727,0.66,0.33999999999999997
0000990274.png,rotation_legere,moyen,denoise_seul,0.44653179190751446,0.6742424242424242,0.5,0.5
0000990274.png,rotation_legere,moyen,contraste_seul,0.48121387283236994,0.7121212121212122,0.39,0.61
0000990274.png,rotation_legere,moyen,binarisation_seule,0.638728323699422,0.9090909090909091,0.19,0.81
0000990274.png,rotation_legere,moyen,pipeline_complet,0.5433526011560693,0.7954545454545454,0.25,0.75
0012178355.png,rotation_legere,moyen,aucun,0.558601134215501,0.8079470198675497,0.6,0.4
0012178355.png,rotation_legere,moyen,deskew_seul,0.43950850661625707,0.6688741721854304,0.6181818181818182,0.38181818181818183
0012178355.png,rotation_legere,moyen,denoise_seul,0.6238185255198487,0.8211920529801324,0.6090909090909091,0.3909090909090909
0012178355.png,rotation_legere,moyen,contraste_seul,0.5671077504725898,0.7880794701986755,0.5909090909090909,0.40909090909090906
0012178355.png,rotation_legere,moyen,binarisation_seule,0.5708884688090737,0.847682119205298,0.43636363636363634,0.5636363636363637
0012178355.png,rotation_legere,moyen,pipeline_complet,0.720226843100189,0.9337748344370861,0.11818181818181818,0.8818181818181818
92298125.png,rotation_legere,moyen,aucun,0.6814720812182741,0.9071428571428571,0.20869565217391303,0.7913043478260869
92298125.png,rotation_legere,moyen,deskew_seul,0.315989847715736,0.4785714285714286,0.7043478260869566,0.29565217391304344
92298125.png,rotation_legere,moyen,denoise_seul,0.8197969543147208,0.9428571428571428,0.23478260869565218,0.7652173913043478
92298125.png,rotation_legere,moyen,contraste_seul,0.949238578680203,1.0,0.017391304347826087,0.9826086956521739
92298125.png,rotation_legere,moyen,binarisation_seule,0.8540609137055838,0.9285714285714286,0.06956521739130435,0.9304347826086956
92298125.png,rotation_legere,moyen,pipeline_complet,0.39213197969543145,0.6714285714285714,0.4782608695652174,0.5217391304347826
00851879.png,rotation_legere,moyen,aucun,0.7152698048220436,0.8992805755395683,0.75,0.25
00851879.png,rotation_legere,moyen,deskew_seul,0.7210103329506314,0.8992805755395683,0.8303571428571429,0.1696428571428571
00851879.png,rotation_legere,moyen,denoise_seul,0.7152698048220436,0.8920863309352518,0.7678571428571429,0.2321428571428571
00851879.png,rotation_legere,moyen,contraste_seul,0.722158438576349,0.935251798561151,0.7589285714285714,0.2410714285714286
00851879.png,rotation_legere,moyen,binarisation_seule,0.7497129735935706,0.9856115107913669,0.6785714285714286,0.3214285714285714
00851879.png,rotation_legere,moyen,pipeline_complet,0.7347876004592423,0.9568345323741008,0.5982142857142857,0.4017857142857143
660978.png,rotation_legere,moyen,aucun,0.5510534846029174,0.6792452830188679,0.6629213483146067,0.3370786516853933
660978.png,rotation_legere,moyen,deskew_seul,0.5753646677471637,0.6415094339622641,0.6853932584269663,0.3146067415730337
660978.png,rotation_legere,moyen,denoise_seul,0.526742301458671,0.5754716981132075,0.7078651685393258,0.2921348314606742
660978.png,rotation_legere,moyen,contraste_seul,0.520259319286872,0.5943396226415094,0.651685393258427,0.348314606741573
660978.png,rotation_legere,moyen,binarisation_seule,0.5332252836304701,0.660377358490566,0.6404494382022472,0.3595505617977528
660978.png,rotation_legere,moyen,pipeline_complet,0.5883306320907618,0.7735849056603774,0.38202247191011235,0.6179775280898876
0011976929.png,rotation_legere,moyen,aucun,0.23554603854389722,0.4125,0.7464788732394366,0.2535211267605634
0011976929.png,rotation_legere,moyen,deskew_seul,0.3854389721627409,0.5,0.7183098591549296,0.2816901408450704
0011976929.png,rotation_legere,moyen,denoise_seul,0.2334047109207709,0.4,0.7605633802816901,0.23943661971830987
0011976929.png,rotation_legere,moyen,contraste_seul,0.4282655246252677,0.5375,0.7605633802816901,0.23943661971830987
0011976929.png,rotation_legere,moyen,binarisation_seule,0.284796573875803,0.6125,0.647887323943662,0.352112676056338
0011976929.png,rotation_legere,moyen,pipeline_complet,0.37259100642398285,0.7,0.4225352112676056,0.5774647887323944
01073843.png,rotation_legere,fort,aucun,0.7895734597156399,0.9239766081871345,0.3581081081081081,0.6418918918918919
01073843.png,rotation_legere,fort,deskew_seul,0.7943127962085308,0.935672514619883,0.3581081081081081,0.6418918918918919
01073843.png,rotation_legere,fort,denoise_seul,0.7658767772511849,0.9181286549707602,0.30405405405405406,0.6959459459459459
01073843.png,rotation_legere,fort,contraste_seul,0.7895734597156399,0.935672514619883,0.31756756756756754,0.6824324324324325
01073843.png,rotation_legere,fort,binarisation_seule,0.8009478672985783,0.935672514619883,0.2702702702702703,0.7297297297297297
01073843.png,rotation_legere,fort,pipeline_complet,0.8701421800947867,0.9649122807017544,0.08108108108108109,0.9189189189189189
88057519.png,rotation_legere,fort,aucun,1.0,1.0,0.0,1.0
88057519.png,rotation_legere,fort,deskew_seul,0.8481012658227848,0.972972972972973,0.029411764705882353,0.9705882352941176
88057519.png,rotation_legere,fort,denoise_seul,1.0,1.0,0.0,1.0
88057519.png,rotation_legere,fort,contraste_seul,1.0,1.0,0.0,1.0
88057519.png,rotation_legere,fort,binarisation_seule,1.0,1.0,0.0,1.0
88057519.png,rotation_legere,fort,pipeline_complet,0.7257383966244726,0.8918918918918919,0.11764705882352941,0.8823529411764706
0060007216.png,rotation_legere,fort,aucun,0.6848249027237354,0.8333333333333334,0.6575342465753424,0.34246575342465757
0060007216.png,rotation_legere,fort,deskew_seul,0.6517509727626459,0.7261904761904762,0.6575342465753424,0.34246575342465757
0060007216.png,rotation_legere,fort,denoise_seul,0.6906614785992218,0.8333333333333334,0.6438356164383562,0.3561643835616438
0060007216.png,rotation_legere,fort,contraste_seul,0.6926070038910506,0.8333333333333334,0.6301369863013698,0.36986301369863017
0060007216.png,rotation_legere,fort,binarisation_seule,0.7159533073929961,0.9523809523809523,0.3835616438356164,0.6164383561643836
0060007216.png,rotation_legere,fort,pipeline_complet,0.7198443579766537,0.9047619047619048,0.0958904109589041,0.904109589041096
89867723.png,rotation_legere,fort,aucun,0.923138510808647,1.0,0.006211180124223602,0.9937888198757764
89867723.png,rotation_legere,fort,deskew_seul,0.4467574059247398,0.6487804878048781,0.5714285714285714,0.4285714285714286
89867723.png,rotation_legere,fort,denoise_seul,0.9343474779823859,0.9707317073170731,0.037267080745341616,0.9627329192546584
89867723.png,rotation_legere,fort,contraste_seul,0.8951160928742994,0.975609756097561,0.062111801242236024,0.937888198757764
89867723.png,rotation_legere,fort,binarisation_seule,0.6821457165732586,0.8975609756097561,0.16149068322981366,0.8385093167701864
89867723.png,rotation_legere,fort,pipeline_complet,0.5388310648518815,0.9512195121951219,0.20496894409937888,0.7950310559006211
0000971160.png,rotation_legere,fort,aucun,0.3106694560669456,0.7310344827586207,0.3793103448275862,0.6206896551724138
0000971160.png,rotation_legere,fort,deskew_seul,0.17573221757322174,0.41379310344827586,0.6896551724137931,0.31034482758620685
0000971160.png,rotation_legere,fort,denoise_seul,0.35355648535564854,0.7379310344827587,0.3793103448275862,0.6206896551724138
0000971160.png,rotation_legere,fort,contraste_seul,0.3786610878661088,0.7310344827586207,0.3275862068965517,0.6724137931034483
0000971160.png,rotation_legere,fort,binarisation_seule,0.5617154811715481,0.8827586206896552,0.28448275862068967,0.7155172413793103
0000971160.png,rotation_legere,fort,pipeline_complet,0.5376569037656904,0.8413793103448276,0.2413793103448276,0.7586206896551724
00851772_1780.png,rotation_legere,fort,aucun,0.5186206896551724,0.6972477064220184,0.4782608695652174,0.5217391304347826
00851772_1780.png,rotation_legere,fort,deskew_seul,0.5117241379310344,0.6697247706422018,0.5108695652173914,0.48913043478260865
00851772_1780.png,rotation_legere,fort,denoise_seul,0.5158620689655172,0.6972477064220184,0.4891304347826087,0.5108695652173914
00851772_1780.png,rotation_legere,fort,contraste_seul,0.503448275862069,0.6697247706422018,0.4891304347826087,0.5108695652173914
00851772_1780.png,rotation_legere,fort,binarisation_seule,0.5282758620689655,0.7431192660550459,0.32608695652173914,0.6739130434782609
00851772_1780.png,rotation_legere,fort,pipeline_complet,0.6151724137931035,0.8256880733944955,0.22826086956521738,0.7717391304347826
91903177.png,rotation_legere,fort,aucun,0.4623287671232877,0.7264150943396226,0.49333333333333335,0.5066666666666666
91903177.png,rotation_legere,fort,deskew_seul,0.4606164383561644,0.7075471698113207,0.56,0.43999999999999995
91903177.png,rotation_legere,fort,denoise_seul,0.3835616438356164,0.6509433962264151,0.6133333333333333,0.3866666666666667
91903177.png,rotation_legere,fort,contraste_seul,0.4023972602739726,0.7358490566037735,0.5066666666666667,0.4933333333333333
91903177.png,rotation_legere,fort,binarisation_seule,0.5667808219178082,0.8679245283018868,0.32,0.6799999999999999
91903177.png,rotation_legere,fort,pipeline_complet,0.5633561643835616,0.8773584905660378,0.25333333333333335,0.7466666666666666
0060068489.png,rotation_legere,fort,aucun,0.5068493150684932,0.56,0.7015706806282722,0.2984293193717278
0060068489.png,rotation_legere,fort,deskew_seul,0.5636986301369863,0.6444444444444445,0.6596858638743456,0.3403141361256544
0060068489.png,rotation_legere,fort,denoise_seul,0.5267123287671233,0.5955555555555555,0.6963350785340314,0.3036649214659686
0060068489.png,rotation_legere,fort,contraste_seul,0.5294520547945205,0.5955555555555555,0.643979057591623,0.356020942408377
0060068489.png,rotation_legere,fort,binarisation_seule,0.5349315068493151,0.6711111111111111,0.5392670157068062,0.46073298429319376
0060068489.png,rotation_legere,fort,pipeline_complet,0.6212328767123287,0.8,0.39267015706806285,0.6073298429319371
91914407.png,rotation_legere,fort,aucun,0.314873417721519,0.47706422018348627,0.6966292134831461,0.3033707865168539
91914407.png,rotation_legere,fort,deskew_seul,0.3338607594936709,0.48623853211009177,0.6853932584269663,0.3146067415730337
91914407.png,rotation_legere,fort,denoise_seul,0.314873417721519,0.46788990825688076,0.7078651685393258,0.2921348314606742
91914407.png,rotation_legere,fort,contraste_seul,0.3623417721518987,0.5321100917431193,0.6853932584269663,0.3146067415730337
91914407.png,rotation_legere,fort,binarisation_seule,0.370253164556962,0.5779816513761468,0.6067415730337079,0.3932584269662921
91914407.png,rotation_legere,fort,pipeline_complet,0.5332278481012658,0.6788990825688074,0.449438202247191,0.550561797752809
0011974919.png,rotation_legere,fort,aucun,0.9305177111716622,0.9814814814814815,0.019801980198019802,0.9801980198019802
0011974919.png,rotation_legere,fort,deskew_seul,0.44141689373297005,0.6481481481481481,0.6831683168316832,0.3168316831683168
0011974919.png,rotation_legere,fort,denoise_seul,0.9291553133514986,0.9814814814814815,0.019801980198019802,0.9801980198019802
0011974919.png,rotation_legere,fort,contraste_seul,1.0,1.0,0.0,1.0
0011974919.png,rotation_legere,fort,binarisation_seule,1.0,1.0,0.0,1.0
0011974919.png,rotation_legere,fort,pipeline_complet,0.5367847411444142,0.8148148148148148,0.3564356435643564,0.6435643564356436
01122115.png,rotation_legere,fort,aucun,0.6984705025491624,0.8723404255319149,0.453125,0.546875
01122115.png,rotation_legere,fort,deskew_seul,0.7225054624908959,0.851063829787234,0.609375,0.390625
01122115.png,rotation_legere,fort,denoise_seul,0.5302257829570284,0.7553191489361702,0.4739583333333333,0.5260416666666667
01122115.png,rotation_legere,fort,contraste_seul,0.6948288419519301,0.8581560283687943,0.4427083333333333,0.5572916666666667
01122115.png,rotation_legere,fort,binarisation_seule,0.6955571740713765,0.8687943262411347,0.3489583333333333,0.6510416666666667
01122115.png,rotation_legere,fort,pipeline_complet,0.718135469774217,0.9148936170212766,0.5364583333333334,0.46354166666666663
0060136394.png,rotation_legere,fort,aucun,1.0,1.0,0.0,1.0
0060136394.png,rotation_legere,fort,deskew_seul,0.7001795332136446,0.9294117647058824,0.38666666666666666,0.6133333333333333
0060136394.png,rotation_legere,fort,denoise_seul,0.8635547576301615,0.9529411764705882,0.05333333333333334,0.9466666666666667
0060136394.png,rotation_legere,fort,contraste_seul,0.9784560143626571,1.0,0.0,1.0
0060136394.png,rotation_legere,fort,binarisation_seule,0.9587073608617595,1.0,0.0,1.0
0060136394.png,rotation_legere,fort,pipeline_complet,0.755834829443447,0.8941176470588236,0.12,0.88
0060000813.png,rotation_legere,fort,aucun,0.8640226628895185,0.9904761904761905,0.015625,0.984375
0060000813.png,rotation_legere,fort,deskew_seul,0.7181303116147308,0.780952380952381,0.75,0.25
0060000813.png,rotation_legere,fort,denoise_seul,0.8626062322946175,0.9904761904761905,0.015625,0.984375
0060000813.png,rotation_legere,fort,contraste_seul,0.8016997167138811,0.9904761904761905,0.015625,0.984375
0060000813.png,rotation_legere,fort,binarisation_seule,1.0,1.0,0.0,1.0
0060000813.png,rotation_legere,fort,pipeline_complet,0.7549575070821529,0.9904761904761905,0.40625,0.59375
71601299.png,rotation_legere,fort,aucun,0.5370879120879121,0.7701612903225806,0.35064935064935066,0.6493506493506493
71601299.png,rotation_legere,fort,deskew_seul,0.25274725274725274,0.5201612903225806,0.6103896103896104,0.38961038961038963
71601299.png,rotation_legere,fort,denoise_seul,0.6167582417582418,0.7983870967741935,0.2987012987012987,0.7012987012987013
71601299.png,rotation_legere,fort,contraste_seul,0.6353021978021978,0.8225806451612904,0.2857142857142857,0.7142857142857143
71601299.png,rotation_legere,fort,binarisation_seule,0.7383241758241759,0.907258064516129,0.17532467532467533,0.8246753246753247
71601299.png,rotation_legere,fort,pipeline_complet,0.595467032967033,0.8104838709677419,0.2597402597402597,0.7402597402597403
0060024314.png,rotation_legere,fort,aucun,0.4330708661417323,0.6698113207547169,0.550561797752809,0.449438202247191
0060024314.png,rotation_legere,fort,deskew_seul,0.3989501312335958,0.6320754716981132,0.6629213483146067,0.3370786516853933
0060024314.png,rotation_legere,fort,denoise_seul,0.4356955380577428,0.6698113207547169,0.5056179775280899,0.4943820224719101
0060024314.png,rotation_legere,fort,contraste_seul,0.494750656167979,0.7547169811320755,0.43820224719101125,0.5617977528089888
0060024314.png,rotation_legere,fort,binarisation_seule,0.589238845144357,0.8207547169811321,0.2696629213483146,0.7303370786516854
0060024314.png,rotation_legere,fort,pipeline_complet,0.4816272965879265,0.839622641509434,0.30337078651685395,0.696629213483146
92314414.png,faible_contraste,faible,aucun,0.22792022792022792,0.3333333333333333,0.8235294117647058,0.17647058823529416
92314414.png,faible_contraste,faible,deskew_seul,0.25925925925925924,0.4083333333333333,0.7647058823529411,0.23529411764705888
92314414.png,faible_contraste,faible,denoise_seul,0.23219373219373218,0.32916666666666666,0.8294117647058824,0.1705882352941176
92314414.png,faible_contraste,faible,contraste_seul,0.23076923076923078,0.3375,0.8294117647058824,0.1705882352941176
92314414.png,faible_contraste,faible,binarisation_seule,0.23219373219373218,0.3375,0.7823529411764706,0.21764705882352942
92314414.png,faible_contraste,faible,pipeline_complet,0.28917378917378916,0.5041666666666667,0.611764705882353,0.388235294117647
92094746.png,faible_contraste,faible,aucun,0.5459518599562363,0.7105263157894737,0.6166666666666667,0.3833333333333333
92094746.png,faible_contraste,faible,deskew_seul,0.5842450765864332,0.7631578947368421,0.5916666666666667,0.4083333333333333
92094746.png,faible_contraste,faible,denoise_seul,0.5601750547045952,0.6973684210526315,0.6,0.4
92094746.png,faible_contraste,faible,contraste_seul,0.5579868708971554,0.7105263157894737,0.6083333333333333,0.3916666666666667
92094746.png,faible_contraste,faible,binarisation_seule,0.6039387308533917,0.7763157894736842,0.5083333333333333,0.4916666666666667
92094746.png,faible_contraste,faible,pipeline_complet,0.7439824945295405,0.9276315789473685,0.2,0.8
0000971160.png,faible_contraste,faible,aucun,0.15690376569037656,0.35172413793103446,0.7413793103448276,0.2586206896551724
0000971160.png,faible_contraste,faible,deskew_seul,0.15690376569037656,0.35172413793103446,0.7413793103448276,0.2586206896551724
0000971160.png,faible_contraste,faible,denoise_seul,0.1589958158995816,0.3586206896551724,0.7413793103448276,0.2586206896551724
0000971160.png,faible_contraste,faible,contraste_seul,0.16422594142259414,0.3724137931034483,0.7155172413793104,0.2844827586206896
0000971160.png,faible_contraste,faible,binarisation_seule,0.18828451882845187,0.47586206896551725,0.6120689655172413,0.3879310344827587
0000971160.png,faible_contraste,faible,pipeline_complet,0.9916317991631799,1.0,0.0,1.0
11875011.png,faible_contraste,faible,aucun,0.1815856777493606,0.24293785310734464,0.8869565217391304,0.11304347826086958
11875011.png,faible_contraste,faible,deskew_seul,0.18073316283034954,0.2711864406779661,0.8869565217391304,0.11304347826086958
11875011.png,faible_contraste,faible,denoise_seul,0.1824381926683717,0.2542372881355932,0.8608695652173913,0.13913043478260867
11875011.png,faible_contraste,faible,contraste_seul,0.1824381926683717,0.24293785310734464,0.8869565217391304,0.11304347826086958
11875011.png,faible_contraste,faible,binarisation_seule,0.1977834612105712,0.3220338983050847,0.8173913043478261,0.18260869565217386
11875011.png,faible_contraste,faible,pipeline_complet,0.5157715260017051,0.6892655367231638,0.4608695652173913,0.5391304347826087
91391310.png,faible_contraste,faible,aucun,0.6178343949044586,0.6818181818181818,0.7088607594936709,0.2911392405063291
91391310.png,faible_contraste,faible,deskew_seul,0.5031847133757962,0.7840909090909091,0.5949367088607594,0.40506329113924056
91391310.png,faible_contraste,faible,denoise_seul,0.6146496815286624,0.6818181818181818,0.6962025316455697,0.30379746835443033
91391310.png,faible_contraste,faible,contraste_seul,0.6130573248407644,0.6931818181818182,0.6835443037974683,0.31645569620253167
91391310.png,faible_contraste,faible,binarisation_seule,0.6242038216560509,0.7727272727272727,0.6582278481012658,0.3417721518987342
91391310.png,faible_contraste,faible,pipeline_complet,0.4840764331210191,0.8636363636363636,0.3924050632911392,0.6075949367088608
0001118259.png,faible_contraste,faible,aucun,0.5062761506276151,0.7555555555555555,0.3,0.7
0001118259.png,faible_contraste,faible,deskew_seul,0.5502092050209205,0.7555555555555555,0.31666666666666665,0.6833333333333333
0001118259.png,faible_contraste,faible,denoise_seul,0.5355648535564853,0.7666666666666667,0.3333333333333333,0.6666666666666667
0001118259.png,faible_contraste,faible,contraste_seul,0.6694560669456067,0.8555555555555555,0.2833333333333333,0.7166666666666667
0001118259.png,faible_contraste,faible,binarisation_seule,0.6297071129707112,0.8555555555555555,0.3,0.7
0001118259.png,faible_contraste,faible,pipeline_complet,0.5292887029288703,0.8111111111111111,0.4166666666666667,0.5833333333333333
0011976929.png,faible_contraste,faible,aucun,0.2334047109207709,0.4125,0.7183098591549296,0.2816901408450704
0011976929.png,faible_contraste,faible,deskew_seul,0.38329764453961457,0.475,0.7323943661971831,0.2676056338028169
0011976929.png,faible_contraste,faible,denoise_seul,0.2334047109207709,0.4125,0.7323943661971831,0.2676056338028169
0011976929.png,faible_contraste,faible,contraste_seul,0.2334047109207709,0.4,0.7323943661971831,0.2676056338028169
0011976929.png,faible_contraste,faible,binarisation_seule,0.26552462526766596,0.5125,0.6197183098591549,0.3802816901408451
0011976929.png,faible_contraste,faible,pipeline_complet,0.4004282655246253,0.7375,0.323943661971831,0.676056338028169
71341634.png,faible_contraste,faible,aucun,0.7904022582921666,0.9876543209876543,0.1941747572815534,0.8058252427184466
71341634.png,faible_contraste,faible,deskew_seul,0.7875793930839803,0.9876543209876543,0.0825242718446602,0.9174757281553398
71341634.png,faible_contraste,faible,denoise_seul,0.8002822865208187,0.9876543209876543,0.21844660194174756,0.7815533980582524
71341634.png,faible_contraste,faible,contraste_seul,0.8002822865208187,0.9876543209876543,0.23300970873786409,0.7669902912621359
71341634.png,faible_contraste,faible,binarisation_seule,0.7791107974594214,0.9876543209876543,0.16019417475728157,0.8398058252427184
71341634.png,faible_contraste,faible,pipeline_complet,0.8299223712067749,0.9876543209876543,0.08737864077669903,0.912621359223301
01191071_1072.png,faible_contraste,faible,aucun,0.47229551451187335,0.6,0.7368421052631579,0.26315789473684215
01191071_1072.png,faible_contraste,faible,deskew_seul,0.48548812664907653,0.6,0.6842105263157895,0.3157894736842105
01191071_1072.png,faible_contraste,faible,denoise_seul,0.48548812664907653,0.5833333333333334,0.7017543859649122,0.29824561403508776
01191071_1072.png,faible_contraste,faible,contraste_seul,0.48284960422163586,0.6,0.7017543859649122,0.29824561403508776
01191071_1072.png,faible_contraste,faible,binarisation_seule,0.503957783641161,0.6666666666666666,0.5789473684210527,0.42105263157894735
01191071_1072.png,faible_contraste,faible,pipeline_complet,0.5646437994722955,0.7166666666666667,0.45614035087719296,0.543859649122807
0071032790.png,faible_contraste,faible,aucun,0.4560327198364008,0.5822784810126582,0.7846153846153846,0.2153846153846154
0071032790.png,faible_contraste,faible,deskew_seul,0.4560327198364008,0.5822784810126582,0.7846153846153846,0.2153846153846154
0071032790.png,faible_contraste,faible,denoise_seul,0.45807770961145194,0.5822784810126582,0.7692307692307693,0.23076923076923073
0071032790.png,faible_contraste,faible,contraste_seul,0.4867075664621677,0.6075949367088608,0.7538461538461538,0.24615384615384617
0071032790.png,faible_contraste,faible,binarisation_seule,0.4396728016359918,0.620253164556962,0.7076923076923077,0.29230769230769227
0071032790.png,faible_contraste,faible,pipeline_complet,0.5746421267893661,0.7341772151898734,0.3230769230769231,0.676923076923077
0001477983.png,faible_contraste,faible,aucun,0.5105234754452239,0.6747404844290658,0.6842105263157895,0.3157894736842105
0001477983.png,faible_contraste,faible,deskew_seul,0.5105234754452239,0.6747404844290658,0.6842105263157895,0.3157894736842105
0001477983.png,faible_contraste,faible,denoise_seul,0.5110631408526713,0.6678200692041523,0.6842105263157895,0.3157894736842105
0001477983.png,faible_contraste,faible,contraste_seul,0.5169994603345925,0.6539792387543253,0.7157894736842105,0.28421052631578947
0001477983.png,faible_contraste,faible,binarisation_seule,0.5072854830005397,0.7093425605536332,0.5789473684210527,0.42105263157894735
0001477983.png,faible_contraste,faible,pipeline_complet,0.7145169994603346,0.8546712802768166,0.24210526315789474,0.7578947368421053
93329540.png,faible_contraste,faible,aucun,0.44212218649517687,0.6695652173913044,0.7931034482758621,0.2068965517241379
93329540.png,faible_contraste,faible,deskew_seul,0.3070739549839228,0.41739130434782606,0.6896551724137931,0.31034482758620685
93329540.png,faible_contraste,faible,denoise_seul,0.3971061093247588,0.5826086956521739,0.7471264367816092,0.25287356321839083
93329540.png,faible_contraste,faible,contraste_seul,0.5803858520900321,0.782608695652174,0.7586206896551724,0.24137931034482762
93329540.png,faible_contraste,faible,binarisation_seule,0.5691318327974276,0.8,0.5977011494252874,0.4022988505747126
93329540.png,faible_contraste,faible,pipeline_complet,0.6430868167202572,0.8695652173913043,0.40229885057471265,0.5977011494252873
0011838621.png,faible_contraste,faible,aucun,0.633761105626851,0.7926829268292683,0.5447154471544715,0.4552845528455285
0011838621.png,faible_contraste,faible,deskew_seul,0.6623889437314906,0.774390243902439,0.4959349593495935,0.5040650406504066
0011838621.png,faible_contraste,faible,denoise_seul,0.6594274432379073,0.7621951219512195,0.4959349593495935,0.5040650406504066
0011838621.png,faible_contraste,faible,contraste_seul,0.629812438302073,0.7378048780487805,0.5609756097560976,0.4390243902439024
0011838621.png,faible_contraste,faible,binarisation_seule,0.6525172754195459,0.8597560975609756,0.4959349593495935,0.5040650406504066
0011838621.png,faible_contraste,faible,pipeline_complet,0.6959526159921027,0.9024390243902439,0.21951219512195122,0.7804878048780488
0011845203.png,faible_contraste,faible,aucun,0.6903096903096904,0.8242424242424242,0.717948717948718,0.28205128205128205
0011845203.png,faible_contraste,faible,deskew_seul,0.6963036963036963,0.8424242424242424,0.7264957264957265,0.27350427350427353
0011845203.png,faible_contraste,faible,denoise_seul,0.6923076923076923,0.8303030303030303,0.717948717948718,0.28205128205128205
0011845203.png,faible_contraste,faible,contraste_seul,0.6883116883116883,0.806060606060606,0.7521367521367521,0.24786324786324787
0011845203.png,faible_contraste,faible,binarisation_seule,0.6913086913086913,0.8424242424242424,0.6752136752136753,0.32478632478632474
0011845203.png,faible_contraste,faible,pipeline_complet,0.7162837162837162,0.9212121212121213,0.3418803418803419,0.6581196581196581
91391286.png,faible_contraste,faible,aucun,0.45933734939759036,0.7575757575757576,0.6404494382022472,0.3595505617977528
91391286.png,faible_contraste,faible,deskew_seul,0.7168674698795181,0.8787878787878788,0.6179775280898876,0.3820224719101124
91391286.png,faible_contraste,faible,denoise_seul,0.713855421686747,0.8585858585858586,0.651685393258427,0.348314606741573
91391286.png,faible_contraste,faible,contraste_seul,0.677710843373494,0.8585858585858586,0.6292134831460674,0.3707865168539326
91391286.png,faible_contraste,faible,binarisation_seule,0.6385542168674698,0.8787878787878788,0.5280898876404494,0.4719101123595506
91391286.png,faible_contraste,faible,pipeline_complet,0.4819277108433735,0.7272727272727273,0.4157303370786517,0.5842696629213483
00070353.png,faible_contraste,moyen,aucun,0.2729528535980149,0.4523809523809524,0.6355140186915887,0.36448598130841126
00070353.png,faible_contraste,moyen,deskew_seul,0.609181141439206,0.7222222222222222,0.3925233644859813,0.6074766355140186
00070353.png,faible_contraste,moyen,denoise_seul,0.27543424317617865,0.42063492063492064,0.6542056074766355,0.3457943925233645
00070353.png,faible_contraste,moyen,contraste_seul,0.2617866004962779,0.3968253968253968,0.6635514018691588,0.33644859813084116
00070353.png,faible_contraste,moyen,binarisation_seule,0.3076923076923077,0.5158730158730159,0.5700934579439252,0.4299065420560748
00070353.png,faible_contraste,moyen,pipeline_complet,0.6352357320099256,0.8412698412698413,0.2523364485981308,0.7476635514018692
92094751.png,faible_contraste,moyen,aucun,0.4728213977566868,0.6082474226804123,0.6283783783783784,0.3716216216216216
92094751.png,faible_contraste,moyen,deskew_seul,0.5116479723899914,0.6907216494845361,0.581081081081081,0.41891891891891897
92094751.png,faible_contraste,moyen,denoise_seul,0.4823123382226057,0.6134020618556701,0.6216216216216216,0.3783783783783784
92094751.png,faible_contraste,moyen,contraste_seul,0.47799827437446074,0.6134020618556701,0.6148648648648649,0.3851351351351351
92094751.png,faible_contraste,moyen,binarisation_seule,0.5591026747195859,0.7268041237113402,0.4864864864864865,0.5135135135135135
92094751.png,faible_contraste,moyen,pipeline_complet,0.6729939603106126,0.8814432989690721,0.23648648648648649,0.7635135135135135
0012529295.png,faible_contraste,moyen,aucun,0.6222845129642607,0.8346456692913385,0.5294117647058824,0.47058823529411764
0012529295.png,faible_contraste,moyen,deskew_seul,0.6517168885774351,0.8307086614173228,0.5347593582887701,0.4652406417112299
0012529295.png,faible_contraste,moyen,denoise_seul,0.6362999299229152,0.8228346456692913,0.5133689839572193,0.4866310160427807
0012529295.png,faible_contraste,moyen,contraste_seul,0.6454099509460406,0.8385826771653543,0.5240641711229946,0.47593582887700536
0012529295.png,faible_contraste,moyen,binarisation_seule,0.6692361597757533,0.8661417322834646,0.4385026737967914,0.5614973262032086
0012529295.png,faible_contraste,moyen,pipeline_complet,0.7098808689558515,0.937007874015748,0.1711229946524064,0.8288770053475936
91356315.png,faible_contraste,moyen,aucun,0.6548821548821548,0.82,0.2972972972972973,0.7027027027027026
91356315.png,faible_contraste,moyen,deskew_seul,0.7205387205387206,0.88,0.20270270270270271,0.7972972972972973
91356315.png,faible_contraste,moyen,denoise_seul,1.0,1.0,0.0,1.0
91356315.png,faible_contraste,moyen,contraste_seul,0.6801346801346801,0.82,0.28378378378378377,0.7162162162162162
91356315.png,faible_contraste,moyen,binarisation_seule,0.7070707070707071,0.86,0.22972972972972974,0.7702702702702703
91356315.png,faible_contraste,moyen,pipeline_complet,0.7037037037037037,0.89,0.13513513513513514,0.8648648648648649
92433599_92433601.png,faible_contraste,moyen,aucun,0.28492849284928495,0.4154929577464789,0.7049180327868853,0.29508196721311475
92433599_92433601.png,faible_contraste,moyen,deskew_seul,0.36303630363036304,0.5422535211267606,0.5655737704918032,0.43442622950819676
92433599_92433601.png,faible_contraste,moyen,denoise_seul,0.2794279427942794,0.4154929577464789,0.7213114754098361,0.2786885245901639
92433599_92433601.png,faible_contraste,moyen,contraste_seul,0.2871287128712871,0.4295774647887324,0.6967213114754098,0.30327868852459017
92433599_92433601.png,faible_contraste,moyen,binarisation_seule,0.29042904290429045,0.49295774647887325,0.6229508196721312,0.3770491803278688
92433599_92433601.png,faible_contraste,moyen,pipeline_complet,0.43564356435643564,0.7464788732394366,0.4180327868852459,0.5819672131147541
0060025670.png,faible_contraste,moyen,aucun,0.2329192546583851,0.32608695652173914,0.8372093023255814,0.16279069767441856
0060025670.png,faible_contraste,moyen,deskew_seul,0.22981366459627328,0.2826086956521739,0.8837209302325582,0.11627906976744184
0060025670.png,faible_contraste,moyen,denoise_seul,0.2515527950310559,0.32608695652173914,0.8372093023255814,0.16279069767441856
0060025670.png,faible_contraste,moyen,contraste_seul,0.2422360248447205,0.32608695652173914,0.813953488372093,0.18604651162790697
0060025670.png,faible_contraste,moyen,binarisation_seule,0.2639751552795031,0.5217391304347826,0.6511627906976745,0.34883720930232553
0060025670.png,faible_contraste,moyen,pipeline_complet,0.4720496894409938,0.8260869565217391,0.20930232558139536,0.7906976744186046
00851772_1780.png,faible_contraste,moyen,aucun,0.5172413793103449,0.6605504587155964,0.5543478260869565,0.44565217391304346
00851772_1780.png,faible_contraste,moyen,deskew_seul,0.4993103448275862,0.6513761467889908,0.5108695652173914,0.48913043478260865
00851772_1780.png,faible_contraste,moyen,denoise_seul,0.5103448275862069,0.6697247706422018,0.532608695652174,0.46739130434782605
00851772_1780.png,faible_contraste,moyen,contraste_seul,0.5103448275862069,0.6330275229357798,0.5434782608695652,0.4565217391304348
00851772_1780.png,faible_contraste,moyen,binarisation_seule,0.5517241379310345,0.7798165137614679,0.33695652173913043,0.6630434782608696
00851772_1780.png,faible_contraste,moyen,pipeline_complet,0.663448275862069,0.8073394495412844,0.2391304347826087,0.7608695652173914
92094746.png,faible_contraste,moyen,aucun,0.5568927789934355,0.7105263157894737,0.6083333333333333,0.3916666666666667
92094746.png,faible_contraste,moyen,deskew_seul,0.5776805251641138,0.743421052631579,0.6083333333333333,0.3916666666666667
92094746.png,faible_contraste,moyen,denoise_seul,0.5579868708971554,0.7039473684210527,0.5916666666666667,0.4083333333333333
92094746.png,faible_contraste,moyen,contraste_seul,0.5557986870897156,0.6907894736842105,0.625,0.375
92094746.png,faible_contraste,moyen,binarisation_seule,0.587527352297593,0.7828947368421053,0.55,0.44999999999999996
92094746.png,faible_contraste,moyen,pipeline_complet,0.7264770240700219,0.9539473684210527,0.225,0.775
87533049.png,faible_contraste,moyen,aucun,0.4704944178628389,0.7545454545454545,0.4731182795698925,0.5268817204301075
87533049.png,faible_contraste,moyen,deskew_seul,0.5789473684210527,0.8818181818181818,0.3870967741935484,0.6129032258064516
87533049.png,faible_contraste,moyen,denoise_seul,0.34768740031897927,0.7,0.41935483870967744,0.5806451612903225
87533049.png,faible_contraste,moyen,contraste_seul,0.6044657097288676,0.8727272727272727,0.3978494623655914,0.6021505376344086
87533049.png,faible_contraste,moyen,binarisation_seule,0.6363636363636364,0.9545454545454546,0.34408602150537637,0.6559139784946236
87533049.png,faible_contraste,moyen,pipeline_complet,0.6028708133971292,0.8909090909090909,0.17204301075268819,0.8279569892473118
0060214859.png,faible_contraste,moyen,aucun,0.45092460881934565,0.6766917293233082,0.5047619047619047,0.49523809523809526
0060214859.png,faible_contraste,moyen,deskew_seul,0.45092460881934565,0.6766917293233082,0.5047619047619047,0.49523809523809526
0060214859.png,faible_contraste,moyen,denoise_seul,0.5106685633001422,0.7593984962406015,0.4857142857142857,0.5142857142857142
0060214859.png,faible_contraste,moyen,contraste_seul,0.4366998577524893,0.6917293233082706,0.5238095238095238,0.47619047619047616
0060214859.png,faible_contraste,moyen,binarisation_seule,0.5021337126600285,0.7894736842105263,0.41904761904761906,0.5809523809523809
0060214859.png,faible_contraste,moyen,pipeline_complet,0.705547652916074,0.924812030075188,0.1619047619047619,0.8380952380952381
92314414.png,faible_contraste,moyen,aucun,0.2272079772079772,0.32083333333333336,0.8294117647058824,0.1705882352941176
92314414.png,faible_contraste,moyen,deskew_seul,0.25997150997151,0.4125,0.7529411764705882,0.24705882352941178
92314414.png,faible_contraste,moyen,denoise_seul,0.23076923076923078,0.32916666666666666,0.8294117647058824,0.1705882352941176
92314414.png,faible_contraste,moyen,contraste_seul,0.23433048433048434,0.32916666666666666,0.8294117647058824,0.1705882352941176
92314414.png,faible_contraste,moyen,binarisation_seule,0.23433048433048434,0.3333333333333333,0.788235294117647,0.21176470588235297
92314414.png,faible_contraste,moyen,pipeline_complet,0.4586894586894587,0.65,0.5941176470588235,0.40588235294117647
0060165115.png,faible_contraste,moyen,aucun,0.6661417322834645,0.8653846153846154,0.34782608695652173,0.6521739130434783
0060165115.png,faible_contraste,moyen,deskew_seul,0.6614173228346457,0.8942307692307693,0.44565217391304346,0.5543478260869565
0060165115.png,faible_contraste,moyen,denoise_seul,0.6692913385826772,0.8653846153846154,0.358695652173913,0.6413043478260869
0060165115.png,faible_contraste,moyen,contraste_seul,0.6677165354330709,0.8653846153846154,0.358695652173913,0.6413043478260869
0060165115.png,faible_contraste,moyen,binarisation_seule,0.647244094488189,0.8942307692307693,0.41304347826086957,0.5869565217391304
0060165115.png,faible_contraste,moyen,pipeline_complet,0.6661417322834645,0.9038461538461539,0.2608695652173913,0.7391304347826086
01197604.png,faible_contraste,moyen,aucun,0.627318718381113,0.7789473684210526,0.27058823529411763,0.7294117647058824
01197604.png,faible_contraste,moyen,deskew_seul,0.581787521079258,0.7263157894736842,0.35294117647058826,0.6470588235294117
01197604.png,faible_contraste,moyen,denoise_seul,0.6037099494097807,0.8,0.2235294117647059,0.7764705882352941
01197604.png,faible_contraste,moyen,contraste_seul,0.5059021922428331,0.6842105263157895,0.36470588235294116,0.6352941176470588
01197604.png,faible_contraste,moyen,binarisation_seule,0.5767284991568297,0.8105263157894737,0.35294117647058826,0.6470588235294117
01197604.png,faible_contraste,moyen,pipeline_complet,0.897133220910624,0.968421052631579,0.047058823529411764,0.9529411764705882
81310636.png,faible_contraste,moyen,aucun,0.49372384937238495,0.6986301369863014,0.6785714285714286,0.3214285714285714
81310636.png,faible_contraste,moyen,deskew_seul,0.45188284518828453,0.6164383561643836,0.7142857142857143,0.2857142857142857
81310636.png,faible_contraste,moyen,denoise_seul,0.4895397489539749,0.6438356164383562,0.7142857142857143,0.2857142857142857
81310636.png,faible_contraste,moyen,contraste_seul,0.4916317991631799,0.684931506849315,0.7321428571428571,0.2678571428571429
81310636.png,faible_contraste,moyen,binarisation_seule,0.4393305439330544,0.6575342465753424,0.625,0.375
81310636.png,faible_contraste,moyen,pipeline_complet,0.5962343096234309,0.8767123287671232,0.23214285714285715,0.7678571428571428
71601299.png,faible_contraste,moyen,aucun,0.17445054945054944,0.3064516129032258,0.7987012987012987,0.2012987012987013
71601299.png,faible_contraste,moyen,deskew_seul,0.1559065934065934,0.29838709677419356,0.7922077922077922,0.20779220779220775
71601299.png,faible_contraste,moyen,denoise_seul,0.16002747252747251,0.29838709677419356,0.7857142857142857,0.2142857142857143
71601299.png,faible_contraste,moyen,contraste_seul,0.17582417582417584,0.3024193548387097,0.7987012987012987,0.2012987012987013
71601299.png,faible_contraste,moyen,binarisation_seule,0.19505494505494506,0.39919354838709675,0.7142857142857143,0.2857142857142857
71601299.png,faible_contraste,moyen,pipeline_complet,0.4958791208791209,0.7419354838709677,0.35064935064935066,0.6493506493506493
88547278_88547279.png,faible_contraste,fort,aucun,0.6481257557436517,1.037593984962406,0.6341463414634146,0.36585365853658536
88547278_88547279.png,faible_contraste,fort,deskew_seul,0.6638452237001209,1.0150375939849625,0.6991869918699187,0.30081300813008127
88547278_88547279.png,faible_contraste,fort,denoise_seul,0.6650544135429263,1.0075187969924813,0.6016260162601627,0.39837398373983735
88547278_88547279.png,faible_contraste,fort,contraste_seul,0.6831922611850061,1.112781954887218,0.5934959349593496,0.4065040650406504
88547278_88547279.png,faible_contraste,fort,binarisation_seule,0.6541717049576784,1.0150375939849625,0.4634146341463415,0.5365853658536586
88547278_88547279.png,faible_contraste,fort,pipeline_complet,0.5792019347037485,0.8646616541353384,0.2764227642276423,0.7235772357723578
92039708_9710.png,faible_contraste,fort,aucun,0.31662870159453305,0.7272727272727273,0.30158730158730157,0.6984126984126984
92039708_9710.png,faible_contraste,fort,deskew_seul,0.4874715261958998,0.7532467532467533,0.30158730158730157,0.6984126984126984
92039708_9710.png,faible_contraste,fort,denoise_seul,0.28929384965831434,0.7402597402597403,0.31746031746031744,0.6825396825396826
92039708_9710.png,faible_contraste,fort,contraste_seul,0.39863325740318906,0.7142857142857143,0.3333333333333333,0.6666666666666667
92039708_9710.png,faible_contraste,fort,binarisation_seule,0.3439635535307517,0.7272727272727273,0.36507936507936506,0.6349206349206349
92039708_9710.png,faible_contraste,fort,pipeline_complet,0.3804100227790433,0.8181818181818182,0.2222222222222222,0.7777777777777778
89817999_8002.png,faible_contraste,fort,aucun,0.2969569779643232,0.36774193548387096,0.8503937007874016,0.14960629921259838
89817999_8002.png,faible_contraste,fort,deskew_seul,0.3210912906610703,0.3935483870967742,0.8188976377952756,0.18110236220472442
89817999_8002.png,faible_contraste,fort,denoise_seul,0.2707240293809024,0.34838709677419355,0.8582677165354331,0.1417322834645669
89817999_8002.png,faible_contraste,fort,contraste_seul,0.29590766002098634,0.36774193548387096,0.8740157480314961,0.12598425196850394
89817999_8002.png,faible_contraste,fort,binarisation_seule,0.2696747114375656,0.38064516129032255,0.8110236220472441,0.1889763779527559
89817999_8002.png,faible_contraste,fort,pipeline_complet,0.5876180482686254,0.7870967741935484,0.31496062992125984,0.6850393700787402
0012199830.png,faible_contraste,fort,aucun,0.38016528925619836,0.5903614457831325,0.5,0.5
0012199830.png,faible_contraste,fort,deskew_seul,0.390495867768595,0.6506024096385542,0.45714285714285713,0.5428571428571429
0012199830.png,faible_contraste,fort,denoise_seul,0.42355371900826444,0.5903614457831325,0.4857142857142857,0.5142857142857142
0012199830.png,faible_contraste,fort,contraste_seul,0.384297520661157,0.6144578313253012,0.45714285714285713,0.5428571428571429
0012199830.png,faible_contraste,fort,binarisation_seule,0.40702479338842973,0.6746987951807228,0.4142857142857143,0.5857142857142856
0012199830.png,faible_contraste,fort,pipeline_complet,0.7148760330578512,0.891566265060241,0.12857142857142856,0.8714285714285714
00836244.png,faible_contraste,fort,aucun,0.6822916666666666,0.8342541436464088,0.24324324324324326,0.7567567567567568
00836244.png,faible_contraste,fort,deskew_seul,0.65625,0.856353591160221,0.2635135135135135,0.7364864864864865
00836244.png,faible_contraste,fort,denoise_seul,0.6854166666666667,0.8287292817679558,0.25675675675675674,0.7432432432432432
00836244.png,faible_contraste,fort,contraste_seul,0.615625,0.8121546961325967,0.2972972972972973,0.7027027027027026
00836244.png,faible_contraste,fort,binarisation_seule,0.678125,0.8674033149171271,0.24324324324324326,0.7567567567567568
00836244.png,faible_contraste,fort,pipeline_complet,0.8729166666666667,0.9392265193370166,0.07432432432432433,0.9256756756756757
0060270727.png,faible_contraste,fort,aucun,0.5903337169159953,0.8488372093023255,0.5963302752293578,0.4036697247706422
0060270727.png,faible_contraste,fort,deskew_seul,0.5903337169159953,0.8488372093023255,0.5963302752293578,0.4036697247706422
0060270727.png,faible_contraste,fort,denoise_seul,0.5799769850402762,0.8604651162790697,0.5963302752293578,0.4036697247706422
0060270727.png,faible_contraste,fort,contraste_seul,0.5880322209436134,0.8604651162790697,0.5688073394495413,0.4311926605504587
0060270727.png,faible_contraste,fort,binarisation_seule,0.5949367088607594,0.877906976744186,0.5229357798165137,0.47706422018348627
0060270727.png,faible_contraste,fort,pipeline_complet,0.7318757192174914,0.9709302325581395,0.25688073394495414,0.7431192660550459
00040534.png,faible_contraste,fort,aucun,0.6501677852348994,0.8317757009345794,0.4540229885057471,0.5459770114942528
00040534.png,faible_contraste,fort,deskew_seul,0.6518456375838926,0.8598130841121495,0.40804597701149425,0.5919540229885057
00040534.png,faible_contraste,fort,denoise_seul,0.6526845637583892,0.8411214953271028,0.42528735632183906,0.5747126436781609
00040534.png,faible_contraste,fort,contraste_seul,0.6543624161073825,0.8411214953271028,0.41379310344827586,0.5862068965517242
00040534.png,faible_contraste,fort,binarisation_seule,0.6619127516778524,0.8457943925233645,0.40804597701149425,0.5919540229885057
00040534.png,faible_contraste,fort,pipeline_complet,0.6493288590604027,0.8598130841121495,0.21839080459770116,0.7816091954022988
13149651.png,faible_contraste,fort,aucun,0.7541229385307346,0.9569230769230769,0.25961538461538464,0.7403846153846154
13149651.png,faible_contraste,fort,deskew_seul,0.7786106946526736,0.9846153846153847,0.47115384615384615,0.5288461538461539
13149651.png,faible_contraste,fort,denoise_seul,0.736631684157921,0.9692307692307692,0.40865384615384615,0.5913461538461539
13149651.png,faible_contraste,fort,contraste_seul,0.7546226886556722,0.9353846153846154,0.4375,0.5625
13149651.png,faible_contraste,fort,binarisation_seule,0.7581209395302348,0.9753846153846154,0.3125,0.6875
13149651.png,faible_contraste,fort,pipeline_complet,0.7986006996501749,0.96,0.10096153846153846,0.8990384615384616
0001123541.png,faible_contraste,fort,aucun,0.42083675143560295,0.5608465608465608,0.4810126582278481,0.5189873417721519
0001123541.png,faible_contraste,fort,deskew_seul,0.46513535684987695,0.6031746031746031,0.43670886075949367,0.5632911392405063
0001123541.png,faible_contraste,fort,denoise_seul,0.41509433962264153,0.5714285714285714,0.4936708860759494,0.5063291139240507
0001123541.png,faible_contraste,fort,contraste_seul,0.45693191140278916,0.5978835978835979,0.4620253164556962,0.5379746835443038
0001123541.png,faible_contraste,fort,binarisation_seule,0.4364232977850697,0.6666666666666666,0.3670886075949367,0.6329113924050633
0001123541.png,faible_contraste,fort,pipeline_complet,0.6694011484823625,0.8888888888888888,0.13924050632911392,0.8607594936708861
92586242.png,faible_contraste,fort,aucun,0.428,0.7654320987654321,0.4782608695652174,0.5217391304347826
92586242.png,faible_contraste,fort,deskew_seul,0.428,0.7654320987654321,0.4782608695652174,0.5217391304347826
92586242.png,faible_contraste,fort,denoise_seul,0.436,0.7407407407407407,0.42028985507246375,0.5797101449275363
92586242.png,faible_contraste,fort,contraste_seul,0.424,0.7407407407407407,0.5362318840579711,0.46376811594202894
92586242.png,faible_contraste,fort,binarisation_seule,0.446,0.6790123456790124,0.463768115942029,0.536231884057971
92586242.png,faible_contraste,fort,pipeline_complet,0.888,0.9259259259259259,0.08695652173913043,0.9130434782608696
0060302201.png,faible_contraste,fort,aucun,0.21657754010695188,0.5119047619047619,0.6416666666666667,0.3583333333333333
0060302201.png,faible_contraste,fort,deskew_seul,0.21657754010695188,0.5119047619047619,0.6416666666666667,0.3583333333333333
0060302201.png,faible_contraste,fort,denoise_seul,0.3244206773618538,0.6547619047619048,0.625,0.375
0060302201.png,faible_contraste,fort,contraste_seul,0.26559714795008915,0.5833333333333334,0.625,0.375
0060302201.png,faible_contraste,fort,binarisation_seule,0.3413547237076649,0.7261904761904762,0.5166666666666667,0.4833333333333333
0060302201.png,faible_contraste,fort,pipeline_complet,0.9705882352941176,1.0,0.0,1.0
0060262650.png,faible_contraste,fort,aucun,0.5226683937823834,0.64,0.6358381502890174,0.36416184971098264
0060262650.png,faible_contraste,fort,deskew_seul,0.5226683937823834,0.64,0.6358381502890174,0.36416184971098264
0060262650.png,faible_contraste,fort,denoise_seul,0.49417098445595853,0.6088888888888889,0.6069364161849711,0.3930635838150289
0060262650.png,faible_contraste,fort,contraste_seul,0.5317357512953368,0.6088888888888889,0.6069364161849711,0.3930635838150289
0060262650.png,faible_contraste,fort,binarisation_seule,0.5226683937823834,0.6977777777777778,0.5664739884393064,0.4335260115606936
0060262650.png,faible_contraste,fort,pipeline_complet,0.6256476683937824,0.8133333333333334,0.3179190751445087,0.6820809248554913
0000989556.png,faible_contraste,fort,aucun,0.6266481609993061,0.8060344827586207,0.6024844720496895,0.39751552795031053
0000989556.png,faible_contraste,fort,deskew_seul,0.6759195003469812,0.875,0.6024844720496895,0.39751552795031053
0000989556.png,faible_contraste,fort,denoise_seul,0.6648160999306038,0.8879310344827587,0.546583850931677,0.45341614906832295
0000989556.png,faible_contraste,fort,contraste_seul,0.6634281748785565,0.8577586206896551,0.6521739130434783,0.34782608695652173
0000989556.png,faible_contraste,fort,binarisation_seule,0.6571825121443442,0.896551724137931,0.5031055900621118,0.49689440993788825
0000989556.png,faible_contraste,fort,pipeline_complet,0.7480916030534351,0.9439655172413793,0.07453416149068323,0.9254658385093167
00093726.png,faible_contraste,fort,aucun,0.6836659275683666,0.8146551724137931,0.5705521472392638,0.42944785276073616
00093726.png,faible_contraste,fort,deskew_seul,0.6954915003695491,0.8017241379310345,0.6073619631901841,0.3926380368098159
00093726.png,faible_contraste,fort,denoise_seul,0.6895787139689579,0.7931034482758621,0.6257668711656442,0.3742331288343558
00093726.png,faible_contraste,fort,contraste_seul,0.6282335550628233,0.7586206896551724,0.5705521472392638,0.42944785276073616
00093726.png,faible_contraste,fort,binarisation_seule,0.679970436067997,0.8103448275862069,0.5214723926380368,0.4785276073619632
00093726.png,faible_contraste,fort,pipeline_complet,0.6282335550628233,0.853448275862069,0.2883435582822086,0.7116564417177914
0001485288.png,faible_contraste,fort,aucun,0.2976190476190476,0.53,0.7011494252873564,0.29885057471264365
0001485288.png,faible_contraste,fort,deskew_seul,0.29081632653061223,0.54,0.7241379310344828,0.27586206896551724
0001485288.png,faible_contraste,fort,denoise_seul,0.33503401360544216,0.55,0.6551724137931034,0.3448275862068966
0001485288.png,faible_contraste,fort,contraste_seul,0.30952380952380953,0.53,0.7241379310344828,0.27586206896551724
0001485288.png,faible_contraste,fort,binarisation_seule,0.28401360544217685,0.54,0.6896551724137931,0.31034482758620685
0001485288.png,faible_contraste,fort,pipeline_complet,0.5680272108843537,0.89,0.16091954022988506,0.8390804597701149
0060302201.png,compression_jpeg,faible,aucun,0.34759358288770054,0.6845238095238095,0.6583333333333333,0.3416666666666667
0060302201.png,compression_jpeg,faible,deskew_seul,0.34759358288770054,0.6845238095238095,0.6583333333333333,0.3416666666666667
0060302201.png,compression_jpeg,faible,denoise_seul,0.2914438502673797,0.6190476190476191,0.6416666666666667,0.3583333333333333
0060302201.png,compression_jpeg,faible,contraste_seul,0.28698752228163993,0.6071428571428571,0.675,0.32499999999999996
0060302201.png,compression_jpeg,faible,binarisation_seule,0.3672014260249554,0.8214285714285714,0.4,0.6
0060302201.png,compression_jpeg,faible,pipeline_complet,0.9563279857397504,0.9940476190476191,0.008333333333333333,0.9916666666666667
00070353.png,compression_jpeg,faible,aucun,0.4057071960297767,0.5634920634920635,0.5700934579439252,0.4299065420560748
00070353.png,compression_jpeg,faible,deskew_seul,0.47642679900744417,0.6031746031746031,0.5046728971962616,0.4953271028037384
00070353.png,compression_jpeg,faible,denoise_seul,0.4317617866004963,0.5238095238095238,0.5794392523364486,0.42056074766355145
00070353.png,compression_jpeg,faible,contraste_seul,0.2543424317617866,0.3888888888888889,0.6915887850467289,0.30841121495327106
00070353.png,compression_jpeg,faible,binarisation_seule,0.2704714640198511,0.42857142857142855,0.6448598130841121,0.3551401869158879
00070353.png,compression_jpeg,faible,pipeline_complet,0.6464019851116626,0.8253968253968254,0.24299065420560748,0.7570093457943925
0001239897.png,compression_jpeg,faible,aucun,0.7398477157360406,0.9022556390977443,0.14893617021276595,0.851063829787234
0001239897.png,compression_jpeg,faible,deskew_seul,0.7398477157360406,0.9022556390977443,0.14893617021276595,0.851063829787234
0001239897.png,compression_jpeg,faible,denoise_seul,0.7347715736040609,0.9097744360902256,0.1276595744680851,0.8723404255319149
0001239897.png,compression_jpeg,faible,contraste_seul,0.7652284263959391,0.9699248120300752,0.1276595744680851,0.8723404255319149
0001239897.png,compression_jpeg,faible,binarisation_seule,0.815989847715736,0.9473684210526315,0.09574468085106383,0.9042553191489362
0001239897.png,compression_jpeg,faible,pipeline_complet,0.9657360406091371,1.0,0.0,1.0
12603270.png,compression_jpeg,faible,aucun,0.6869918699186992,0.86,0.6068376068376068,0.3931623931623932
12603270.png,compression_jpeg,faible,deskew_seul,0.7022357723577236,0.92,0.5555555555555556,0.4444444444444444
12603270.png,compression_jpeg,faible,denoise_seul,0.6453252032520326,0.8266666666666667,0.6068376068376068,0.3931623931623932
12603270.png,compression_jpeg,faible,contraste_seul,0.6961382113821138,0.8933333333333333,0.5897435897435898,0.41025641025641024
12603270.png,compression_jpeg,faible,binarisation_seule,0.7886178861788617,1.0533333333333332,0.452991452991453,0.5470085470085471
12603270.png,compression_jpeg,faible,pipeline_complet,0.7144308943089431,0.9666666666666667,0.13675213675213677,0.8632478632478633
00093726.png,compression_jpeg,faible,aucun,0.6910569105691057,0.7887931034482759,0.6073619631901841,0.3926380368098159
00093726.png,compression_jpeg,faible,deskew_seul,0.6999260901699926,0.8232758620689655,0.5828220858895705,0.4171779141104295
00093726.png,compression_jpeg,faible,denoise_seul,0.6400591278640059,0.7629310344827587,0.6073619631901841,0.3926380368098159
00093726.png,compression_jpeg,faible,contraste_seul,0.7080561714708056,0.8318965517241379,0.6257668711656442,0.3742331288343558
00093726.png,compression_jpeg,faible,binarisation_seule,0.6940133037694013,0.8491379310344828,0.5276073619631901,0.47239263803680986
00093726.png,compression_jpeg,faible,pipeline_complet,0.7368810051736882,0.9181034482758621,0.20245398773006135,0.7975460122699387
91974562.png,compression_jpeg,faible,aucun,0.3655913978494624,0.616822429906542,0.5760869565217391,0.42391304347826086
91974562.png,compression_jpeg,faible,deskew_seul,0.3655913978494624,0.616822429906542,0.5760869565217391,0.42391304347826086
91974562.png,compression_jpeg,faible,denoise_seul,0.2857142857142857,0.5327102803738317,0.6304347826086957,0.3695652173913043
91974562.png,compression_jpeg,faible,contraste_seul,0.3195084485407066,0.5607476635514018,0.6304347826086957,0.3695652173913043
91974562.png,compression_jpeg,faible,binarisation_seule,0.6359447004608295,0.8037383177570093,0.44565217391304346,0.5543478260869565
91974562.png,compression_jpeg,faible,pipeline_complet,0.6036866359447005,0.8878504672897196,0.20652173913043478,0.7934782608695652
0060308461.png,compression_jpeg,faible,aucun,0.5645161290322581,0.8496732026143791,0.5739130434782609,0.4260869565217391
0060308461.png,compression_jpeg,faible,deskew_seul,0.5645161290322581,0.8496732026143791,0.5739130434782609,0.4260869565217391
0060308461.png,compression_jpeg,faible,denoise_seul,0.5526881720430108,0.8496732026143791,0.6086956521739131,0.3913043478260869
0060308461.png,compression_jpeg,faible,contraste_seul,0.6279569892473118,0.8562091503267973,0.6173913043478261,0.3826086956521739
0060308461.png,compression_jpeg,faible,binarisation_seule,0.7182795698924731,0.9215686274509803,0.5304347826086957,0.4695652173913043
0060308461.png,compression_jpeg,faible,pipeline_complet,0.6430107526881721,0.869281045751634,0.25217391304347825,0.7478260869565218
00866042.png,compression_jpeg,faible,aucun,0.6525297619047619,0.7875647668393783,0.49079754601226994,0.50920245398773
00866042.png,compression_jpeg,faible,deskew_seul,0.6547619047619048,0.772020725388601,0.4723926380368098,0.5276073619631902
00866042.png,compression_jpeg,faible,denoise_seul,0.6480654761904762,0.7823834196891192,0.49693251533742333,0.5030674846625767
00866042.png,compression_jpeg,faible,contraste_seul,0.6242559523809523,0.7772020725388601,0.4601226993865031,0.5398773006134969
00866042.png,compression_jpeg,faible,binarisation_seule,0.6041666666666666,0.8031088082901554,0.32515337423312884,0.6748466257668712
00866042.png,compression_jpeg,faible,pipeline_complet,0.6398809523809523,0.7823834196891192,0.24539877300613497,0.754601226993865
91391286.png,compression_jpeg,faible,aucun,0.4457831325301205,0.7171717171717171,0.6404494382022472,0.3595505617977528
91391286.png,compression_jpeg,faible,deskew_seul,0.4292168674698795,0.6565656565656566,0.6179775280898876,0.3820224719101124
91391286.png,compression_jpeg,faible,denoise_seul,0.45180722891566266,0.7070707070707071,0.6067415730337079,0.3932584269662921
91391286.png,compression_jpeg,faible,contraste_seul,0.4397590361445783,0.6464646464646465,0.6404494382022472,0.3595505617977528
91391286.png,compression_jpeg,faible,binarisation_seule,0.5150602409638554,0.7777777777777778,0.38202247191011235,0.6179775280898876
91391286.png,compression_jpeg,faible,pipeline_complet,0.47289156626506024,0.7474747474747475,0.42696629213483145,0.5730337078651686
0060214859.png,compression_jpeg,faible,aucun,0.3968705547652916,0.6466165413533834,0.49523809523809526,0.5047619047619047
0060214859.png,compression_jpeg,faible,deskew_seul,0.3968705547652916,0.6466165413533834,0.49523809523809526,0.5047619047619047
0060214859.png,compression_jpeg,faible,denoise_seul,0.422475106685633,0.6842105263157895,0.5047619047619047,0.49523809523809526
0060214859.png,compression_jpeg,faible,contraste_seul,0.44523470839260315,0.6691729323308271,0.5428571428571428,0.4571428571428572
0060214859.png,compression_jpeg,faible,binarisation_seule,0.48364153627311524,0.7518796992481203,0.44761904761904764,0.5523809523809524
0060214859.png,compression_jpeg,faible,pipeline_complet,0.6500711237553343,0.9097744360902256,0.2571428571428571,0.7428571428571429
92314414.png,compression_jpeg,faible,aucun,0.23717948717948717,0.3458333333333333,0.8,0.19999999999999996
92314414.png,compression_jpeg,faible,deskew_seul,0.28561253561253563,0.4166666666666667,0.7294117647058823,0.2705882352941177
92314414.png,compression_jpeg,faible,denoise_seul,0.23433048433048434,0.3333333333333333,0.8117647058823529,0.18823529411764706
92314414.png,compression_jpeg,faible,contraste_seul,0.2257834757834758,0.32083333333333336,0.8352941176470589,0.16470588235294115
92314414.png,compression_jpeg,faible,binarisation_seule,0.24074074074074073,0.35833333333333334,0.7588235294117647,0.24117647058823533
92314414.png,compression_jpeg,faible,pipeline_complet,0.3055555555555556,0.5583333333333333,0.5882352941176471,0.4117647058823529
0012602424.png,compression_jpeg,faible,aucun,0.6184,0.776255707762557,0.44171779141104295,0.558282208588957
0012602424.png,compression_jpeg,faible,deskew_seul,0.6184,0.776255707762557,0.44171779141104295,0.558282208588957
0012602424.png,compression_jpeg,faible,denoise_seul,0.6256,0.7945205479452054,0.44785276073619634,0.5521472392638036
0012602424.png,compression_jpeg,faible,contraste_seul,0.6384,0.817351598173516,0.4110429447852761,0.5889570552147239
0012602424.png,compression_jpeg,faible,binarisation_seule,0.6792,0.8356164383561644,0.3374233128834356,0.6625766871165644
0012602424.png,compression_jpeg,faible,pipeline_complet,0.7424,0.9178082191780822,0.2331288343558282,0.7668711656441718
93351929_93351931.png,compression_jpeg,faible,aucun,0.5558546433378196,0.7117117117117117,0.7346938775510204,0.26530612244897955
93351929_93351931.png,compression_jpeg,faible,deskew_seul,0.5558546433378196,0.7117117117117117,0.7346938775510204,0.26530612244897955
93351929_93351931.png,compression_jpeg,faible,denoise_seul,0.5464333781965006,0.6936936936936937,0.7448979591836735,0.2551020408163265
93351929_93351931.png,compression_jpeg,faible,contraste_seul,0.5450874831763123,0.6936936936936937,0.7346938775510204,0.26530612244897955
93351929_93351931.png,compression_jpeg,faible,binarisation_seule,0.847913862718708,0.954954954954955,0.6122448979591837,0.3877551020408163
93351929_93351931.png,compression_jpeg,faible,pipeline_complet,0.7335127860026918,0.918918918918919,0.45918367346938777,0.5408163265306123
93380187.png,compression_jpeg,faible,aucun,0.5816435432230523,0.756578947368421,0.3739130434782609,0.6260869565217391
93380187.png,compression_jpeg,faible,deskew_seul,0.6307363927427961,0.8026315789473685,0.3217391304347826,0.6782608695652175
93380187.png,compression_jpeg,faible,denoise_seul,0.5901814300960512,0.756578947368421,0.4260869565217391,0.5739130434782609
93380187.png,compression_jpeg,faible,contraste_seul,0.5816435432230523,0.7697368421052632,0.391304347826087,0.6086956521739131
93380187.png,compression_jpeg,faible,binarisation_seule,0.6627534685165422,0.9078947368421053,0.3652173913043478,0.6347826086956522
93380187.png,compression_jpeg,faible,pipeline_complet,0.6029882604055496,0.9210526315789473,0.17391304347826086,0.8260869565217391
91356315.png,compression_jpeg,faible,aucun,0.6380471380471381,0.79,0.35135135135135137,0.6486486486486487
91356315.png,compression_jpeg,faible,deskew_seul,0.5757575757575758,0.8,0.43243243243243246,0.5675675675675675
91356315.png,compression_jpeg,faible,denoise_seul,0.7441077441077442,0.88,0.2972972972972973,0.7027027027027026
91356315.png,compression_jpeg,faible,contraste_seul,0.6548821548821548,0.82,0.28378378378378377,0.7162162162162162
91356315.png,compression_jpeg,faible,binarisation_seule,0.6616161616161617,0.87,0.2702702702702703,0.7297297297297297
91356315.png,compression_jpeg,faible,pipeline_complet,0.7104377104377104,0.87,0.1891891891891892,0.8108108108108107
0071032807.png,compression_jpeg,moyen,aucun,0.2942477876106195,0.5147058823529411,0.7213114754098361,0.2786885245901639
0071032807.png,compression_jpeg,moyen,deskew_seul,0.2942477876106195,0.5147058823529411,0.7213114754098361,0.2786885245901639
0071032807.png,compression_jpeg,moyen,denoise_seul,0.2831858407079646,0.4852941176470588,0.8032786885245902,0.19672131147540983
0071032807.png,compression_jpeg,moyen,contraste_seul,0.28761061946902655,0.5147058823529411,0.7213114754098361,0.2786885245901639
0071032807.png,compression_jpeg,moyen,binarisation_seule,0.3163716814159292,0.7058823529411765,0.5245901639344263,0.47540983606557374
0071032807.png,compression_jpeg,moyen,pipeline_complet,0.5464601769911505,0.8676470588235294,0.11475409836065574,0.8852459016393442
91356315.png,compression_jpeg,moyen,aucun,0.5791245791245792,0.82,0.40540540540540543,0.5945945945945945
91356315.png,compression_jpeg,moyen,deskew_seul,0.49663299663299665,0.75,0.44594594594594594,0.5540540540540541
91356315.png,compression_jpeg,moyen,denoise_seul,1.0,1.0,0.0,1.0
91356315.png,compression_jpeg,moyen,contraste_seul,0.5824915824915825,0.76,0.33783783783783783,0.6621621621621622
91356315.png,compression_jpeg,moyen,binarisation_seule,0.6161616161616161,0.84,0.28378378378378377,0.7162162162162162
91356315.png,compression_jpeg,moyen,pipeline_complet,0.6734006734006734,0.91,0.14864864864864866,0.8513513513513513
81619486_9488.png,compression_jpeg,moyen,aucun,0.5839572192513369,0.7792207792207793,0.4222222222222222,0.5777777777777777
81619486_9488.png,compression_jpeg,moyen,deskew_seul,0.6459893048128342,0.8571428571428571,0.3888888888888889,0.6111111111111112
81619486_9488.png,compression_jpeg,moyen,denoise_seul,0.5828877005347594,0.7922077922077922,0.5111111111111111,0.48888888888888893
81619486_9488.png,compression_jpeg,moyen,contraste_seul,0.6449197860962567,0.7857142857142857,0.35555555555555557,0.6444444444444444
81619486_9488.png,compression_jpeg,moyen,binarisation_seule,0.653475935828877,0.8896103896103896,0.3111111111111111,0.6888888888888889
81619486_9488.png,compression_jpeg,moyen,pipeline_complet,0.7978609625668449,0.961038961038961,0.08888888888888889,0.9111111111111111
0060091229.png,compression_jpeg,moyen,aucun,0.1650326797385621,0.4444444444444444,0.611764705882353,0.388235294117647
0060091229.png,compression_jpeg,moyen,deskew_seul,0.1650326797385621,0.4444444444444444,0.611764705882353,0.388235294117647
0060091229.png,compression_jpeg,moyen,denoise_seul,0.15196078431372548,0.42424242424242425,0.611764705882353,0.388235294117647
0060091229.png,compression_jpeg,moyen,contraste_seul,0.18790849673202614,0.4444444444444444,0.5764705882352941,0.42352941176470593
0060091229.png,compression_jpeg,moyen,binarisation_seule,0.28594771241830064,0.7373737373737373,0.3176470588235294,0.6823529411764706
0060091229.png,compression_jpeg,moyen,pipeline_complet,0.5555555555555556,0.8585858585858586,0.18823529411764706,0.8117647058823529
0011899960.png,compression_jpeg,moyen,aucun,0.22875,0.46153846153846156,0.6635514018691588,0.33644859813084116
0011899960.png,compression_jpeg,moyen,deskew_seul,0.22875,0.46153846153846156,0.6635514018691588,0.33644859813084116
0011899960.png,compression_jpeg,moyen,denoise_seul,0.2175,0.4358974358974359,0.719626168224299,0.28037383177570097
0011899960.png,compression_jpeg,moyen,contraste_seul,0.225,0.452991452991453,0.6635514018691588,0.33644859813084116
0011899960.png,compression_jpeg,moyen,binarisation_seule,0.26875,0.6153846153846154,0.4766355140186916,0.5233644859813085
0011899960.png,compression_jpeg,moyen,pipeline_complet,0.7275,0.9401709401709402,0.08411214953271028,0.9158878504672897
87682908.png,compression_jpeg,moyen,aucun,0.5790139064475348,0.736,0.7333333333333333,0.2666666666666667
87682908.png,compression_jpeg,moyen,deskew_seul,0.5878634639696586,0.752,0.6761904761904762,0.32380952380952377
87682908.png,compression_jpeg,moyen,denoise_seul,0.5802781289506953,0.744,0.7047619047619048,0.2952380952380952
87682908.png,compression_jpeg,moyen,contraste_seul,0.5815423514538559,0.76,0.6761904761904762,0.32380952380952377
87682908.png,compression_jpeg,moyen,binarisation_seule,0.6144121365360303,0.888,0.5047619047619047,0.49523809523809526
87682908.png,compression_jpeg,moyen,pipeline_complet,0.5739570164348925,0.872,0.42857142857142855,0.5714285714285714
71202511.png,compression_jpeg,moyen,aucun,0.5233716475095785,0.7417840375586855,0.4868421052631579,0.513157894736842
71202511.png,compression_jpeg,moyen,deskew_seul,0.5678160919540229,0.8544600938967136,0.40789473684210525,0.5921052631578947
71202511.png,compression_jpeg,moyen,denoise_seul,0.5057471264367817,0.6854460093896714,0.5855263157894737,0.4144736842105263
71202511.png,compression_jpeg,moyen,contraste_seul,0.5417624521072797,0.8075117370892019,0.47368421052631576,0.5263157894736843
71202511.png,compression_jpeg,moyen,binarisation_seule,0.535632183908046,0.8262910798122066,0.40131578947368424,0.5986842105263157
71202511.png,compression_jpeg,moyen,pipeline_complet,0.6904214559386973,0.92018779342723,0.13815789473684212,0.8618421052631579
87533049.png,compression_jpeg,moyen,aucun,0.6363636363636364,0.9272727272727272,0.41935483870967744,0.5806451612903225
87533049.png,compression_jpeg,moyen,deskew_seul,0.3827751196172249,0.6727272727272727,0.3763440860215054,0.6236559139784946
87533049.png,compression_jpeg,moyen,denoise_seul,0.6044657097288676,0.8636363636363636,0.41935483870967744,0.5806451612903225
87533049.png,compression_jpeg,moyen,contraste_seul,0.39553429027113235,0.7181818181818181,0.3010752688172043,0.6989247311827957
87533049.png,compression_jpeg,moyen,binarisation_seule,0.6555023923444976,0.9636363636363636,0.21505376344086022,0.7849462365591398
87533049.png,compression_jpeg,moyen,pipeline_complet,0.6778309409888357,0.9090909090909091,0.22580645161290322,0.7741935483870968
81619511_9513.png,compression_jpeg,moyen,aucun,0.5841081994928149,0.883495145631068,0.30597014925373134,0.6940298507462687
81619511_9513.png,compression_jpeg,moyen,deskew_seul,0.6365173288250211,0.8932038834951457,0.20149253731343283,0.7985074626865671
81619511_9513.png,compression_jpeg,moyen,denoise_seul,0.5604395604395604,0.8252427184466019,0.30597014925373134,0.6940298507462687
81619511_9513.png,compression_jpeg,moyen,contraste_seul,0.6272189349112426,0.8640776699029126,0.22388059701492538,0.7761194029850746
81619511_9513.png,compression_jpeg,moyen,binarisation_seule,0.760777683854607,0.9563106796116505,0.1417910447761194,0.8582089552238806
81619511_9513.png,compression_jpeg,moyen,pipeline_complet,0.790363482671175,0.970873786407767,0.05970149253731343,0.9402985074626866
91315069_91315070.png,compression_jpeg,moyen,aucun,0.39045553145336226,0.5061728395061729,0.7391304347826086,0.26086956521739135
91315069_91315070.png,compression_jpeg,moyen,deskew_seul,0.39045553145336226,0.5061728395061729,0.7391304347826086,0.26086956521739135
91315069_91315070.png,compression_jpeg,moyen,denoise_seul,0.4078091106290672,0.5802469135802469,0.7101449275362319,0.28985507246376807
91315069_91315070.png,compression_jpeg,moyen,contraste_seul,0.29067245119305857,0.43209876543209874,0.7391304347826086,0.26086956521739135
91315069_91315070.png,compression_jpeg,moyen,binarisation_seule,0.4229934924078091,0.6419753086419753,0.6086956521739131,0.3913043478260869
91315069_91315070.png,compression_jpeg,moyen,pipeline_complet,0.93058568329718,0.9753086419753086,0.028985507246376812,0.9710144927536232
0001476912.png,compression_jpeg,moyen,aucun,0.8114285714285714,1.0208333333333333,0.6071428571428571,0.3928571428571429
0001476912.png,compression_jpeg,moyen,deskew_seul,0.8114285714285714,1.0208333333333333,0.6071428571428571,0.3928571428571429
0001476912.png,compression_jpeg,moyen,denoise_seul,0.8590476190476191,0.9895833333333334,0.5476190476190477,0.45238095238095233
0001476912.png,compression_jpeg,moyen,contraste_seul,0.8857142857142857,1.1041666666666667,0.5833333333333334,0.41666666666666663
0001476912.png,compression_jpeg,moyen,binarisation_seule,0.9923809523809524,1.6458333333333333,0.2619047619047619,0.7380952380952381
0001476912.png,compression_jpeg,moyen,pipeline_complet,0.7523809523809524,0.9895833333333334,0.13095238095238096,0.8690476190476191
0011906503.png,compression_jpeg,moyen,aucun,0.5332914572864321,0.7355371900826446,0.6759776536312849,0.3240223463687151
0011906503.png,compression_jpeg,moyen,deskew_seul,0.5332914572864321,0.7355371900826446,0.6759776536312849,0.3240223463687151
0011906503.png,compression_jpeg,moyen,denoise_seul,0.5383165829145728,0.71900826446281,0.6983240223463687,0.3016759776536313
0011906503.png,compression_jpeg,moyen,contraste_seul,0.6017587939698492,0.7727272727272727,0.6089385474860335,0.3910614525139665
0011906503.png,compression_jpeg,moyen,binarisation_seule,0.5584170854271356,0.8801652892561983,0.4134078212290503,0.5865921787709497
0011906503.png,compression_jpeg,moyen,pipeline_complet,0.6576633165829145,0.9132231404958677,0.1340782122905028,0.8659217877094972
0001485288.png,compression_jpeg,moyen,aucun,0.3282312925170068,0.56,0.6666666666666666,0.33333333333333337
0001485288.png,compression_jpeg,moyen,deskew_seul,0.3163265306122449,0.53,0.735632183908046,0.26436781609195403
0001485288.png,compression_jpeg,moyen,denoise_seul,0.3197278911564626,0.54,0.6896551724137931,0.31034482758620685
0001485288.png,compression_jpeg,moyen,contraste_seul,0.30612244897959184,0.57,0.7241379310344828,0.27586206896551724
0001485288.png,compression_jpeg,moyen,binarisation_seule,0.5255102040816326,0.79,0.5402298850574713,0.45977011494252873
0001485288.png,compression_jpeg,moyen,pipeline_complet,0.42857142857142855,0.76,0.28735632183908044,0.7126436781609196
81574683.png,compression_jpeg,moyen,aucun,0.5766784452296819,0.7489177489177489,0.6432432432432432,0.3567567567567568
81574683.png,compression_jpeg,moyen,deskew_seul,0.623321554770318,0.7792207792207793,0.6648648648648648,0.33513513513513515
81574683.png,compression_jpeg,moyen,denoise_seul,0.5886925795053004,0.7532467532467533,0.6270270270270271,0.37297297297297294
81574683.png,compression_jpeg,moyen,contraste_seul,0.6247349823321555,0.7705627705627706,0.4540540540540541,0.5459459459459459
81574683.png,compression_jpeg,moyen,binarisation_seule,0.5957597173144876,0.7835497835497836,0.3945945945945946,0.6054054054054054
81574683.png,compression_jpeg,moyen,pipeline_complet,0.6530035335689046,0.8095238095238095,0.2756756756756757,0.7243243243243243
13149651.png,compression_jpeg,moyen,aucun,0.7531234382808596,0.9784615384615385,0.23076923076923078,0.7692307692307692
13149651.png,compression_jpeg,moyen,deskew_seul,0.7641179410294853,0.9723076923076923,0.3942307692307692,0.6057692307692308
13149651.png,compression_jpeg,moyen,denoise_seul,0.7511244377811095,0.9784615384615385,0.1971153846153846,0.8028846153846154
13149651.png,compression_jpeg,moyen,contraste_seul,0.7741129435282359,0.9784615384615385,0.30288461538461536,0.6971153846153846
13149651.png,compression_jpeg,moyen,binarisation_seule,0.7681159420289855,0.9846153846153847,0.22596153846153846,0.7740384615384616
13149651.png,compression_jpeg,moyen,pipeline_complet,0.7986006996501749,0.9446153846153846,0.10576923076923077,0.8942307692307693
0011974919.png,compression_jpeg,fort,aucun,0.46321525885558584,0.7314814814814815,0.5544554455445545,0.4455445544554455
0011974919.png,compression_jpeg,fort,deskew_seul,0.46321525885558584,0.7314814814814815,0.5544554455445545,0.4455445544554455
0011974919.png,compression_jpeg,fort,denoise_seul,0.44005449591280654,0.7314814814814815,0.5544554455445545,0.4455445544554455
0011974919.png,compression_jpeg,fort,contraste_seul,0.44141689373297005,0.7222222222222222,0.6039603960396039,0.39603960396039606
0011974919.png,compression_jpeg,fort,binarisation_seule,0.5613079019073569,0.8981481481481481,0.3069306930693069,0.693069306930693
0011974919.png,compression_jpeg,fort,pipeline_complet,0.6062670299727521,0.9166666666666666,0.19801980198019803,0.801980198019802
00836244.png,compression_jpeg,fort,aucun,0.6947916666666667,0.8674033149171271,0.23648648648648649,0.7635135135135135
00836244.png,compression_jpeg,fort,deskew_seul,0.6947916666666667,0.8674033149171271,0.23648648648648649,0.7635135135135135
00836244.png,compression_jpeg,fort,denoise_seul,0.678125,0.850828729281768,0.2635135135135135,0.7364864864864865
00836244.png,compression_jpeg,fort,contraste_seul,0.7104166666666667,0.8784530386740331,0.16891891891891891,0.8310810810810811
00836244.png,compression_jpeg,fort,binarisation_seule,0.71875,0.8950276243093923,0.16216216216216217,0.8378378378378378
00836244.png,compression_jpeg,fort,pipeline_complet,0.803125,0.9005524861878453,0.12837837837837837,0.8716216216216216
0060094595.png,compression_jpeg,fort,aucun,0.8122270742358079,0.9496402877697842,0.23300970873786409,0.7669902912621359
0060094595.png,compression_jpeg,fort,deskew_seul,0.7685589519650655,0.9064748201438849,0.3106796116504854,0.6893203883495146
0060094595.png,compression_jpeg,fort,denoise_seul,0.8165938864628821,0.9496402877697842,0.27184466019417475,0.7281553398058253
0060094595.png,compression_jpeg,fort,contraste_seul,0.8326055312954876,0.9496402877697842,0.1553398058252427,0.8446601941747574
0060094595.png,compression_jpeg,fort,binarisation_seule,0.8326055312954876,0.9856115107913669,0.0970873786407767,0.9029126213592233
0060094595.png,compression_jpeg,fort,pipeline_complet,0.8078602620087336,0.9712230215827338,0.038834951456310676,0.9611650485436893
0060091229.png,compression_jpeg,fort,aucun,0.20751633986928106,0.45454545454545453,0.611764705882353,0.388235294117647
0060091229.png,compression_jpeg,fort,deskew_seul,0.20751633986928106,0.45454545454545453,0.611764705882353,0.388235294117647
0060091229.png,compression_jpeg,fort,denoise_seul,0.23202614379084968,0.45454545454545453,0.5764705882352941,0.42352941176470593
0060091229.png,compression_jpeg,fort,contraste_seul,0.3349673202614379,0.6262626262626263,0.4235294117647059,0.5764705882352941
0060091229.png,compression_jpeg,fort,binarisation_seule,0.5016339869281046,0.8787878787878788,0.21176470588235294,0.788235294117647
0060091229.png,compression_jpeg,fort,pipeline_complet,0.5375816993464052,0.8585858585858586,0.24705882352941178,0.7529411764705882
92298125.png,compression_jpeg,fort,aucun,0.3565989847715736,0.5357142857142857,0.6,0.4
92298125.png,compression_jpeg,fort,deskew_seul,0.43781725888324874,0.6071428571428571,0.4782608695652174,0.5217391304347826
92298125.png,compression_jpeg,fort,denoise_seul,0.33883248730964466,0.5071428571428571,0.6173913043478261,0.3826086956521739
92298125.png,compression_jpeg,fort,contraste_seul,0.42385786802030456,0.6428571428571429,0.5043478260869565,0.4956521739130435
92298125.png,compression_jpeg,fort,binarisation_seule,0.467005076142132,0.6642857142857143,0.4260869565217391,0.5739130434782609
92298125.png,compression_jpeg,fort,pipeline_complet,0.434010152284264,0.7857142857142857,0.40869565217391307,0.5913043478260869
89386032.png,compression_jpeg,fort,aucun,0.2981366459627329,0.4782608695652174,0.7721518987341772,0.22784810126582278
89386032.png,compression_jpeg,fort,deskew_seul,0.32298136645962733,0.5108695652173914,0.7848101265822784,0.21518987341772156
89386032.png,compression_jpeg,fort,denoise_seul,0.2950310559006211,0.4782608695652174,0.7848101265822784,0.21518987341772156
89386032.png,compression_jpeg,fort,contraste_seul,0.3338509316770186,0.5434782608695652,0.6962025316455697,0.30379746835443033
89386032.png,compression_jpeg,fort,binarisation_seule,0.4052795031055901,0.782608695652174,0.35443037974683544,0.6455696202531646
89386032.png,compression_jpeg,fort,pipeline_complet,0.39285714285714285,0.7282608695652174,0.4050632911392405,0.5949367088607596
0013255595.png,compression_jpeg,fort,aucun,0.47186147186147187,0.6764705882352942,0.6176470588235294,0.38235294117647056
0013255595.png,compression_jpeg,fort,deskew_seul,0.47186147186147187,0.6764705882352942,0.6176470588235294,0.38235294117647056
0013255595.png,compression_jpeg,fort,denoise_seul,0.47186147186147187,0.6764705882352942,0.6470588235294118,0.3529411764705882
0013255595.png,compression_jpeg,fort,contraste_seul,0.47619047619047616,0.6176470588235294,0.5588235294117647,0.4411764705882353
0013255595.png,compression_jpeg,fort,binarisation_seule,0.6623376623376623,1.1470588235294117,0.2647058823529412,0.7352941176470589
0013255595.png,compression_jpeg,fort,pipeline_complet,0.70995670995671,0.9117647058823529,0.3235294117647059,0.6764705882352942
87533049.png,compression_jpeg,fort,aucun,0.6363636363636364,0.9181818181818182,0.3333333333333333,0.6666666666666667
87533049.png,compression_jpeg,fort,deskew_seul,0.48165869218500795,0.8636363636363636,0.34408602150537637,0.6559139784946236
87533049.png,compression_jpeg,fort,denoise_seul,0.6475279106858054,0.9272727272727272,0.3333333333333333,0.6666666666666667
87533049.png,compression_jpeg,fort,contraste_seul,0.45933014354066987,0.8181818181818182,0.1935483870967742,0.8064516129032258
87533049.png,compression_jpeg,fort,binarisation_seule,0.5167464114832536,0.8818181818181818,0.12903225806451613,0.8709677419354839
87533049.png,compression_jpeg,fort,pipeline_complet,0.6650717703349283,0.9818181818181818,0.23655913978494625,0.7634408602150538
0060077689.png,compression_jpeg,fort,aucun,0.6841216216216216,0.8663366336633663,0.1949685534591195,0.8050314465408805
0060077689.png,compression_jpeg,fort,deskew_seul,0.6841216216216216,0.8663366336633663,0.1949685534591195,0.8050314465408805
0060077689.png,compression_jpeg,fort,denoise_seul,0.660472972972973,0.8613861386138614,0.27672955974842767,0.7232704402515724
0060077689.png,compression_jpeg,fort,contraste_seul,0.6908783783783784,0.8910891089108911,0.1949685534591195,0.8050314465408805
0060077689.png,compression_jpeg,fort,binarisation_seule,0.6680743243243243,0.9257425742574258,0.15723270440251572,0.8427672955974843
0060077689.png,compression_jpeg,fort,pipeline_complet,0.7516891891891891,0.9306930693069307,0.11949685534591195,0.8805031446540881
00866042.png,compression_jpeg,fort,aucun,0.6830357142857143,0.8134715025906736,0.43558282208588955,0.5644171779141105
00866042.png,compression_jpeg,fort,deskew_seul,0.6436011904761905,0.8082901554404145,0.4294478527607362,0.5705521472392638
00866042.png,compression_jpeg,fort,denoise_seul,0.6153273809523809,0.7979274611398963,0.4171779141104294,0.5828220858895705
00866042.png,compression_jpeg,fort,contraste_seul,0.6525297619047619,0.7927461139896373,0.31901840490797545,0.6809815950920246
00866042.png,compression_jpeg,fort,binarisation_seule,0.6860119047619048,0.9015544041450777,0.20245398773006135,0.7975460122699387
00866042.png,compression_jpeg,fort,pipeline_complet,0.6473214285714286,0.8497409326424871,0.17177914110429449,0.8282208588957055
91161344_91161347.png,compression_jpeg,fort,aucun,0.7425952045133991,0.9251968503937008,0.3287671232876712,0.6712328767123288
91161344_91161347.png,compression_jpeg,fort,deskew_seul,0.7545839210155149,0.937007874015748,0.3356164383561644,0.6643835616438356
91161344_91161347.png,compression_jpeg,fort,denoise_seul,0.729901269393512,0.937007874015748,0.3493150684931507,0.6506849315068493
91161344_91161347.png,compression_jpeg,fort,contraste_seul,0.7602256699576869,0.952755905511811,0.23972602739726026,0.7602739726027398
91161344_91161347.png,compression_jpeg,fort,binarisation_seule,0.8025387870239774,0.9881889763779528,0.17123287671232876,0.8287671232876712
91161344_91161347.png,compression_jpeg,fort,pipeline_complet,0.8300423131170663,0.9763779527559056,0.03424657534246575,0.9657534246575342
0011505151.png,compression_jpeg,fort,aucun,0.6211538461538462,0.8387096774193549,0.38271604938271603,0.617283950617284
0011505151.png,compression_jpeg,fort,deskew_seul,0.6115384615384616,0.8602150537634409,0.3333333333333333,0.6666666666666667
0011505151.png,compression_jpeg,fort,denoise_seul,0.6557692307692308,0.8279569892473119,0.4444444444444444,0.5555555555555556
0011505151.png,compression_jpeg,fort,contraste_seul,0.6019230769230769,0.8817204301075269,0.32098765432098764,0.6790123456790124
0011505151.png,compression_jpeg,fort,binarisation_seule,0.7769230769230769,0.946236559139785,0.2716049382716049,0.7283950617283951
0011505151.png,compression_jpeg,fort,pipeline_complet,0.7596153846153846,0.956989247311828,0.16049382716049382,0.8395061728395061
89368010.png,compression_jpeg,fort,aucun,0.48056155507559395,0.62,0.6238532110091743,0.37614678899082565
89368010.png,compression_jpeg,fort,deskew_seul,0.5118790496760259,0.64,0.4954128440366973,0.5045871559633027
89368010.png,compression_jpeg,fort,denoise_seul,0.4773218142548596,0.62,0.6238532110091743,0.37614678899082565
89368010.png,compression_jpeg,fort,contraste_seul,0.5237580993520519,0.64,0.5963302752293578,0.4036697247706422
89368010.png,compression_jpeg,fort,binarisation_seule,0.5572354211663066,0.74,0.41284403669724773,0.5871559633027523
89368010.png,compression_jpeg,fort,pipeline_complet,0.5604751619870411,0.7933333333333333,0.3119266055045872,0.6880733944954128
92433599_92433601.png,compression_jpeg,fort,aucun,0.3278327832783278,0.5140845070422535,0.6475409836065574,0.35245901639344257
92433599_92433601.png,compression_jpeg,fort,deskew_seul,0.4004400440044004,0.5845070422535211,0.4344262295081967,0.5655737704918034
92433599_92433601.png,compression_jpeg,fort,denoise_seul,0.32123212321232125,0.49295774647887325,0.6311475409836066,0.3688524590163934
92433599_92433601.png,compression_jpeg,fort,contraste_seul,0.3311331133113311,0.5211267605633803,0.6311475409836066,0.3688524590163934
92433599_92433601.png,compression_jpeg,fort,binarisation_seule,0.3025302530253025,0.5985915492957746,0.4672131147540984,0.5327868852459017
92433599_92433601.png,compression_jpeg,fort,pipeline_complet,0.5126512651265126,0.7183098591549296,0.4262295081967213,0.5737704918032787
0011906503.png,compression_jpeg,fort,aucun,0.5238693467336684,0.7851239669421488,0.5363128491620112,0.46368715083798884
0011906503.png,compression_jpeg,fort,deskew_seul,0.5238693467336684,0.7851239669421488,0.5363128491620112,0.46368715083798884
0011906503.png,compression_jpeg,fort,denoise_seul,0.5244974874371859,0.7892561983471075,0.5083798882681564,0.4916201117318436
0011906503.png,compression_jpeg,fort,contraste_seul,0.535175879396985,0.7933884297520661,0.43575418994413406,0.5642458100558659
0011906503.png,compression_jpeg,fort,binarisation_seule,0.6180904522613065,0.9710743801652892,0.2346368715083799,0.7653631284916201
0011906503.png,compression_jpeg,fort,pipeline_complet,0.6494974874371859,0.9421487603305785,0.16201117318435754,0.8379888268156425
0001463448.png,effet_scan_degrade,faible,aucun,0.20760233918128654,0.4049586776859504,0.7763157894736842,0.22368421052631582
0001463448.png,effet_scan_degrade,faible,deskew_seul,0.21783625730994152,0.4628099173553719,0.7105263157894737,0.2894736842105263
0001463448.png,effet_scan_degrade,faible,denoise_seul,0.3157894736842105,0.6363636363636364,0.7631578947368421,0.23684210526315785
0001463448.png,effet_scan_degrade,faible,contraste_seul,0.18421052631578946,0.4380165289256198,0.7631578947368421,0.23684210526315785
0001463448.png,effet_scan_degrade,faible,binarisation_seule,0.3157894736842105,0.5537190082644629,0.618421052631579,0.381578947368421
0001463448.png,effet_scan_degrade,faible,pipeline_complet,0.3260233918128655,0.6611570247933884,0.47368421052631576,0.5263157894736843
92314414.png,effet_scan_degrade,faible,aucun,0.24358974358974358,0.3375,0.8,0.19999999999999996
92314414.png,effet_scan_degrade,faible,deskew_seul,0.37037037037037035,0.5,0.7411764705882353,0.2588235294117647
92314414.png,effet_scan_degrade,faible,denoise_seul,0.25783475783475784,0.3416666666666667,0.8058823529411765,0.1941176470588235
92314414.png,effet_scan_degrade,faible,contraste_seul,0.26851851851851855,0.3625,0.7705882352941177,0.22941176470588232
92314414.png,effet_scan_degrade,faible,binarisation_seule,0.2564102564102564,0.4166666666666667,0.7235294117647059,0.27647058823529413
92314414.png,effet_scan_degrade,faible,pipeline_complet,0.3482905982905983,0.5833333333333334,0.5588235294117647,0.4411764705882353
0000999294.png,effet_scan_degrade,faible,aucun,0.7845238095238095,0.9694915254237289,0.2374429223744292,0.7625570776255708
0000999294.png,effet_scan_degrade,faible,deskew_seul,0.8226190476190476,0.9864406779661017,0.3424657534246575,0.6575342465753424
0000999294.png,effet_scan_degrade,faible,denoise_seul,0.794047619047619,0.9728813559322034,0.228310502283105,0.771689497716895
0000999294.png,effet_scan_degrade,faible,contraste_seul,0.7839285714285714,0.9694915254237289,0.2465753424657534,0.7534246575342466
0000999294.png,effet_scan_degrade,faible,binarisation_seule,0.7964285714285714,0.9728813559322034,0.2009132420091324,0.7990867579908676
0000999294.png,effet_scan_degrade,faible,pipeline_complet,0.7922619047619047,0.9796610169491525,0.1461187214611872,0.8538812785388128
0011859695.png,effet_scan_degrade,faible,aucun,0.379182156133829,0.609375,0.48672566371681414,0.5132743362831859
0011859695.png,effet_scan_degrade,faible,deskew_seul,0.379182156133829,0.609375,0.48672566371681414,0.5132743362831859
0011859695.png,effet_scan_degrade,faible,denoise_seul,0.34944237918215615,0.6171875,0.4690265486725664,0.5309734513274336
0011859695.png,effet_scan_degrade,faible,contraste_seul,0.3915737298636927,0.59375,0.46017699115044247,0.5398230088495575
0011859695.png,effet_scan_degrade,faible,binarisation_seule,0.4399008674101611,0.7421875,0.3805309734513274,0.6194690265486726
0011859695.png,effet_scan_degrade,faible,pipeline_complet,0.5216852540272615,0.84375,0.22123893805309736,0.7787610619469026
0060308461.png,effet_scan_degrade,faible,aucun,0.6268817204301075,0.9150326797385621,0.5217391304347826,0.4782608695652174
0060308461.png,effet_scan_degrade,faible,deskew_seul,0.6268817204301075,0.9150326797385621,0.5217391304347826,0.4782608695652174
0060308461.png,effet_scan_degrade,faible,denoise_seul,0.7408602150537634,0.9215686274509803,0.5304347826086957,0.4695652173913043
0060308461.png,effet_scan_degrade,faible,contraste_seul,0.5591397849462365,0.8562091503267973,0.4782608695652174,0.5217391304347826
0060308461.png,effet_scan_degrade,faible,binarisation_seule,0.7096774193548387,0.934640522875817,0.46956521739130436,0.5304347826086957
0060308461.png,effet_scan_degrade,faible,pipeline_complet,0.7494623655913979,0.9411764705882353,0.3652173913043478,0.6347826086956522
0060025670.png,effet_scan_degrade,faible,aucun,0.2732919254658385,0.3695652173913043,0.7209302325581395,0.2790697674418605
0060025670.png,effet_scan_degrade,faible,deskew_seul,0.40372670807453415,0.5652173913043478,0.627906976744186,0.37209302325581395
0060025670.png,effet_scan_degrade,faible,denoise_seul,0.3105590062111801,0.5434782608695652,0.5813953488372093,0.41860465116279066
0060025670.png,effet_scan_degrade,faible,contraste_seul,0.2701863354037267,0.3695652173913043,0.7209302325581395,0.2790697674418605
0060025670.png,effet_scan_degrade,faible,binarisation_seule,0.45652173913043476,0.8043478260869565,0.4418604651162791,0.5581395348837209
0060025670.png,effet_scan_degrade,faible,pipeline_complet,0.43167701863354035,0.717391304347826,0.3488372093023256,0.6511627906976745
81619486_9488.png,effet_scan_degrade,faible,aucun,0.9754010695187165,0.9935064935064936,0.011111111111111112,0.9888888888888889
81619486_9488.png,effet_scan_degrade,faible,deskew_seul,0.8855614973262033,0.9545454545454546,0.044444444444444446,0.9555555555555556
81619486_9488.png,effet_scan_degrade,faible,denoise_seul,0.8588235294117647,0.9415584415584416,0.12222222222222222,0.8777777777777778
81619486_9488.png,effet_scan_degrade,faible,contraste_seul,0.8106951871657754,0.9025974025974026,0.17777777777777778,0.8222222222222222
81619486_9488.png,effet_scan_degrade,faible,binarisation_seule,0.7037433155080214,0.8961038961038961,0.2222222222222222,0.7777777777777778
81619486_9488.png,effet_scan_degrade,faible,pipeline_complet,0.839572192513369,0.9675324675324676,0.03333333333333333,0.9666666666666667
91391286.png,effet_scan_degrade,faible,aucun,0.7243975903614458,0.8686868686868687,0.19101123595505617,0.8089887640449438
91391286.png,effet_scan_degrade,faible,deskew_seul,0.7243975903614458,0.8686868686868687,0.19101123595505617,0.8089887640449438
91391286.png,effet_scan_degrade,faible,denoise_seul,0.7831325301204819,0.8585858585858586,0.19101123595505617,0.8089887640449438
91391286.png,effet_scan_degrade,faible,contraste_seul,0.5301204819277109,0.7474747474747475,0.42696629213483145,0.5730337078651686
91391286.png,effet_scan_degrade,faible,binarisation_seule,0.5557228915662651,0.8080808080808081,0.2808988764044944,0.7191011235955056
91391286.png,effet_scan_degrade,faible,pipeline_complet,0.552710843373494,0.8484848484848485,0.2808988764044944,0.7191011235955056
91372360.png,effet_scan_degrade,faible,aucun,0.5077519379844961,0.7058823529411765,0.45689655172413796,0.5431034482758621
91372360.png,effet_scan_degrade,faible,deskew_seul,0.5103359173126615,0.6838235294117647,0.4396551724137931,0.5603448275862069
91372360.png,effet_scan_degrade,faible,denoise_seul,0.5180878552971576,0.7058823529411765,0.4482758620689655,0.5517241379310345
91372360.png,effet_scan_degrade,faible,contraste_seul,0.5361757105943152,0.7573529411764706,0.41379310344827586,0.5862068965517242
91372360.png,effet_scan_degrade,faible,binarisation_seule,0.5064599483204134,0.7794117647058824,0.3620689655172414,0.6379310344827587
91372360.png,effet_scan_degrade,faible,pipeline_complet,0.5348837209302325,0.8235294117647058,0.3103448275862069,0.6896551724137931
0060214859.png,effet_scan_degrade,faible,aucun,0.4722617354196302,0.6917293233082706,0.49523809523809526,0.5047619047619047
0060214859.png,effet_scan_degrade,faible,deskew_seul,0.4722617354196302,0.6917293233082706,0.49523809523809526,0.5047619047619047
0060214859.png,effet_scan_degrade,faible,denoise_seul,0.5291607396870555,0.7443609022556391,0.4666666666666667,0.5333333333333333
0060214859.png,effet_scan_degrade,faible,contraste_seul,0.6216216216216216,0.849624060150376,0.4095238095238095,0.5904761904761905
0060214859.png,effet_scan_degrade,faible,binarisation_seule,0.7553342816500711,0.8646616541353384,0.4666666666666667,0.5333333333333333
0060214859.png,effet_scan_degrade,faible,pipeline_complet,0.5732574679943101,0.849624060150376,0.2857142857142857,0.7142857142857143
81310636.png,effet_scan_degrade,faible,aucun,0.3410041841004184,0.5342465753424658,0.625,0.375
81310636.png,effet_scan_degrade,faible,deskew_seul,0.4246861924686193,0.6301369863013698,0.44642857142857145,0.5535714285714286
81310636.png,effet_scan_degrade,faible,denoise_seul,0.46234309623430964,0.6164383561643836,0.5357142857142857,0.4642857142857143
81310636.png,effet_scan_degrade,faible,contraste_seul,0.39539748953974896,0.547945205479452,0.5535714285714286,0.4464285714285714
81310636.png,effet_scan_degrade,faible,binarisation_seule,0.4456066945606695,0.6986301369863014,0.35714285714285715,0.6428571428571428
81310636.png,effet_scan_degrade,faible,pipeline_complet,0.47489539748953974,0.726027397260274,0.3392857142857143,0.6607142857142857
0001485288.png,effet_scan_degrade,faible,aucun,0.32482993197278914,0.58,0.6551724137931034,0.3448275862068966
0001485288.png,effet_scan_degrade,faible,deskew_seul,0.35034013605442177,0.58,0.6781609195402298,0.32183908045977017
0001485288.png,effet_scan_degrade,faible,denoise_seul,0.33163265306122447,0.56,0.6091954022988506,0.3908045977011494
0001485288.png,effet_scan_degrade,faible,contraste_seul,0.3333333333333333,0.59,0.6551724137931034,0.3448275862068966
0001485288.png,effet_scan_degrade,faible,binarisation_seule,0.3673469387755102,0.72,0.5402298850574713,0.45977011494252873
0001485288.png,effet_scan_degrade,faible,pipeline_complet,0.4064625850340136,0.75,0.47126436781609193,0.5287356321839081
80310840a.png,effet_scan_degrade,faible,aucun,0.6626596543951916,0.8,0.2606060606060606,0.7393939393939394
80310840a.png,effet_scan_degrade,faible,deskew_seul,0.628099173553719,0.7857142857142857,0.28484848484848485,0.7151515151515151
80310840a.png,effet_scan_degrade,faible,denoise_seul,0.7302779864763336,0.8142857142857143,0.21212121212121213,0.7878787878787878
80310840a.png,effet_scan_degrade,faible,contraste_seul,0.6393688955672426,0.780952380952381,0.30303030303030304,0.696969696969697
80310840a.png,effet_scan_degrade,faible,binarisation_seule,0.6235912847483095,0.819047619047619,0.19393939393939394,0.806060606060606
80310840a.png,effet_scan_degrade,faible,pipeline_complet,0.7595792637114951,0.9047619047619048,0.11515151515151516,0.8848484848484849
0000971160.png,effet_scan_degrade,faible,aucun,0.20920502092050208,0.46206896551724136,0.6206896551724138,0.3793103448275862
0000971160.png,effet_scan_degrade,faible,deskew_seul,0.20920502092050208,0.46206896551724136,0.6206896551724138,0.3793103448275862
0000971160.png,effet_scan_degrade,faible,denoise_seul,0.24372384937238495,0.4896551724137931,0.5689655172413793,0.43103448275862066
0000971160.png,effet_scan_degrade,faible,contraste_seul,0.17782426778242677,0.4482758620689655,0.6637931034482759,0.3362068965517241
0000971160.png,effet_scan_degrade,faible,binarisation_seule,0.3577405857740586,0.7103448275862069,0.3793103448275862,0.6206896551724138
0000971160.png,effet_scan_degrade,faible,pipeline_complet,0.4341004184100418,0.7793103448275862,0.25862068965517243,0.7413793103448276
80718412_8413.png,effet_scan_degrade,faible,aucun,0.592079207920792,0.7469879518072289,0.5454545454545454,0.4545454545454546
80718412_8413.png,effet_scan_degrade,faible,deskew_seul,0.6158415841584158,0.7590361445783133,0.4696969696969697,0.5303030303030303
80718412_8413.png,effet_scan_degrade,faible,denoise_seul,0.7148514851485148,0.8674698795180723,0.30303030303030304,0.696969696969697
80718412_8413.png,effet_scan_degrade,faible,contraste_seul,0.4534653465346535,0.7108433734939759,0.5454545454545454,0.4545454545454546
80718412_8413.png,effet_scan_degrade,faible,binarisation_seule,0.5326732673267327,0.8554216867469879,0.2878787878787879,0.7121212121212122
80718412_8413.png,effet_scan_degrade,faible,pipeline_complet,0.5168316831683168,0.7951807228915663,0.2878787878787879,0.7121212121212122
00851772_1780.png,effet_scan_degrade,moyen,aucun,0.7268965517241379,0.8073394495412844,0.1956521739130435,0.8043478260869565
00851772_1780.png,effet_scan_degrade,moyen,deskew_seul,0.7268965517241379,0.7889908256880734,0.21739130434782608,0.782608695652174
00851772_1780.png,effet_scan_degrade,moyen,denoise_seul,0.903448275862069,0.9357798165137615,0.07608695652173914,0.9239130434782609
00851772_1780.png,effet_scan_degrade,moyen,contraste_seul,0.7544827586206897,0.8165137614678899,0.1956521739130435,0.8043478260869565
00851772_1780.png,effet_scan_degrade,moyen,binarisation_seule,0.7103448275862069,0.8990825688073395,0.10869565217391304,0.8913043478260869
00851772_1780.png,effet_scan_degrade,moyen,pipeline_complet,0.7144827586206897,0.926605504587156,0.07608695652173914,0.9239130434782609
89867723.png,effet_scan_degrade,moyen,aucun,0.5636509207365893,0.7853658536585366,0.3167701863354037,0.6832298136645962
89867723.png,effet_scan_degrade,moyen,deskew_seul,0.6180944755804644,0.7951219512195122,0.2732919254658385,0.7267080745341614
89867723.png,effet_scan_degrade,moyen,denoise_seul,0.5060048038430744,0.7317073170731707,0.34782608695652173,0.6521739130434783
89867723.png,effet_scan_degrade,moyen,contraste_seul,0.9071257005604484,0.9902439024390244,0.018633540372670808,0.9813664596273292
89867723.png,effet_scan_degrade,moyen,binarisation_seule,0.622898318654924,0.8780487804878049,0.13664596273291926,0.8633540372670807
89867723.png,effet_scan_degrade,moyen,pipeline_complet,0.5572457966373099,0.8926829268292683,0.14285714285714285,0.8571428571428572
00920294.png,effet_scan_degrade,moyen,aucun,0.6967871485943775,0.8478260869565217,0.25609756097560976,0.7439024390243902
00920294.png,effet_scan_degrade,moyen,deskew_seul,0.6967871485943775,0.8478260869565217,0.25609756097560976,0.7439024390243902
00920294.png,effet_scan_degrade,moyen,denoise_seul,0.6907630522088354,0.8913043478260869,0.25609756097560976,0.7439024390243902
00920294.png,effet_scan_degrade,moyen,contraste_seul,0.893574297188755,0.9565217391304348,0.06097560975609756,0.9390243902439024
00920294.png,effet_scan_degrade,moyen,binarisation_seule,0.7650602409638554,0.9347826086956522,0.0975609756097561,0.9024390243902439
00920294.png,effet_scan_degrade,moyen,pipeline_complet,0.7530120481927711,0.9347826086956522,0.07317073170731707,0.926829268292683
87533049.png,effet_scan_degrade,moyen,aucun,0.6283891547049442,0.8636363636363636,0.25806451612903225,0.7419354838709677
87533049.png,effet_scan_degrade,moyen,deskew_seul,0.583732057416268,0.8727272727272727,0.3333333333333333,0.6666666666666667
87533049.png,effet_scan_degrade,moyen,denoise_seul,0.6586921850079744,0.9,0.21505376344086022,0.7849462365591398
87533049.png,effet_scan_degrade,moyen,contraste_seul,0.6842105263157895,0.9545454545454546,0.27956989247311825,0.7204301075268817
87533049.png,effet_scan_degrade,moyen,binarisation_seule,0.583732057416268,0.9363636363636364,0.1935483870967742,0.8064516129032258
87533049.png,effet_scan_degrade,moyen,pipeline_complet,0.733652312599681,0.9727272727272728,0.07526881720430108,0.9247311827956989
92657311_7313.png,effet_scan_degrade,moyen,aucun,0.6453125,0.8130841121495327,0.3956043956043956,0.6043956043956045
92657311_7313.png,effet_scan_degrade,moyen,deskew_seul,0.5515625,0.7570093457943925,0.4835164835164835,0.5164835164835164
92657311_7313.png,effet_scan_degrade,moyen,denoise_seul,0.6171875,0.8598130841121495,0.24175824175824176,0.7582417582417582
92657311_7313.png,effet_scan_degrade,moyen,contraste_seul,0.815625,0.8878504672897196,0.21978021978021978,0.7802197802197802
92657311_7313.png,effet_scan_degrade,moyen,binarisation_seule,0.596875,0.8411214953271028,0.2857142857142857,0.7142857142857143
92657311_7313.png,effet_scan_degrade,moyen,pipeline_complet,0.7,0.897196261682243,0.17582417582417584,0.8241758241758241
91391286.png,effet_scan_degrade,moyen,aucun,0.5,0.7373737373737373,0.4157303370786517,0.5842696629213483
91391286.png,effet_scan_degrade,moyen,deskew_seul,0.5,0.7373737373737373,0.4157303370786517,0.5842696629213483
91391286.png,effet_scan_degrade,moyen,denoise_seul,0.8162650602409639,0.8787878787878788,0.16853932584269662,0.8314606741573034
91391286.png,effet_scan_degrade,moyen,contraste_seul,0.49698795180722893,0.7373737373737373,0.3595505617977528,0.6404494382022472
91391286.png,effet_scan_degrade,moyen,binarisation_seule,0.7921686746987951,0.9696969696969697,0.056179775280898875,0.9438202247191011
91391286.png,effet_scan_degrade,moyen,pipeline_complet,0.7695783132530121,0.9494949494949495,0.0898876404494382,0.9101123595505618
0060000813.png,effet_scan_degrade,moyen,aucun,0.7294617563739377,0.9238095238095239,0.40625,0.59375
0060000813.png,effet_scan_degrade,moyen,deskew_seul,0.7294617563739377,0.9238095238095239,0.40625,0.59375
0060000813.png,effet_scan_degrade,moyen,denoise_seul,0.7521246458923513,0.9714285714285714,0.1875,0.8125
0060000813.png,effet_scan_degrade,moyen,contraste_seul,0.7705382436260623,0.8761904761904762,0.265625,0.734375
0060000813.png,effet_scan_degrade,moyen,binarisation_seule,0.7705382436260623,1.0095238095238095,0.203125,0.796875
0060000813.png,effet_scan_degrade,moyen,pipeline_complet,0.78328611898017,1.0,0.109375,0.890625
0060091229.png,effet_scan_degrade,moyen,aucun,0.9199346405228758,0.9797979797979798,0.023529411764705882,0.9764705882352941
0060091229.png,effet_scan_degrade,moyen,deskew_seul,0.9199346405228758,0.9797979797979798,0.023529411764705882,0.9764705882352941
0060091229.png,effet_scan_degrade,moyen,denoise_seul,0.7107843137254902,0.8585858585858586,0.16470588235294117,0.8352941176470589
0060091229.png,effet_scan_degrade,moyen,contraste_seul,0.8415032679738562,0.9292929292929293,0.08235294117647059,0.9176470588235294
0060091229.png,effet_scan_degrade,moyen,binarisation_seule,0.6633986928104575,0.898989898989899,0.11764705882352941,0.8823529411764706
0060091229.png,effet_scan_degrade,moyen,pipeline_complet,0.6372549019607843,0.9292929292929293,0.12941176470588237,0.8705882352941177
01073843.png,effet_scan_degrade,moyen,aucun,0.9535545023696682,0.9766081871345029,0.02702702702702703,0.972972972972973
01073843.png,effet_scan_degrade,moyen,deskew_seul,0.9620853080568721,0.9707602339181286,0.02702702702702703,0.972972972972973
01073843.png,effet_scan_degrade,moyen,denoise_seul,1.0,1.0,0.0,1.0
01073843.png,effet_scan_degrade,moyen,contraste_seul,0.976303317535545,1.0,0.0,1.0
01073843.png,effet_scan_degrade,moyen,binarisation_seule,0.9696682464454977,0.9766081871345029,0.02027027027027027,0.9797297297297297
01073843.png,effet_scan_degrade,moyen,pipeline_complet,0.9545023696682464,0.9941520467836257,0.006756756756756757,0.9932432432432432
0060255888.png,effet_scan_degrade,moyen,aucun,0.36670687575392036,0.6044776119402985,0.5,0.5
0060255888.png,effet_scan_degrade,moyen,deskew_seul,0.36670687575392036,0.6044776119402985,0.5,0.5
0060255888.png,effet_scan_degrade,moyen,denoise_seul,0.5657418576598311,0.7910447761194029,0.25961538461538464,0.7403846153846154
0060255888.png,effet_scan_degrade,moyen,contraste_seul,0.48612786489746684,0.7238805970149254,0.375,0.625
0060255888.png,effet_scan_degrade,moyen,binarisation_seule,0.451145958986731,0.7761194029850746,0.3173076923076923,0.6826923076923077
0060255888.png,effet_scan_degrade,moyen,pipeline_complet,0.6212303980699638,0.9477611940298507,0.21153846153846154,0.7884615384615384
0001477983.png,effet_scan_degrade,moyen,aucun,0.5196977873718295,0.726643598615917,0.6,0.4
0001477983.png,effet_scan_degrade,moyen,deskew_seul,0.5196977873718295,0.726643598615917,0.6,0.4
0001477983.png,effet_scan_degrade,moyen,denoise_seul,0.5736643281165678,0.7923875432525952,0.35789473684210527,0.6421052631578947
0001477983.png,effet_scan_degrade,moyen,contraste_seul,0.5812196438208311,0.7854671280276817,0.38421052631578945,0.6157894736842106
0001477983.png,effet_scan_degrade,moyen,binarisation_seule,0.5855369670804101,0.8581314878892734,0.22631578947368422,0.7736842105263158
0001477983.png,effet_scan_degrade,moyen,pipeline_complet,0.6351861845655693,0.8823529411764706,0.15263157894736842,0.8473684210526315
93455715.png,effet_scan_degrade,moyen,aucun,0.8055207026348808,0.8881118881118881,0.29545454545454547,0.7045454545454546
93455715.png,effet_scan_degrade,moyen,deskew_seul,0.6737766624843162,0.8251748251748252,0.29545454545454547,0.7045454545454546
93455715.png,effet_scan_degrade,moyen,denoise_seul,0.7766624843161857,0.916083916083916,0.25,0.75
93455715.png,effet_scan_degrade,moyen,contraste_seul,0.8155583437892095,0.8811188811188811,0.22727272727272727,0.7727272727272727
93455715.png,effet_scan_degrade,moyen,binarisation_seule,0.6398996235884568,0.8671328671328671,0.3409090909090909,0.6590909090909092
93455715.png,effet_scan_degrade,moyen,pipeline_complet,0.7867001254705144,0.951048951048951,0.07954545454545454,0.9204545454545454
92314414.png,effet_scan_degrade,moyen,aucun,0.3903133903133903,0.4875,0.6470588235294118,0.3529411764705882
92314414.png,effet_scan_degrade,moyen,deskew_seul,0.5185185185185185,0.6666666666666666,0.48823529411764705,0.5117647058823529
92314414.png,effet_scan_degrade,moyen,denoise_seul,0.30484330484330485,0.42083333333333334,0.6764705882352942,0.32352941176470584
92314414.png,effet_scan_degrade,moyen,contraste_seul,0.32336182336182334,0.45,0.6705882352941176,0.3294117647058824
92314414.png,effet_scan_degrade,moyen,binarisation_seule,0.28846153846153844,0.4875,0.611764705882353,0.388235294117647
92314414.png,effet_scan_degrade,moyen,pipeline_complet,0.41381766381766383,0.6916666666666667,0.3764705882352941,0.6235294117647059
0001485288.png,effet_scan_degrade,moyen,aucun,0.38095238095238093,0.68,0.5632183908045977,0.4367816091954023
0001485288.png,effet_scan_degrade,moyen,deskew_seul,0.3741496598639456,0.66,0.5977011494252874,0.4022988505747126
0001485288.png,effet_scan_degrade,moyen,denoise_seul,0.4523809523809524,0.74,0.40229885057471265,0.5977011494252873
0001485288.png,effet_scan_degrade,moyen,contraste_seul,0.44047619047619047,0.73,0.45977011494252873,0.5402298850574713
0001485288.png,effet_scan_degrade,moyen,binarisation_seule,0.42517006802721086,0.87,0.3448275862068966,0.6551724137931034
0001485288.png,effet_scan_degrade,moyen,pipeline_complet,0.5272108843537415,0.93,0.16091954022988506,0.8390804597701149
01408099_01408101.png,effet_scan_degrade,moyen,aucun,0.7910085054678008,0.8854961832061069,0.21428571428571427,0.7857142857142857
01408099_01408101.png,effet_scan_degrade,moyen,deskew_seul,0.8517618469015796,0.9465648854961832,0.17346938775510204,0.826530612244898
01408099_01408101.png,effet_scan_degrade,moyen,denoise_seul,0.9210206561360875,0.9618320610687023,0.05102040816326531,0.9489795918367347
01408099_01408101.png,effet_scan_degrade,moyen,contraste_seul,0.9246658566221142,0.9618320610687023,0.07142857142857142,0.9285714285714286
01408099_01408101.png,effet_scan_degrade,moyen,binarisation_seule,0.7095990279465371,0.9007633587786259,0.2653061224489796,0.7346938775510203
01408099_01408101.png,effet_scan_degrade,moyen,pipeline_complet,0.7691373025516404,0.9541984732824428,0.12244897959183673,0.8775510204081632
0001477983.png,effet_scan_degrade,fort,aucun,0.6492174851592013,0.889273356401384,0.19473684210526315,0.8052631578947369
0001477983.png,effet_scan_degrade,fort,deskew_seul,0.6492174851592013,0.889273356401384,0.19473684210526315,0.8052631578947369
0001477983.png,effet_scan_degrade,fort,denoise_seul,0.8494333513221802,0.9826989619377162,0.02631578947368421,0.9736842105263158
0001477983.png,effet_scan_degrade,fort,contraste_seul,0.7987048030221263,0.9134948096885813,0.12105263157894737,0.8789473684210526
0001477983.png,effet_scan_degrade,fort,binarisation_seule,0.6805180787911494,0.916955017301038,0.11052631578947368,0.8894736842105263
0001477983.png,effet_scan_degrade,fort,pipeline_complet,0.7495952509444145,0.9757785467128027,0.031578947368421054,0.968421052631579
0001463448.png,effet_scan_degrade,fort,aucun,0.5862573099415205,0.8842975206611571,0.21052631578947367,0.7894736842105263
0001463448.png,effet_scan_degrade,fort,deskew_seul,0.783625730994152,0.9256198347107438,0.15789473684210525,0.8421052631578947
0001463448.png,effet_scan_degrade,fort,denoise_seul,0.8698830409356725,0.9752066115702479,0.039473684210526314,0.9605263157894737
0001463448.png,effet_scan_degrade,fort,contraste_seul,0.6505847953216374,0.8347107438016529,0.2631578947368421,0.736842105263158
0001463448.png,effet_scan_degrade,fort,binarisation_seule,0.5497076023391813,0.9421487603305785,0.19736842105263158,0.8026315789473684
0001463448.png,effet_scan_degrade,fort,pipeline_complet,0.7397660818713451,0.9917355371900827,0.039473684210526314,0.9605263157894737
91361993.png,effet_scan_degrade,fort,aucun,0.9879725085910653,1.0,0.0,1.0
91361993.png,effet_scan_degrade,fort,deskew_seul,1.0,1.0,0.0,1.0
91361993.png,effet_scan_degrade,fort,denoise_seul,0.9862542955326461,1.0,0.0,1.0
91361993.png,effet_scan_degrade,fort,contraste_seul,0.9862542955326461,1.0,0.0,1.0
91361993.png,effet_scan_degrade,fort,binarisation_seule,0.9243986254295533,0.9907407407407407,0.012987012987012988,0.987012987012987
91361993.png,effet_scan_degrade,fort,pipeline_complet,0.9862542955326461,1.0,0.0,1.0
91903177.png,effet_scan_degrade,fort,aucun,1.0,1.0,0.0,1.0
91903177.png,effet_scan_degrade,fort,deskew_seul,1.0,1.0,0.0,1.0
91903177.png,effet_scan_degrade,fort,denoise_seul,0.958904109589041,1.0,0.0,1.0
91903177.png,effet_scan_degrade,fort,contraste_seul,0.9965753424657534,1.0,0.0,1.0
91903177.png,effet_scan_degrade,fort,binarisation_seule,0.7191780821917808,0.9622641509433962,0.14666666666666667,0.8533333333333333
91903177.png,effet_scan_degrade,fort,pipeline_complet,0.9931506849315068,1.0,0.0,1.0
92094746.png,effet_scan_degrade,fort,aucun,0.7461706783369803,0.9605263157894737,0.15833333333333333,0.8416666666666667
92094746.png,effet_scan_degrade,fort,deskew_seul,0.6903719912472648,0.9473684210526315,0.2,0.8
92094746.png,effet_scan_degrade,fort,denoise_seul,0.7669584245076586,1.0,0.008333333333333333,0.9916666666666667
92094746.png,effet_scan_degrade,fort,contraste_seul,0.7024070021881839,0.9013157894736842,0.19166666666666668,0.8083333333333333
92094746.png,effet_scan_degrade,fort,binarisation_seule,0.7177242888402626,0.9736842105263158,0.11666666666666667,0.8833333333333333
92094746.png,effet_scan_degrade,fort,pipeline_complet,0.7735229759299781,0.993421052631579,0.03333333333333333,0.9666666666666667
0060007216.png,effet_scan_degrade,fort,aucun,0.7996108949416343,0.9761904761904762,0.0273972602739726,0.9726027397260274
0060007216.png,effet_scan_degrade,fort,deskew_seul,0.7996108949416343,0.9761904761904762,0.0273972602739726,0.9726027397260274
0060007216.png,effet_scan_degrade,fort,denoise_seul,0.9007782101167315,0.9880952380952381,0.0136986301369863,0.9863013698630136
0060007216.png,effet_scan_degrade,fort,contraste_seul,0.8949416342412452,0.9880952380952381,0.0136986301369863,0.9863013698630136
0060007216.png,effet_scan_degrade,fort,binarisation_seule,0.6556420233463035,0.8928571428571429,0.0958904109589041,0.904109589041096
0060007216.png,effet_scan_degrade,fort,pipeline_complet,0.8268482490272373,1.0,0.0,1.0
91939637.png,effet_scan_degrade,fort,aucun,1.0,1.0,0.0,1.0
91939637.png,effet_scan_degrade,fort,deskew_seul,1.0,1.0,0.0,1.0
91939637.png,effet_scan_degrade,fort,denoise_seul,1.0,1.0,0.0,1.0
91939637.png,effet_scan_degrade,fort,contraste_seul,0.8378076062639821,0.9699248120300752,0.05825242718446602,0.941747572815534
91939637.png,effet_scan_degrade,fort,binarisation_seule,0.7080536912751678,0.9323308270676691,0.13592233009708737,0.8640776699029127
91939637.png,effet_scan_degrade,fort,pipeline_complet,0.8870246085011185,0.9924812030075187,0.02912621359223301,0.970873786407767
0011838621.png,effet_scan_degrade,fort,aucun,0.7690029615004936,0.9817073170731707,0.024390243902439025,0.975609756097561
0011838621.png,effet_scan_degrade,fort,deskew_seul,0.7996051332675223,0.9634146341463414,0.04878048780487805,0.9512195121951219
0011838621.png,effet_scan_degrade,fort,denoise_seul,0.9466929911154985,1.0,0.0,1.0
0011838621.png,effet_scan_degrade,fort,contraste_seul,0.861796643632774,0.9878048780487805,0.016260162601626018,0.983739837398374
0011838621.png,effet_scan_degrade,fort,binarisation_seule,0.7314906219151036,0.9512195121951219,0.04065040650406504,0.959349593495935
0011838621.png,effet_scan_degrade,fort,pipeline_complet,0.7759131293188549,0.9817073170731707,0.008130081300813009,0.991869918699187
0060080406.png,effet_scan_degrade,fort,aucun,0.7295873573309921,0.8241758241758241,0.17532467532467533,0.8246753246753247
0060080406.png,effet_scan_degrade,fort,deskew_seul,0.7295873573309921,0.8241758241758241,0.17532467532467533,0.8246753246753247
0060080406.png,effet_scan_degrade,fort,denoise_seul,0.797190517998244,0.9560439560439561,0.05194805194805195,0.948051948051948
0060080406.png,effet_scan_degrade,fort,contraste_seul,0.8208955223880597,0.8681318681318682,0.12987012987012986,0.8701298701298701
0060080406.png,effet_scan_degrade,fort,binarisation_seule,0.6812993854258121,0.9065934065934066,0.1038961038961039,0.8961038961038961
0060080406.png,effet_scan_degrade,fort,pipeline_complet,0.8823529411764706,0.9945054945054945,0.006493506493506494,0.9935064935064936
00070353.png,effet_scan_degrade,fort,aucun,0.7369727047146402,0.9047619047619048,0.1588785046728972,0.8411214953271028
00070353.png,effet_scan_degrade,fort,deskew_seul,0.8089330024813896,0.9285714285714286,0.102803738317757,0.897196261682243
00070353.png,effet_scan_degrade,fort,denoise_seul,0.8287841191066998,0.9285714285714286,0.102803738317757,0.897196261682243
00070353.png,effet_scan_degrade,fort,contraste_seul,0.7667493796526055,0.8968253968253969,0.1308411214953271,0.8691588785046729
00070353.png,effet_scan_degrade,fort,binarisation_seule,0.728287841191067,0.8968253968253969,0.16822429906542055,0.8317757009345794
00070353.png,effet_scan_degrade,fort,pipeline_complet,0.7791563275434243,0.9682539682539683,0.056074766355140186,0.9439252336448598
0060308461.png,effet_scan_degrade,fort,aucun,0.7774193548387097,0.9084967320261438,0.2608695652173913,0.7391304347826086
0060308461.png,effet_scan_degrade,fort,deskew_seul,0.7774193548387097,0.9084967320261438,0.2608695652173913,0.7391304347826086
0060308461.png,effet_scan_degrade,fort,denoise_seul,0.8419354838709677,0.9607843137254902,0.06956521739130435,0.9304347826086956
0060308461.png,effet_scan_degrade,fort,contraste_seul,0.7505376344086021,0.954248366013072,0.24347826086956523,0.7565217391304347
0060308461.png,effet_scan_degrade,fort,binarisation_seule,0.7913978494623656,0.9477124183006536,0.19130434782608696,0.808695652173913
0060308461.png,effet_scan_degrade,fort,pipeline_complet,0.9075268817204301,1.0,0.0,1.0
81574683.png,effet_scan_degrade,fort,aucun,0.67773851590106,0.8658008658008658,0.2648648648648649,0.7351351351351352
81574683.png,effet_scan_degrade,fort,deskew_seul,0.7208480565371025,0.9307359307359307,0.15675675675675677,0.8432432432432433
81574683.png,effet_scan_degrade,fort,denoise_seul,0.984452296819788,1.0,0.0,1.0
81574683.png,effet_scan_degrade,fort,contraste_seul,0.6183745583038869,0.8181818181818182,0.31891891891891894,0.681081081081081
81574683.png,effet_scan_degrade,fort,binarisation_seule,0.742756183745583,0.922077922077922,0.0972972972972973,0.9027027027027027
81574683.png,effet_scan_degrade,fort,pipeline_complet,0.7441696113074205,0.9956709956709957,0.021621621621621623,0.9783783783783784
0012199830.png,effet_scan_degrade,fort,aucun,0.9400826446280992,0.9879518072289156,0.014285714285714285,0.9857142857142858
0012199830.png,effet_scan_degrade,fort,deskew_seul,0.7293388429752066,0.927710843373494,0.1,0.9
0012199830.png,effet_scan_degrade,fort,denoise_seul,0.9400826446280992,0.9879518072289156,0.014285714285714285,0.9857142857142858
0012199830.png,effet_scan_degrade,fort,contraste_seul,0.8615702479338843,0.9759036144578314,0.04285714285714286,0.9571428571428572
0012199830.png,effet_scan_degrade,fort,binarisation_seule,0.8037190082644629,0.9879518072289156,0.02857142857142857,0.9714285714285714
0012199830.png,effet_scan_degrade,fort,pipeline_complet,0.8099173553719008,1.0,0.014285714285714285,0.9857142857142858
93329540.png,effet_scan_degrade,fort,aucun,1.0,1.0,0.0,1.0
93329540.png,effet_scan_degrade,fort,deskew_seul,0.8922829581993569,0.9826086956521739,0.022988505747126436,0.9770114942528736
93329540.png,effet_scan_degrade,fort,denoise_seul,1.0,1.0,0.0,1.0
93329540.png,effet_scan_degrade,fort,contraste_seul,1.0,1.0,0.0,1.0
93329540.png,effet_scan_degrade,fort,binarisation_seule,1.0,1.0,0.0,1.0
93329540.png,effet_scan_degrade,fort,pipeline_complet,0.932475884244373,0.991304347826087,0.011494252873563218,0.9885057471264368
00836244.png,effet_scan_degrade,fort,aucun,0.9927083333333333,1.0,0.0,1.0
00836244.png,effet_scan_degrade,fort,deskew_seul,0.9927083333333333,1.0,0.0,1.0
00836244.png,effet_scan_degrade,fort,denoise_seul,1.0,1.0,0.0,1.0
00836244.png,effet_scan_degrade,fort,contraste_seul,1.0,1.0,0.0,1.0
00836244.png,effet_scan_degrade,fort,binarisation_seule,0.91875,0.9668508287292817,0.04054054054054054,0.9594594594594594
00836244.png,effet_scan_degrade,fort,pipeline_complet,0.9614583333333333,0.994475138121547,0.006756756756756757,0.9932432432432432
93455715.png,distorsion_decalage,faible,aucun,0.37641154328732745,0.5734265734265734,0.8409090909090909,0.15909090909090906
93455715.png,distorsion_decalage,faible,deskew_seul,0.5595984943538268,0.7762237762237763,0.4090909090909091,0.5909090909090908
93455715.png,distorsion_decalage,faible,denoise_seul,0.37892095357590966,0.5594405594405595,0.8409090909090909,0.15909090909090906
93455715.png,distorsion_decalage,faible,contraste_seul,0.383939774153074,0.5524475524475524,0.7613636363636364,0.23863636363636365
93455715.png,distorsion_decalage,faible,binarisation_seule,0.40526976160602257,0.6503496503496503,0.6704545454545454,0.3295454545454546
93455715.png,distorsion_decalage,faible,pipeline_complet,0.7653701380175659,0.9230769230769231,0.1590909090909091,0.8409090909090909
0001456787.png,distorsion_decalage,faible,aucun,0.5903361344537815,0.9281437125748503,0.5473684210526316,0.4526315789473684
0001456787.png,distorsion_decalage,faible,deskew_seul,0.6502100840336135,0.9341317365269461,0.3473684210526316,0.6526315789473685
0001456787.png,distorsion_decalage,faible,denoise_seul,0.7279411764705882,0.9221556886227545,0.17894736842105263,0.8210526315789474
0001456787.png,distorsion_decalage,faible,contraste_seul,0.6050420168067226,0.8383233532934131,0.49473684210526314,0.5052631578947369
0001456787.png,distorsion_decalage,faible,binarisation_seule,0.6397058823529411,0.9580838323353293,0.37894736842105264,0.6210526315789473
0001456787.png,distorsion_decalage,faible,pipeline_complet,0.592436974789916,0.9341317365269461,0.11578947368421053,0.8842105263157894
0011838621.png,distorsion_decalage,faible,aucun,0.6781836130306022,0.7865853658536586,0.4878048780487805,0.5121951219512195
0011838621.png,distorsion_decalage,faible,deskew_seul,0.667324777887463,0.7987804878048781,0.43902439024390244,0.5609756097560976
0011838621.png,distorsion_decalage,faible,denoise_seul,0.6584402764067128,0.8170731707317073,0.5121951219512195,0.4878048780487805
0011838621.png,distorsion_decalage,faible,contraste_seul,0.6742349457058243,0.823170731707317,0.43902439024390244,0.5609756097560976
0011838621.png,distorsion_decalage,faible,binarisation_seule,0.7581441263573544,0.926829268292683,0.25203252032520324,0.7479674796747968
0011838621.png,distorsion_decalage,faible,pipeline_complet,0.6762092793682132,0.8780487804878049,0.3089430894308943,0.6910569105691057
82254638.png,distorsion_decalage,faible,aucun,0.5120192307692307,0.6906474820143885,0.5673076923076923,0.4326923076923077
82254638.png,distorsion_decalage,faible,deskew_seul,0.5997596153846154,0.7482014388489209,0.5192307692307693,0.4807692307692307
82254638.png,distorsion_decalage,faible,denoise_seul,0.5108173076923077,0.7122302158273381,0.5384615384615384,0.46153846153846156
82254638.png,distorsion_decalage,faible,contraste_seul,0.5516826923076923,0.7482014388489209,0.5096153846153846,0.4903846153846154
82254638.png,distorsion_decalage,faible,binarisation_seule,0.5336538461538461,0.762589928057554,0.375,0.625
82254638.png,distorsion_decalage,faible,pipeline_complet,0.578125,0.8345323741007195,0.3173076923076923,0.6826923076923077
93213298.png,distorsion_decalage,faible,aucun,0.42504409171075835,0.6612903225806451,0.7131782945736435,0.28682170542635654
93213298.png,distorsion_decalage,faible,deskew_seul,0.41534391534391535,0.6182795698924731,0.7286821705426356,0.2713178294573644
93213298.png,distorsion_decalage,faible,denoise_seul,0.42063492063492064,0.6290322580645161,0.751937984496124,0.24806201550387597
93213298.png,distorsion_decalage,faible,contraste_seul,0.4038800705467372,0.6021505376344086,0.7054263565891473,0.2945736434108527
93213298.png,distorsion_decalage,faible,binarisation_seule,0.5026455026455027,0.8225806451612904,0.5813953488372093,0.41860465116279066
93213298.png,distorsion_decalage,faible,pipeline_complet,0.4876543209876543,0.8172043010752689,0.4573643410852713,0.5426356589147288
92081358_1359.png,distorsion_decalage,faible,aucun,0.3404494382022472,0.5222929936305732,0.616,0.384
92081358_1359.png,distorsion_decalage,faible,deskew_seul,0.3202247191011236,0.5286624203821656,0.688,0.31200000000000006
92081358_1359.png,distorsion_decalage,faible,denoise_seul,0.3202247191011236,0.5095541401273885,0.608,0.392
92081358_1359.png,distorsion_decalage,faible,contraste_seul,0.3539325842696629,0.535031847133758,0.584,0.41600000000000004
92081358_1359.png,distorsion_decalage,faible,binarisation_seule,0.4247191011235955,0.7898089171974523,0.448,0.552
92081358_1359.png,distorsion_decalage,faible,pipeline_complet,0.5528089887640449,0.7961783439490446,0.264,0.736
01408099_01408101.png,distorsion_decalage,faible,aucun,0.5625759416767923,0.7251908396946565,0.673469387755102,0.326530612244898
01408099_01408101.png,distorsion_decalage,faible,deskew_seul,0.6111786148238153,0.8244274809160306,0.6428571428571429,0.3571428571428571
01408099_01408101.png,distorsion_decalage,faible,denoise_seul,0.56865127582017,0.7786259541984732,0.6530612244897959,0.34693877551020413
01408099_01408101.png,distorsion_decalage,faible,contraste_seul,0.6002430133657352,0.816793893129771,0.6836734693877551,0.3163265306122449
01408099_01408101.png,distorsion_decalage,faible,binarisation_seule,0.6075334143377886,0.8931297709923665,0.5816326530612245,0.41836734693877553
01408099_01408101.png,distorsion_decalage,faible,pipeline_complet,0.6804374240583232,0.9236641221374046,0.3469387755102041,0.653061224489796
00838511_00838525.png,distorsion_decalage,faible,aucun,0.38596491228070173,0.47540983606557374,0.5555555555555556,0.4444444444444444
00838511_00838525.png,distorsion_decalage,faible,deskew_seul,0.42355889724310775,0.5081967213114754,0.5185185185185185,0.4814814814814815
00838511_00838525.png,distorsion_decalage,faible,denoise_seul,0.38596491228070173,0.45901639344262296,0.5555555555555556,0.4444444444444444
00838511_00838525.png,distorsion_decalage,faible,contraste_seul,0.41102756892230574,0.5081967213114754,0.5185185185185185,0.4814814814814815
00838511_00838525.png,distorsion_decalage,faible,binarisation_seule,0.39097744360902253,0.5737704918032787,0.46296296296296297,0.537037037037037
00838511_00838525.png,distorsion_decalage,faible,pipeline_complet,0.5263157894736842,0.7213114754098361,0.2777777777777778,0.7222222222222222
0060173256.png,distorsion_decalage,faible,aucun,0.782608695652174,0.9032258064516129,0.24444444444444444,0.7555555555555555
0060173256.png,distorsion_decalage,faible,deskew_seul,0.7803203661327232,0.9516129032258065,0.2,0.8
0060173256.png,distorsion_decalage,faible,denoise_seul,0.8009153318077803,0.9032258064516129,0.28888888888888886,0.7111111111111111
0060173256.png,distorsion_decalage,faible,contraste_seul,0.7848970251716247,0.9032258064516129,0.17777777777777778,0.8222222222222222
0060173256.png,distorsion_decalage,faible,binarisation_seule,0.7505720823798627,0.9354838709677419,0.2222222222222222,0.7777777777777778
0060173256.png,distorsion_decalage,faible,pipeline_complet,0.8146453089244852,0.9354838709677419,0.15555555555555556,0.8444444444444444
0071032790.png,distorsion_decalage,faible,aucun,0.5644171779141104,0.620253164556962,0.8461538461538461,0.15384615384615385
0071032790.png,distorsion_decalage,faible,deskew_seul,0.5685071574642127,0.6329113924050633,0.8,0.19999999999999996
0071032790.png,distorsion_decalage,faible,denoise_seul,0.5603271983640081,0.5949367088607594,0.8615384615384616,0.1384615384615384
0071032790.png,distorsion_decalage,faible,contraste_seul,0.4396728016359918,0.5569620253164557,0.8307692307692308,0.16923076923076918
0071032790.png,distorsion_decalage,faible,binarisation_seule,0.4130879345603272,0.620253164556962,0.6923076923076923,0.3076923076923077
0071032790.png,distorsion_decalage,faible,pipeline_complet,0.46421267893660534,0.7721518987341772,0.5692307692307692,0.4307692307692308
00851772_1780.png,distorsion_decalage,faible,aucun,0.4993103448275862,0.6238532110091743,0.4782608695652174,0.5217391304347826
00851772_1780.png,distorsion_decalage,faible,deskew_seul,0.5117241379310344,0.6605504587155964,0.5217391304347826,0.4782608695652174
00851772_1780.png,distorsion_decalage,faible,denoise_seul,0.5020689655172413,0.6422018348623854,0.4891304347826087,0.5108695652173914
00851772_1780.png,distorsion_decalage,faible,contraste_seul,0.5048275862068966,0.6513761467889908,0.4891304347826087,0.5108695652173914
00851772_1780.png,distorsion_decalage,faible,binarisation_seule,0.5558620689655173,0.7247706422018348,0.32608695652173914,0.6739130434782609
00851772_1780.png,distorsion_decalage,faible,pipeline_complet,0.6344827586206897,0.8348623853211009,0.16304347826086957,0.8369565217391304
81186212.png,distorsion_decalage,faible,aucun,0.07692307692307693,0.11290322580645161,0.9122807017543859,0.08771929824561409
81186212.png,distorsion_decalage,faible,deskew_seul,0.11421911421911422,0.16129032258064516,0.9473684210526315,0.052631578947368474
81186212.png,distorsion_decalage,faible,denoise_seul,0.06526806526806526,0.0967741935483871,0.9298245614035088,0.07017543859649122
81186212.png,distorsion_decalage,faible,contraste_seul,0.21445221445221446,0.3225806451612903,0.9122807017543859,0.08771929824561409
81186212.png,distorsion_decalage,faible,binarisation_seule,0.07692307692307693,0.16129032258064516,0.8421052631578947,0.1578947368421053
81186212.png,distorsion_decalage,faible,pipeline_complet,0.19114219114219114,0.43548387096774194,0.8245614035087719,0.17543859649122806
0012602424.png,distorsion_decalage,faible,aucun,0.6488,0.7990867579908676,0.38650306748466257,0.6134969325153374
0012602424.png,distorsion_decalage,faible,deskew_seul,0.648,0.8036529680365296,0.43558282208588955,0.5644171779141105
0012602424.png,distorsion_decalage,faible,denoise_seul,0.6304,0.7990867579908676,0.4233128834355828,0.5766871165644172
0012602424.png,distorsion_decalage,faible,contraste_seul,0.6528,0.8036529680365296,0.36809815950920244,0.6319018404907976
0012602424.png,distorsion_decalage,faible,binarisation_seule,0.6488,0.821917808219178,0.38650306748466257,0.6134969325153374
0012602424.png,distorsion_decalage,faible,pipeline_complet,0.66,0.863013698630137,0.27607361963190186,0.7239263803680982
01122115.png,distorsion_decalage,faible,aucun,0.7115804806991989,0.8404255319148937,0.6302083333333334,0.36979166666666663
01122115.png,distorsion_decalage,faible,deskew_seul,0.7115804806991989,0.8404255319148937,0.6302083333333334,0.36979166666666663
01122115.png,distorsion_decalage,faible,denoise_seul,0.7101238164603059,0.8368794326241135,0.6354166666666666,0.36458333333333337
01122115.png,distorsion_decalage,faible,contraste_seul,0.7035688273852877,0.8085106382978723,0.6458333333333334,0.35416666666666663
01122115.png,distorsion_decalage,faible,binarisation_seule,0.6984705025491624,0.8404255319148937,0.578125,0.421875
01122115.png,distorsion_decalage,faible,pipeline_complet,0.7064821558630736,0.851063829787234,0.5416666666666666,0.45833333333333337
91104867.png,distorsion_decalage,faible,aucun,1.0188034188034187,1.4367816091954022,0.6133333333333333,0.3866666666666667
91104867.png,distorsion_decalage,faible,deskew_seul,0.9247863247863248,1.3218390804597702,0.49333333333333335,0.5066666666666666
91104867.png,distorsion_decalage,faible,denoise_seul,0.8700854700854701,1.0459770114942528,0.44,0.56
91104867.png,distorsion_decalage,faible,contraste_seul,0.976068376068376,1.3218390804597702,0.6266666666666667,0.3733333333333333
91104867.png,distorsion_decalage,faible,binarisation_seule,0.9418803418803419,1.2528735632183907,0.48,0.52
91104867.png,distorsion_decalage,faible,pipeline_complet,0.8170940170940171,0.896551724137931,0.21333333333333335,0.7866666666666666
01408099_01408101.png,distorsion_decalage,moyen,aucun,0.5808019441069259,0.7862595419847328,0.7142857142857143,0.2857142857142857
01408099_01408101.png,distorsion_decalage,moyen,deskew_seul,0.574726609963548,0.7862595419847328,0.6632653061224489,0.33673469387755106
01408099_01408101.png,distorsion_decalage,moyen,denoise_seul,0.6087484811664642,0.8549618320610687,0.7142857142857143,0.2857142857142857
01408099_01408101.png,distorsion_decalage,moyen,contraste_seul,0.574726609963548,0.8091603053435115,0.6122448979591837,0.3877551020408163
01408099_01408101.png,distorsion_decalage,moyen,binarisation_seule,0.6597812879708383,0.9923664122137404,0.5,0.5
01408099_01408101.png,distorsion_decalage,moyen,pipeline_complet,0.6452004860267315,0.9694656488549618,0.3979591836734694,0.6020408163265306
00093726.png,distorsion_decalage,moyen,aucun,0.6215816703621582,0.7543103448275862,0.5950920245398773,0.4049079754601227
00093726.png,distorsion_decalage,moyen,deskew_seul,0.6215816703621582,0.7543103448275862,0.5950920245398773,0.4049079754601227
00093726.png,distorsion_decalage,moyen,denoise_seul,0.7524020694752402,0.8620689655172413,0.6441717791411042,0.35582822085889576
00093726.png,distorsion_decalage,moyen,contraste_seul,0.7102734663710274,0.8146551724137931,0.6196319018404908,0.3803680981595092
00093726.png,distorsion_decalage,moyen,binarisation_seule,0.7065779748706578,0.8232758620689655,0.5766871165644172,0.4233128834355828
00093726.png,distorsion_decalage,moyen,pipeline_complet,0.7110125646711013,0.875,0.3128834355828221,0.6871165644171779
0000990274.png,distorsion_decalage,moyen,aucun,0.6054913294797688,0.7727272727272727,0.4,0.6
0000990274.png,distorsion_decalage,moyen,deskew_seul,0.6054913294797688,0.7727272727272727,0.4,0.6
0000990274.png,distorsion_decalage,moyen,denoise_seul,0.42485549132947975,0.5909090909090909,0.62,0.38
0000990274.png,distorsion_decalage,moyen,contraste_seul,0.37716763005780346,0.5757575757575758,0.6,0.4
0000990274.png,distorsion_decalage,moyen,binarisation_seule,0.5924855491329479,0.8181818181818182,0.29,0.71
0000990274.png,distorsion_decalage,moyen,pipeline_complet,0.5173410404624278,0.8257575757575758,0.26,0.74
91104867.png,distorsion_decalage,moyen,aucun,0.9794871794871794,1.2873563218390804,0.5066666666666667,0.4933333333333333
91104867.png,distorsion_decalage,moyen,deskew_seul,0.9794871794871794,1.367816091954023,0.4266666666666667,0.5733333333333333
91104867.png,distorsion_decalage,moyen,denoise_seul,0.976068376068376,1.2988505747126438,0.56,0.43999999999999995
91104867.png,distorsion_decalage,moyen,contraste_seul,1.0598290598290598,1.528735632183908,0.5333333333333333,0.4666666666666667
91104867.png,distorsion_decalage,moyen,binarisation_seule,1.0136752136752136,1.4252873563218391,0.37333333333333335,0.6266666666666667
91104867.png,distorsion_decalage,moyen,pipeline_complet,0.9401709401709402,0.9885057471264368,0.02666666666666667,0.9733333333333334
93213298.png,distorsion_decalage,moyen,aucun,0.5740740740740741,0.8387096774193549,0.6046511627906976,0.39534883720930236
93213298.png,distorsion_decalage,moyen,deskew_seul,0.6472663139329806,0.8494623655913979,0.5193798449612403,0.48062015503875966
93213298.png,distorsion_decalage,moyen,denoise_seul,0.582010582010582,0.8010752688172043,0.5813953488372093,0.41860465116279066
93213298.png,distorsion_decalage,moyen,contraste_seul,0.591710758377425,0.7741935483870968,0.4806201550387597,0.5193798449612403
93213298.png,distorsion_decalage,moyen,binarisation_seule,0.5802469135802469,0.8709677419354839,0.46511627906976744,0.5348837209302326
93213298.png,distorsion_decalage,moyen,pipeline_complet,0.6313932980599647,0.8655913978494624,0.3023255813953488,0.6976744186046512
0011906503.png,distorsion_decalage,moyen,aucun,0.5201005025125628,0.6900826446280992,0.7374301675977654,0.26256983240223464
0011906503.png,distorsion_decalage,moyen,deskew_seul,0.5389447236180904,0.743801652892562,0.6871508379888268,0.3128491620111732
0011906503.png,distorsion_decalage,moyen,denoise_seul,0.5364321608040201,0.7107438016528925,0.7374301675977654,0.26256983240223464
0011906503.png,distorsion_decalage,moyen,contraste_seul,0.5314070351758794,0.7066115702479339,0.7039106145251397,0.2960893854748603
0011906503.png,distorsion_decalage,moyen,binarisation_seule,0.6859296482412061,0.9132231404958677,0.41899441340782123,0.5810055865921788
0011906503.png,distorsion_decalage,moyen,pipeline_complet,0.6670854271356784,0.8925619834710744,0.31843575418994413,0.6815642458100559
92298125.png,distorsion_decalage,moyen,aucun,0.2652284263959391,0.39285714285714285,0.7739130434782608,0.22608695652173916
92298125.png,distorsion_decalage,moyen,deskew_seul,0.3565989847715736,0.4785714285714286,0.6521739130434783,0.34782608695652173
92298125.png,distorsion_decalage,moyen,denoise_seul,0.4251269035532995,0.4714285714285714,0.6260869565217392,0.3739130434782608
92298125.png,distorsion_decalage,moyen,contraste_seul,0.2703045685279188,0.39285714285714285,0.7913043478260869,0.20869565217391306
92298125.png,distorsion_decalage,moyen,binarisation_seule,0.4365482233502538,0.6714285714285714,0.4608695652173913,0.5391304347826087
92298125.png,distorsion_decalage,moyen,pipeline_complet,0.36548223350253806,0.65,0.4782608695652174,0.5217391304347826
0060214859.png,distorsion_decalage,moyen,aucun,0.41251778093883357,0.6466165413533834,0.5238095238095238,0.47619047619047616
0060214859.png,distorsion_decalage,moyen,deskew_seul,0.44950213371266,0.7142857142857143,0.5428571428571428,0.4571428571428572
0060214859.png,distorsion_decalage,moyen,denoise_seul,0.4352773826458037,0.6616541353383458,0.5428571428571428,0.4571428571428572
0060214859.png,distorsion_decalage,moyen,contraste_seul,0.49359886201991465,0.7218045112781954,0.5047619047619047,0.49523809523809526
0060214859.png,distorsion_decalage,moyen,binarisation_seule,0.5633001422475107,0.7969924812030075,0.44761904761904764,0.5523809523809524
0060214859.png,distorsion_decalage,moyen,pipeline_complet,0.5533428165007113,0.7894736842105263,0.4,0.6
91914407.png,distorsion_decalage,moyen,aucun,0.27848101265822783,0.44954128440366975,0.7415730337078652,0.2584269662921348
91914407.png,distorsion_decalage,moyen,deskew_seul,0.29430379746835444,0.47706422018348627,0.6853932584269663,0.3146067415730337
91914407.png,distorsion_decalage,moyen,denoise_seul,0.2800632911392405,0.45871559633027525,0.7303370786516854,0.2696629213483146
91914407.png,distorsion_decalage,moyen,contraste_seul,0.28639240506329117,0.43119266055045874,0.7191011235955056,0.2808988764044944
91914407.png,distorsion_decalage,moyen,binarisation_seule,0.31170886075949367,0.5229357798165137,0.6741573033707865,0.3258426966292135
91914407.png,distorsion_decalage,moyen,pipeline_complet,0.37816455696202533,0.6055045871559633,0.5168539325842697,0.4831460674157303
00851772_1780.png,distorsion_decalage,moyen,aucun,0.646896551724138,0.8715596330275229,0.2391304347826087,0.7608695652173914
00851772_1780.png,distorsion_decalage,moyen,deskew_seul,0.5503448275862068,0.7339449541284404,0.41304347826086957,0.5869565217391304
00851772_1780.png,distorsion_decalage,moyen,denoise_seul,0.5613793103448276,0.7981651376146789,0.34782608695652173,0.6521739130434783
00851772_1780.png,distorsion_decalage,moyen,contraste_seul,0.5282758620689655,0.6972477064220184,0.5108695652173914,0.48913043478260865
00851772_1780.png,distorsion_decalage,moyen,binarisation_seule,0.5806896551724138,0.7706422018348624,0.30434782608695654,0.6956521739130435
00851772_1780.png,distorsion_decalage,moyen,pipeline_complet,0.64,0.8623853211009175,0.2608695652173913,0.7391304347826086
0012602424.png,distorsion_decalage,moyen,aucun,0.612,0.7990867579908676,0.4233128834355828,0.5766871165644172
0012602424.png,distorsion_decalage,moyen,deskew_seul,0.6392,0.8036529680365296,0.4539877300613497,0.5460122699386503
0012602424.png,distorsion_decalage,moyen,denoise_seul,0.5456,0.7077625570776256,0.4601226993865031,0.5398773006134969
0012602424.png,distorsion_decalage,moyen,contraste_seul,0.6088,0.7579908675799086,0.3803680981595092,0.6196319018404908
0012602424.png,distorsion_decalage,moyen,binarisation_seule,0.6512,0.821917808219178,0.3558282208588957,0.6441717791411044
0012602424.png,distorsion_decalage,moyen,pipeline_complet,0.652,0.8401826484018264,0.294478527607362,0.705521472392638
71190280.png,distorsion_decalage,moyen,aucun,0.6383442265795207,0.803030303030303,0.6785714285714286,0.3214285714285714
71190280.png,distorsion_decalage,moyen,deskew_seul,0.7233115468409586,0.9242424242424242,0.7142857142857143,0.2857142857142857
71190280.png,distorsion_decalage,moyen,denoise_seul,0.7429193899782135,0.9696969696969697,0.6785714285714286,0.3214285714285714
71190280.png,distorsion_decalage,moyen,contraste_seul,0.7058823529411765,0.8787878787878788,0.6607142857142857,0.3392857142857143
71190280.png,distorsion_decalage,moyen,binarisation_seule,0.6710239651416122,0.8636363636363636,0.5,0.5
71190280.png,distorsion_decalage,moyen,pipeline_complet,0.8474945533769063,1.1818181818181819,0.39285714285714285,0.6071428571428572
00070353.png,distorsion_decalage,moyen,aucun,0.598014888337469,0.7380952380952381,0.3925233644859813,0.6074766355140186
00070353.png,distorsion_decalage,moyen,deskew_seul,0.3002481389578164,0.48412698412698413,0.6635514018691588,0.33644859813084116
00070353.png,distorsion_decalage,moyen,denoise_seul,0.39950372208436724,0.5793650793650794,0.6074766355140186,0.39252336448598135
00070353.png,distorsion_decalage,moyen,contraste_seul,0.29528535980148884,0.4603174603174603,0.616822429906542,0.383177570093458
00070353.png,distorsion_decalage,moyen,binarisation_seule,0.6203473945409429,0.7936507936507936,0.3177570093457944,0.6822429906542056
00070353.png,distorsion_decalage,moyen,pipeline_complet,0.49379652605459057,0.7301587301587301,0.37383177570093457,0.6261682242990654
0071032807.png,distorsion_decalage,moyen,aucun,0.3584070796460177,0.5,0.6721311475409836,0.3278688524590164
0071032807.png,distorsion_decalage,moyen,deskew_seul,0.37168141592920356,0.5588235294117647,0.6721311475409836,0.3278688524590164
0071032807.png,distorsion_decalage,moyen,denoise_seul,0.336283185840708,0.4852941176470588,0.6721311475409836,0.3278688524590164
0071032807.png,distorsion_decalage,moyen,contraste_seul,0.3584070796460177,0.6029411764705882,0.639344262295082,0.360655737704918
0071032807.png,distorsion_decalage,moyen,binarisation_seule,0.4247787610619469,0.6764705882352942,0.4262295081967213,0.5737704918032787
0071032807.png,distorsion_decalage,moyen,pipeline_complet,0.45353982300884954,0.7794117647058824,0.39344262295081966,0.6065573770491803
71563825.png,distorsion_decalage,moyen,aucun,0.49183673469387756,0.6833333333333333,0.4588235294117647,0.5411764705882354
71563825.png,distorsion_decalage,moyen,deskew_seul,0.3761904761904762,0.6208333333333333,0.5411764705882353,0.45882352941176474
71563825.png,distorsion_decalage,moyen,denoise_seul,0.39591836734693875,0.7,0.5411764705882353,0.45882352941176474
71563825.png,distorsion_decalage,moyen,contraste_seul,0.3299319727891156,0.525,0.6058823529411764,0.3941176470588236
71563825.png,distorsion_decalage,moyen,binarisation_seule,0.35714285714285715,0.625,0.45294117647058824,0.5470588235294118
71563825.png,distorsion_decalage,moyen,pipeline_complet,0.6653061224489796,0.9208333333333333,0.11176470588235295,0.888235294117647
00920222.png,distorsion_decalage,fort,aucun,0.5428015564202334,0.6966292134831461,0.6573426573426573,0.3426573426573427
00920222.png,distorsion_decalage,fort,deskew_seul,0.5428015564202334,0.6966292134831461,0.6573426573426573,0.3426573426573427
00920222.png,distorsion_decalage,fort,denoise_seul,0.5058365758754864,0.6741573033707865,0.6433566433566433,0.35664335664335667
00920222.png,distorsion_decalage,fort,contraste_seul,0.4717898832684825,0.6348314606741573,0.5734265734265734,0.42657342657342656
00920222.png,distorsion_decalage,fort,binarisation_seule,0.7928015564202334,0.9382022471910112,0.1888111888111888,0.8111888111888113
00920222.png,distorsion_decalage,fort,pipeline_complet,0.6488326848249028,0.8258426966292135,0.2867132867132867,0.7132867132867133
0060007216.png,distorsion_decalage,fort,aucun,0.48443579766536965,0.6428571428571429,0.6027397260273972,0.3972602739726028
0060007216.png,distorsion_decalage,fort,deskew_seul,0.6750972762645915,0.7976190476190477,0.589041095890411,0.410958904109589
0060007216.png,distorsion_decalage,fort,denoise_seul,0.4649805447470817,0.5952380952380952,0.6438356164383562,0.3561643835616438
0060007216.png,distorsion_decalage,fort,contraste_seul,0.5719844357976653,0.6785714285714286,0.6575342465753424,0.34246575342465757
0060007216.png,distorsion_decalage,fort,binarisation_seule,0.6770428015564203,0.8452380952380952,0.5753424657534246,0.4246575342465754
0060007216.png,distorsion_decalage,fort,pipeline_complet,0.7120622568093385,0.9285714285714286,0.3013698630136986,0.6986301369863014
88547278_88547279.png,distorsion_decalage,fort,aucun,0.7182587666263603,1.112781954887218,0.6260162601626016,0.3739837398373984
88547278_88547279.png,distorsion_decalage,fort,deskew_seul,0.6541717049576784,1.0150375939849625,0.5609756097560976,0.4390243902439024
88547278_88547279.png,distorsion_decalage,fort,denoise_seul,0.6831922611850061,1.0751879699248121,0.5934959349593496,0.4065040650406504
88547278_88547279.png,distorsion_decalage,fort,contraste_seul,0.39177750906892383,0.5338345864661654,0.6910569105691057,0.3089430894308943
88547278_88547279.png,distorsion_decalage,fort,binarisation_seule,0.49334945586457074,0.7142857142857143,0.45528455284552843,0.5447154471544715
88547278_88547279.png,distorsion_decalage,fort,pipeline_complet,0.6384522370012092,0.9624060150375939,0.3902439024390244,0.6097560975609756
92327794.png,distorsion_decalage,fort,aucun,0.4375,0.5454545454545454,0.5588235294117647,0.4411764705882353
92327794.png,distorsion_decalage,fort,deskew_seul,0.6183035714285714,0.7792207792207793,0.3088235294117647,0.6911764705882353
92327794.png,distorsion_decalage,fort,denoise_seul,0.4330357142857143,0.5454545454545454,0.5735294117647058,0.42647058823529416
92327794.png,distorsion_decalage,fort,contraste_seul,0.44419642857142855,0.5454545454545454,0.5588235294117647,0.4411764705882353
92327794.png,distorsion_decalage,fort,binarisation_seule,0.42857142857142855,0.8051948051948052,0.38235294117647056,0.6176470588235294
92327794.png,distorsion_decalage,fort,pipeline_complet,0.9419642857142857,1.0,0.0,1.0
01150773_01150774.png,distorsion_decalage,fort,aucun,0.8115799803729146,0.906832298136646,0.21323529411764705,0.7867647058823529
01150773_01150774.png,distorsion_decalage,fort,deskew_seul,0.8891069676153092,0.9627329192546584,0.08088235294117647,0.9191176470588235
01150773_01150774.png,distorsion_decalage,fort,denoise_seul,0.8145240431795878,0.906832298136646,0.20588235294117646,0.7941176470588236
01150773_01150774.png,distorsion_decalage,fort,contraste_seul,0.8105986261040236,0.8944099378881988,0.22058823529411764,0.7794117647058824
01150773_01150774.png,distorsion_decalage,fort,binarisation_seule,0.8263002944062807,0.937888198757764,0.17647058823529413,0.8235294117647058
01150773_01150774.png,distorsion_decalage,fort,pipeline_complet,0.8488714425907753,0.9565217391304348,0.07352941176470588,0.9264705882352942
92094746.png,distorsion_decalage,fort,aucun,0.6236323851203501,0.7697368421052632,0.5666666666666667,0.43333333333333335
92094746.png,distorsion_decalage,fort,deskew_seul,0.5886214442013129,0.756578947368421,0.5833333333333334,0.41666666666666663
92094746.png,distorsion_decalage,fort,denoise_seul,0.6105032822757112,0.7763157894736842,0.5583333333333333,0.44166666666666665
92094746.png,distorsion_decalage,fort,contraste_seul,0.5984682713347921,0.756578947368421,0.6416666666666667,0.3583333333333333
92094746.png,distorsion_decalage,fort,binarisation_seule,0.6258205689277899,0.8092105263157895,0.5166666666666667,0.4833333333333333
92094746.png,distorsion_decalage,fort,pipeline_complet,0.6159737417943107,0.8421052631578947,0.35833333333333334,0.6416666666666666
0000990274.png,distorsion_decalage,fort,aucun,0.4956647398843931,0.7045454545454546,0.49,0.51
0000990274.png,distorsion_decalage,fort,deskew_seul,0.5303468208092486,0.7424242424242424,0.36,0.64
0000990274.png,distorsion_decalage,fort,denoise_seul,0.5794797687861272,0.7954545454545454,0.37,0.63
0000990274.png,distorsion_decalage,fort,contraste_seul,0.5592485549132948,0.7878787878787878,0.39,0.61
0000990274.png,distorsion_decalage,fort,binarisation_seule,0.5895953757225434,0.9090909090909091,0.32,0.6799999999999999
0000990274.png,distorsion_decalage,fort,pipeline_complet,0.5722543352601156,0.8106060606060606,0.21,0.79
92586242.png,distorsion_decalage,fort,aucun,0.526,0.7160493827160493,0.463768115942029,0.536231884057971
92586242.png,distorsion_decalage,fort,deskew_seul,0.422,0.7407407407407407,0.4057971014492754,0.5942028985507246
92586242.png,distorsion_decalage,fort,denoise_seul,0.508,0.7037037037037037,0.4782608695652174,0.5217391304347826
92586242.png,distorsion_decalage,fort,contraste_seul,0.486,0.7283950617283951,0.4492753623188406,0.5507246376811594
92586242.png,distorsion_decalage,fort,binarisation_seule,0.482,0.691358024691358,0.43478260869565216,0.5652173913043479
92586242.png,distorsion_decalage,fort,pipeline_complet,0.532,0.7901234567901234,0.2608695652173913,0.7391304347826086
01122115.png,distorsion_decalage,fort,aucun,0.7334304442825929,0.8865248226950354,0.6145833333333334,0.38541666666666663
01122115.png,distorsion_decalage,fort,deskew_seul,0.7174071376547706,0.8794326241134752,0.5416666666666666,0.45833333333333337
01122115.png,distorsion_decalage,fort,denoise_seul,0.7305171158048069,0.8687943262411347,0.6041666666666666,0.39583333333333337
01122115.png,distorsion_decalage,fort,contraste_seul,0.607428987618354,0.7553191489361702,0.6354166666666666,0.36458333333333337
01122115.png,distorsion_decalage,fort,binarisation_seule,0.7370721048798252,0.900709219858156,0.5052083333333334,0.49479166666666663
01122115.png,distorsion_decalage,fort,pipeline_complet,0.7378004369992717,0.9113475177304965,0.4635416666666667,0.5364583333333333
0011973451.png,distorsion_decalage,fort,aucun,0.4882860665844636,0.7258064516129032,0.3925233644859813,0.6074766355140186
0011973451.png,distorsion_decalage,fort,deskew_seul,0.5474722564734895,0.7661290322580645,0.42990654205607476,0.5700934579439252
0011973451.png,distorsion_decalage,fort,denoise_seul,0.47102342786683105,0.7096774193548387,0.4205607476635514,0.5794392523364487
0011973451.png,distorsion_decalage,fort,contraste_seul,0.49815043156596794,0.7258064516129032,0.40186915887850466,0.5981308411214954
0011973451.png,distorsion_decalage,fort,binarisation_seule,0.5351418002466092,0.7741935483870968,0.34579439252336447,0.6542056074766356
0011973451.png,distorsion_decalage,fort,pipeline_complet,0.5807644882860666,0.7983870967741935,0.2616822429906542,0.7383177570093458
0012947358.png,distorsion_decalage,fort,aucun,0.5545050055617352,0.7916666666666666,0.5,0.5
0012947358.png,distorsion_decalage,fort,deskew_seul,0.5044493882091212,0.7361111111111112,0.5327102803738317,0.4672897196261683
0012947358.png,distorsion_decalage,fort,denoise_seul,0.5278086763070078,0.7326388888888888,0.5093457943925234,0.49065420560747663
0012947358.png,distorsion_decalage,fort,contraste_seul,0.44271412680756395,0.6701388888888888,0.5467289719626168,0.4532710280373832
0012947358.png,distorsion_decalage,fort,binarisation_seule,0.5672969966629589,0.8506944444444444,0.411214953271028,0.5887850467289719
0012947358.png,distorsion_decalage,fort,pipeline_complet,0.5695216907675195,0.8194444444444444,0.3364485981308411,0.6635514018691588
00851772_1780.png,distorsion_decalage,fort,aucun,0.5489655172413793,0.6972477064220184,0.3695652173913043,0.6304347826086957
00851772_1780.png,distorsion_decalage,fort,deskew_seul,0.8386206896551724,0.8899082568807339,0.18478260869565216,0.8152173913043479
00851772_1780.png,distorsion_decalage,fort,denoise_seul,0.543448275862069,0.7064220183486238,0.33695652173913043,0.6630434782608696
00851772_1780.png,distorsion_decalage,fort,contraste_seul,0.6027586206896551,0.7522935779816514,0.32608695652173914,0.6739130434782609
00851772_1780.png,distorsion_decalage,fort,binarisation_seule,0.6151724137931035,0.8348623853211009,0.1956521739130435,0.8043478260869565
00851772_1780.png,distorsion_decalage,fort,pipeline_complet,0.8206896551724138,0.963302752293578,0.043478260869565216,0.9565217391304348
0012178355.png,distorsion_decalage,fort,aucun,0.5396975425330813,0.7549668874172185,0.6454545454545455,0.3545454545454545
0012178355.png,distorsion_decalage,fort,deskew_seul,0.5784499054820416,0.8741721854304636,0.5272727272727272,0.4727272727272728
0012178355.png,distorsion_decalage,fort,denoise_seul,0.6181474480151229,0.8211920529801324,0.5727272727272728,0.42727272727272725
0012178355.png,distorsion_decalage,fort,contraste_seul,0.4621928166351607,0.6423841059602649,0.6,0.4
0012178355.png,distorsion_decalage,fort,binarisation_seule,0.553875236294896,0.8145695364238411,0.4909090909090909,0.509090909090909
0012178355.png,distorsion_decalage,fort,pipeline_complet,0.7145557655954632,0.9337748344370861,0.13636363636363635,0.8636363636363636
0011974919.png,distorsion_decalage,fort,aucun,0.42915531335149865,0.6203703703703703,0.7722772277227723,0.2277227722772277
0011974919.png,distorsion_decalage,fort,deskew_seul,0.42915531335149865,0.6203703703703703,0.7722772277227723,0.2277227722772277
0011974919.png,distorsion_decalage,fort,denoise_seul,0.4196185286103542,0.6388888888888888,0.7425742574257426,0.25742574257425743
0011974919.png,distorsion_decalage,fort,contraste_seul,0.42370572207084467,0.6296296296296297,0.7128712871287128,0.28712871287128716
0011974919.png,distorsion_decalage,fort,binarisation_seule,0.4822888283378747,0.7962962962962963,0.40594059405940597,0.594059405940594
0011974919.png,distorsion_decalage,fort,pipeline_complet,0.5953678474114441,0.8333333333333334,0.26732673267326734,0.7326732673267327
0060000813.png,distorsion_decalage,fort,aucun,0.7237960339943342,0.8095238095238095,0.734375,0.265625
0060000813.png,distorsion_decalage,fort,deskew_seul,0.773371104815864,0.9619047619047619,0.5625,0.4375
0060000813.png,distorsion_decalage,fort,denoise_seul,0.7252124645892352,0.8,0.734375,0.265625
0060000813.png,distorsion_decalage,fort,contraste_seul,0.7747875354107648,0.8952380952380953,0.75,0.25
0060000813.png,distorsion_decalage,fort,binarisation_seule,0.7067988668555241,0.8857142857142857,0.546875,0.453125
0060000813.png,distorsion_decalage,fort,pipeline_complet,0.7464589235127479,0.9619047619047619,0.28125,0.71875
00860012_00860014.png,ombres,faible,aucun,0.624804992199688,0.7474226804123711,0.4879518072289157,0.5120481927710843
00860012_00860014.png,ombres,faible,deskew_seul,0.624804992199688,0.7474226804123711,0.4879518072289157,0.5120481927710843
00860012_00860014.png,ombres,faible,denoise_seul,0.6965678627145085,0.788659793814433,0.35542168674698793,0.6445783132530121
00860012_00860014.png,ombres,faible,contraste_seul,0.5881435257410297,0.711340206185567,0.4759036144578313,0.5240963855421688
00860012_00860014.png,ombres,faible,binarisation_seule,0.6630265210608425,0.8195876288659794,0.3493975903614458,0.6506024096385542
00860012_00860014.png,ombres,faible,pipeline_complet,0.6638065522620905,0.8041237113402062,0.21084337349397592,0.7891566265060241
00920222.png,ombres,faible,aucun,0.4056420233463035,0.5730337078651685,0.6783216783216783,0.32167832167832167
00920222.png,ombres,faible,deskew_seul,0.4727626459143969,0.6404494382022472,0.6643356643356644,0.3356643356643356
00920222.png,ombres,faible,denoise_seul,0.5457198443579766,0.6910112359550562,0.6363636363636364,0.36363636363636365
00920222.png,ombres,faible,contraste_seul,0.3657587548638132,0.5,0.6643356643356644,0.3356643356643356
00920222.png,ombres,faible,binarisation_seule,0.4766536964980545,0.6348314606741573,0.5874125874125874,0.4125874125874126
00920222.png,ombres,faible,pipeline_complet,0.791828793774319,0.9269662921348315,0.1048951048951049,0.8951048951048951
0060207528.png,ombres,faible,aucun,0.37523809523809526,0.5738636363636364,0.635036496350365,0.36496350364963503
0060207528.png,ombres,faible,deskew_seul,0.37523809523809526,0.5738636363636364,0.635036496350365,0.36496350364963503
0060207528.png,ombres,faible,denoise_seul,0.3438095238095238,0.5340909090909091,0.6131386861313869,0.3868613138686131
0060207528.png,ombres,faible,contraste_seul,0.32095238095238093,0.48295454545454547,0.583941605839416,0.416058394160584
0060207528.png,ombres,faible,binarisation_seule,0.3438095238095238,0.5625,0.5547445255474452,0.44525547445255476
0060207528.png,ombres,faible,pipeline_complet,0.9676190476190476,0.9943181818181818,0.0072992700729927005,0.9927007299270073
660978.png,ombres,faible,aucun,0.5575364667747164,0.660377358490566,0.7078651685393258,0.2921348314606742
660978.png,ombres,faible,deskew_seul,0.5575364667747164,0.660377358490566,0.7078651685393258,0.2921348314606742
660978.png,ombres,faible,denoise_seul,0.5559157212317666,0.6698113207547169,0.6966292134831461,0.3033707865168539
660978.png,ombres,faible,contraste_seul,0.5348460291734197,0.6698113207547169,0.5842696629213483,0.4157303370786517
660978.png,ombres,faible,binarisation_seule,0.5316045380875203,0.6509433962264151,0.651685393258427,0.348314606741573
660978.png,ombres,faible,pipeline_complet,0.7990275526742301,0.9339622641509434,0.15730337078651685,0.8426966292134832
0060173256.png,ombres,faible,aucun,0.7894736842105263,0.9193548387096774,0.35555555555555557,0.6444444444444444
0060173256.png,ombres,faible,deskew_seul,0.7894736842105263,0.9193548387096774,0.35555555555555557,0.6444444444444444
0060173256.png,ombres,faible,denoise_seul,0.7780320366132724,0.9193548387096774,0.3333333333333333,0.6666666666666667
0060173256.png,ombres,faible,contraste_seul,0.7894736842105263,0.9193548387096774,0.37777777777777777,0.6222222222222222
0060173256.png,ombres,faible,binarisation_seule,0.782608695652174,0.9354838709677419,0.26666666666666666,0.7333333333333334
0060173256.png,ombres,faible,pipeline_complet,0.7643020594965675,0.9193548387096774,0.24444444444444444,0.7555555555555555
00851772_1780.png,ombres,faible,aucun,0.5131034482758621,0.6422018348623854,0.5217391304347826,0.4782608695652174
00851772_1780.png,ombres,faible,deskew_seul,0.5103448275862069,0.6880733944954128,0.5434782608695652,0.4565217391304348
00851772_1780.png,ombres,faible,denoise_seul,0.5089655172413793,0.6238532110091743,0.532608695652174,0.46739130434782605
00851772_1780.png,ombres,faible,contraste_seul,0.5489655172413793,0.6513761467889908,0.44565217391304346,0.5543478260869565
00851772_1780.png,ombres,faible,binarisation_seule,0.526896551724138,0.7614678899082569,0.41304347826086957,0.5869565217391304
00851772_1780.png,ombres,faible,pipeline_complet,0.663448275862069,0.8348623853211009,0.1956521739130435,0.8043478260869565
91914407.png,ombres,faible,aucun,0.2848101265822785,0.41284403669724773,0.7528089887640449,0.2471910112359551
91914407.png,ombres,faible,deskew_seul,0.2848101265822785,0.41284403669724773,0.7528089887640449,0.2471910112359551
91914407.png,ombres,faible,denoise_seul,0.2911392405063291,0.43119266055045874,0.7415730337078652,0.2584269662921348
91914407.png,ombres,faible,contraste_seul,0.3227848101265823,0.5045871559633027,0.6853932584269663,0.3146067415730337
91914407.png,ombres,faible,binarisation_seule,0.34335443037974683,0.5137614678899083,0.6629213483146067,0.3370786516853933
91914407.png,ombres,faible,pipeline_complet,0.49841772151898733,0.6513761467889908,0.4606741573033708,0.5393258426966292
91391310.png,ombres,faible,aucun,0.6178343949044586,0.6931818181818182,0.7088607594936709,0.2911392405063291
91391310.png,ombres,faible,deskew_seul,0.5159235668789809,0.7386363636363636,0.6455696202531646,0.35443037974683544
91391310.png,ombres,faible,denoise_seul,0.6687898089171974,0.7613636363636364,0.6835443037974683,0.31645569620253167
91391310.png,ombres,faible,contraste_seul,0.4394904458598726,0.5681818181818182,0.569620253164557,0.430379746835443
91391310.png,ombres,faible,binarisation_seule,0.6178343949044586,0.8068181818181818,0.6075949367088608,0.3924050632911392
91391310.png,ombres,faible,pipeline_complet,0.6496815286624203,0.9545454545454546,0.4050632911392405,0.5949367088607596
00836816.png,ombres,faible,aucun,0.28529698149951316,0.4228571428571429,0.5615384615384615,0.43846153846153846
00836816.png,ombres,faible,deskew_seul,0.28529698149951316,0.4228571428571429,0.5615384615384615,0.43846153846153846
00836816.png,ombres,faible,denoise_seul,0.28432327166504384,0.41714285714285715,0.5692307692307692,0.4307692307692308
00836816.png,ombres,faible,contraste_seul,0.2940603700097371,0.4342857142857143,0.5538461538461539,0.4461538461538461
00836816.png,ombres,faible,binarisation_seule,0.317429406037001,0.5314285714285715,0.46923076923076923,0.5307692307692308
00836816.png,ombres,faible,pipeline_complet,0.6757546251217137,0.8742857142857143,0.16153846153846155,0.8384615384615385
0001476912.png,ombres,faible,aucun,0.7714285714285715,0.8958333333333334,0.6309523809523809,0.36904761904761907
0001476912.png,ombres,faible,deskew_seul,0.7714285714285715,0.8958333333333334,0.6309523809523809,0.36904761904761907
0001476912.png,ombres,faible,denoise_seul,0.7371428571428571,0.9270833333333334,0.5952380952380952,0.40476190476190477
0001476912.png,ombres,faible,contraste_seul,0.6209523809523809,0.7708333333333334,0.4880952380952381,0.5119047619047619
0001476912.png,ombres,faible,binarisation_seule,0.9428571428571428,1.2708333333333333,0.40476190476190477,0.5952380952380952
0001476912.png,ombres,faible,pipeline_complet,0.8361904761904762,0.9791666666666666,0.11904761904761904,0.8809523809523809
0011859695.png,ombres,faible,aucun,0.4349442379182156,0.7109375,0.4690265486725664,0.5309734513274336
0011859695.png,ombres,faible,deskew_seul,0.4349442379182156,0.7109375,0.4690265486725664,0.5309734513274336
0011859695.png,ombres,faible,denoise_seul,0.4312267657992565,0.6875,0.46017699115044247,0.5398230088495575
0011859695.png,ombres,faible,contraste_seul,0.6332094175960347,0.765625,0.34513274336283184,0.6548672566371682
0011859695.png,ombres,faible,binarisation_seule,0.530359355638166,0.71875,0.4690265486725664,0.5309734513274336
0011859695.png,ombres,faible,pipeline_complet,0.8004956629491945,0.9375,0.05309734513274336,0.9469026548672567
87533049.png,ombres,faible,aucun,0.5231259968102073,0.8090909090909091,0.4838709677419355,0.5161290322580645
87533049.png,ombres,faible,deskew_seul,0.5885167464114832,0.8727272727272727,0.3548387096774194,0.6451612903225806
87533049.png,ombres,faible,denoise_seul,0.3413078149920255,0.6727272727272727,0.4731182795698925,0.5268817204301075
87533049.png,ombres,faible,contraste_seul,0.5199362041467305,0.7727272727272727,0.40860215053763443,0.5913978494623655
87533049.png,ombres,faible,binarisation_seule,0.6379585326953748,0.9363636363636364,0.3010752688172043,0.6989247311827957
87533049.png,ombres,faible,pipeline_complet,0.6682615629984051,0.9545454545454546,0.17204301075268819,0.8279569892473118
00865872.png,ombres,faible,aucun,0.37235228539576365,0.40875912408759124,0.6545454545454545,0.34545454545454546
00865872.png,ombres,faible,deskew_seul,0.3455964325529543,0.3795620437956204,0.6363636363636364,0.36363636363636365
00865872.png,ombres,faible,denoise_seul,0.3701226309921962,0.40875912408759124,0.6545454545454545,0.34545454545454546
00865872.png,ombres,faible,contraste_seul,0.3756967670011148,0.41605839416058393,0.6454545454545455,0.3545454545454545
00865872.png,ombres,faible,binarisation_seule,0.43812709030100333,0.5255474452554745,0.6090909090909091,0.3909090909090909
00865872.png,ombres,faible,pipeline_complet,0.5451505016722408,0.7591240875912408,0.3,0.7
0001463282.png,ombres,faible,aucun,0.7595034910783554,0.9311926605504587,0.5379746835443038,0.4620253164556962
0001463282.png,ombres,faible,deskew_seul,0.7595034910783554,0.9311926605504587,0.5379746835443038,0.4620253164556962
0001463282.png,ombres,faible,denoise_seul,0.756400310318076,0.9311926605504587,0.5316455696202531,0.4683544303797469
0001463282.png,ombres,faible,contraste_seul,0.7075252133436772,0.9036697247706422,0.5253164556962026,0.47468354430379744
0001463282.png,ombres,faible,binarisation_seule,0.747866563227308,0.9403669724770642,0.5063291139240507,0.49367088607594933
0001463282.png,ombres,faible,pipeline_complet,0.78277734678045,0.9678899082568807,0.04430379746835443,0.9556962025316456
0000971160.png,ombres,faible,aucun,0.17154811715481172,0.38620689655172413,0.7068965517241379,0.2931034482758621
0000971160.png,ombres,faible,deskew_seul,0.17154811715481172,0.38620689655172413,0.7068965517241379,0.2931034482758621
0000971160.png,ombres,faible,denoise_seul,0.17154811715481172,0.38620689655172413,0.6982758620689655,0.3017241379310345
0000971160.png,ombres,faible,contraste_seul,0.1694560669456067,0.3793103448275862,0.6896551724137931,0.31034482758620685
0000971160.png,ombres,faible,binarisation_seule,0.19142259414225943,0.4827586206896552,0.603448275862069,0.39655172413793105
0000971160.png,ombres,faible,pipeline_complet,0.9006276150627615,0.9724137931034482,0.034482758620689655,0.9655172413793104
12825369.png,ombres,moyen,aucun,0.3529874213836478,0.4682926829268293,0.7692307692307693,0.23076923076923073
12825369.png,ombres,moyen,deskew_seul,0.3529874213836478,0.4682926829268293,0.7692307692307693,0.23076923076923073
12825369.png,ombres,moyen,denoise_seul,0.35062893081761004,0.4682926829268293,0.7751479289940828,0.2248520710059172
12825369.png,ombres,moyen,contraste_seul,0.6132075471698113,0.6878048780487804,0.4437869822485207,0.5562130177514792
12825369.png,ombres,moyen,binarisation_seule,0.3757861635220126,0.5024390243902439,0.7218934911242604,0.2781065088757396
12825369.png,ombres,moyen,pipeline_complet,0.6808176100628931,0.8780487804878049,0.1952662721893491,0.8047337278106509
0012602424.png,ombres,moyen,aucun,0.5936,0.776255707762557,0.4294478527607362,0.5705521472392638
0012602424.png,ombres,moyen,deskew_seul,0.5936,0.776255707762557,0.4294478527607362,0.5705521472392638
0012602424.png,ombres,moyen,denoise_seul,0.6488,0.7853881278538812,0.43558282208588955,0.5644171779141105
0012602424.png,ombres,moyen,contraste_seul,0.688,0.821917808219178,0.2883435582822086,0.7116564417177914
0012602424.png,ombres,moyen,binarisation_seule,0.6568,0.8127853881278538,0.37423312883435583,0.6257668711656441
0012602424.png,ombres,moyen,pipeline_complet,0.732,0.8584474885844748,0.25766871165644173,0.7423312883435582
00851772_1780.png,ombres,moyen,aucun,0.84,0.8807339449541285,0.20652173913043478,0.7934782608695652
00851772_1780.png,ombres,moyen,deskew_seul,0.8675862068965517,0.8715596330275229,0.15217391304347827,0.8478260869565217
00851772_1780.png,ombres,moyen,denoise_seul,0.8386206896551724,0.8715596330275229,0.21739130434782608,0.782608695652174
00851772_1780.png,ombres,moyen,contraste_seul,0.8579310344827586,0.8990825688073395,0.15217391304347827,0.8478260869565217
00851772_1780.png,ombres,moyen,binarisation_seule,0.7241379310344828,0.8532110091743119,0.2391304347826087,0.7608695652173914
00851772_1780.png,ombres,moyen,pipeline_complet,0.6979310344827586,0.8715596330275229,0.21739130434782608,0.782608695652174
0060024314.png,ombres,moyen,aucun,0.7125984251968503,0.7735849056603774,0.2696629213483146,0.7303370786516854
0060024314.png,ombres,moyen,deskew_seul,0.7125984251968503,0.7735849056603774,0.2696629213483146,0.7303370786516854
0060024314.png,ombres,moyen,denoise_seul,0.6955380577427821,0.7735849056603774,0.2696629213483146,0.7303370786516854
0060024314.png,ombres,moyen,contraste_seul,0.7230971128608924,0.7830188679245284,0.25842696629213485,0.7415730337078652
0060024314.png,ombres,moyen,binarisation_seule,0.4343832020997375,0.6886792452830188,0.5280898876404494,0.4719101123595506
0060024314.png,ombres,moyen,pipeline_complet,0.547244094488189,0.8301886792452831,0.23595505617977527,0.7640449438202247
89368010.png,ombres,moyen,aucun,0.490280777537797,0.6,0.6422018348623854,0.35779816513761464
89368010.png,ombres,moyen,deskew_seul,0.5010799136069114,0.58,0.6513761467889908,0.3486238532110092
89368010.png,ombres,moyen,denoise_seul,0.4794816414686825,0.6133333333333333,0.6238532110091743,0.37614678899082565
89368010.png,ombres,moyen,contraste_seul,0.5032397408207343,0.5666666666666667,0.6146788990825688,0.3853211009174312
89368010.png,ombres,moyen,binarisation_seule,0.49892008639308855,0.6266666666666667,0.5963302752293578,0.4036697247706422
89368010.png,ombres,moyen,pipeline_complet,0.5961123110151187,0.84,0.29357798165137616,0.7064220183486238
92586242.png,ombres,moyen,aucun,0.418,0.6790123456790124,0.4927536231884058,0.5072463768115942
92586242.png,ombres,moyen,deskew_seul,0.418,0.6790123456790124,0.4927536231884058,0.5072463768115942
92586242.png,ombres,moyen,denoise_seul,0.42,0.7037037037037037,0.5072463768115942,0.49275362318840576
92586242.png,ombres,moyen,contraste_seul,0.688,0.8148148148148148,0.2608695652173913,0.7391304347826086
92586242.png,ombres,moyen,binarisation_seule,0.452,0.7160493827160493,0.4057971014492754,0.5942028985507246
92586242.png,ombres,moyen,pipeline_complet,0.748,0.9012345679012346,0.11594202898550725,0.8840579710144928
87672097.png,ombres,moyen,aucun,0.5722222222222222,0.7524271844660194,0.3902439024390244,0.6097560975609756
87672097.png,ombres,moyen,deskew_seul,0.5722222222222222,0.7524271844660194,0.3902439024390244,0.6097560975609756
87672097.png,ombres,moyen,denoise_seul,0.6620370370370371,0.8543689320388349,0.38414634146341464,0.6158536585365854
87672097.png,ombres,moyen,contraste_seul,0.725925925925926,0.8252427184466019,0.25609756097560976,0.7439024390243902
87672097.png,ombres,moyen,binarisation_seule,0.6055555555555555,0.8009708737864077,0.34146341463414637,0.6585365853658536
87672097.png,ombres,moyen,pipeline_complet,0.7064814814814815,0.8932038834951457,0.18902439024390244,0.8109756097560976
92657391.png,ombres,moyen,aucun,0.3972222222222222,0.6030534351145038,0.6272727272727273,0.3727272727272727
92657391.png,ombres,moyen,deskew_seul,0.39166666666666666,0.6259541984732825,0.6363636363636364,0.36363636363636365
92657391.png,ombres,moyen,denoise_seul,0.3958333333333333,0.5954198473282443,0.6090909090909091,0.3909090909090909
92657391.png,ombres,moyen,contraste_seul,0.65,0.816793893129771,0.2545454545454545,0.7454545454545455
92657391.png,ombres,moyen,binarisation_seule,0.4861111111111111,0.7404580152671756,0.5272727272727272,0.4727272727272728
92657391.png,ombres,moyen,pipeline_complet,0.4444444444444444,0.6793893129770993,0.5818181818181818,0.4181818181818182
0000990274.png,ombres,moyen,aucun,0.7138728323699421,0.9242424242424242,0.17,0.83
0000990274.png,ombres,moyen,deskew_seul,0.6965317919075145,0.8787878787878788,0.25,0.75
0000990274.png,ombres,moyen,denoise_seul,0.773121387283237,0.9545454545454546,0.13,0.87
0000990274.png,ombres,moyen,contraste_seul,0.6690751445086706,0.8333333333333334,0.37,0.63
0000990274.png,ombres,moyen,binarisation_seule,0.4421965317919075,0.696969696969697,0.46,0.54
0000990274.png,ombres,moyen,pipeline_complet,0.5722543352601156,0.803030303030303,0.27,0.73
0011976929.png,ombres,moyen,aucun,0.6209850107066381,0.7875,0.28169014084507044,0.7183098591549295
0011976929.png,ombres,moyen,deskew_seul,0.6573875802997858,0.8,0.28169014084507044,0.7183098591549295
0011976929.png,ombres,moyen,denoise_seul,0.6081370449678801,0.775,0.323943661971831,0.676056338028169
0011976929.png,ombres,moyen,contraste_seul,0.6616702355460385,0.825,0.23943661971830985,0.7605633802816901
0011976929.png,ombres,moyen,binarisation_seule,0.25910064239828695,0.475,0.6619718309859155,0.3380281690140845
0011976929.png,ombres,moyen,pipeline_complet,0.6402569593147751,0.875,0.30985915492957744,0.6901408450704225
0011505151.png,ombres,moyen,aucun,0.7538461538461538,0.9139784946236559,0.18518518518518517,0.8148148148148149
0011505151.png,ombres,moyen,deskew_seul,0.7769230769230769,0.9247311827956989,0.13580246913580246,0.8641975308641976
0011505151.png,ombres,moyen,denoise_seul,0.5942307692307692,0.7741935483870968,0.4567901234567901,0.5432098765432098
0011505151.png,ombres,moyen,contraste_seul,0.8615384615384616,0.946236559139785,0.14814814814814814,0.8518518518518519
0011505151.png,ombres,moyen,binarisation_seule,0.6134615384615385,0.8279569892473119,0.3333333333333333,0.6666666666666667
0011505151.png,ombres,moyen,pipeline_complet,0.6903846153846154,0.9354838709677419,0.09876543209876543,0.9012345679012346
0030041455.png,ombres,moyen,aucun,0.25688073394495414,0.4375,0.6037735849056604,0.39622641509433965
0030041455.png,ombres,moyen,deskew_seul,0.20795107033639143,0.375,0.6226415094339622,0.37735849056603776
0030041455.png,ombres,moyen,denoise_seul,0.26299694189602446,0.4375,0.6037735849056604,0.39622641509433965
0030041455.png,ombres,moyen,contraste_seul,0.36085626911314983,0.53125,0.5283018867924528,0.4716981132075472
0030041455.png,ombres,moyen,binarisation_seule,0.10091743119266056,0.3125,0.7735849056603774,0.2264150943396226
0030041455.png,ombres,moyen,pipeline_complet,0.12844036697247707,0.4375,0.6037735849056604,0.39622641509433965
92327794.png,ombres,moyen,aucun,0.5178571428571429,0.6883116883116883,0.4264705882352941,0.5735294117647058
92327794.png,ombres,moyen,deskew_seul,0.4575892857142857,0.6753246753246753,0.4264705882352941,0.5735294117647058
92327794.png,ombres,moyen,denoise_seul,0.5223214285714286,0.6493506493506493,0.4411764705882353,0.5588235294117647
92327794.png,ombres,moyen,contraste_seul,0.53125,0.7272727272727273,0.4264705882352941,0.5735294117647058
92327794.png,ombres,moyen,binarisation_seule,0.484375,0.7272727272727273,0.5,0.5
92327794.png,ombres,moyen,pipeline_complet,0.6049107142857143,0.7662337662337663,0.38235294117647056,0.6176470588235294
0001438955.png,ombres,moyen,aucun,0.7997293640054127,0.9583333333333334,0.33884297520661155,0.6611570247933884
0001438955.png,ombres,moyen,deskew_seul,0.7875507442489851,0.9236111111111112,0.3140495867768595,0.6859504132231404
0001438955.png,ombres,moyen,denoise_seul,0.7875507442489851,0.9444444444444444,0.35537190082644626,0.6446280991735538
0001438955.png,ombres,moyen,contraste_seul,0.7943166441136671,0.9375,0.3884297520661157,0.6115702479338843
0001438955.png,ombres,moyen,binarisation_seule,0.8213802435723951,0.9791666666666666,0.3305785123966942,0.6694214876033058
0001438955.png,ombres,moyen,pipeline_complet,0.8146143437077131,0.9583333333333334,0.12396694214876033,0.8760330578512396
71563825.png,ombres,moyen,aucun,0.3578231292517007,0.5333333333333333,0.5470588235294118,0.4529411764705882
71563825.png,ombres,moyen,deskew_seul,0.7986394557823129,0.9208333333333333,0.1,0.9
71563825.png,ombres,moyen,denoise_seul,0.38095238095238093,0.5791666666666667,0.5294117647058824,0.47058823529411764
71563825.png,ombres,moyen,contraste_seul,0.4217687074829932,0.5791666666666667,0.5352941176470588,0.4647058823529412
71563825.png,ombres,moyen,binarisation_seule,0.3238095238095238,0.5625,0.5588235294117647,0.4411764705882353
71563825.png,ombres,moyen,pipeline_complet,0.9761904761904762,0.9958333333333333,0.0058823529411764705,0.9941176470588236
92586242.png,ombres,fort,aucun,0.932,0.9629629629629629,0.043478260869565216,0.9565217391304348
92586242.png,ombres,fort,deskew_seul,0.932,0.9629629629629629,0.043478260869565216,0.9565217391304348
92586242.png,ombres,fort,denoise_seul,0.936,0.9753086419753086,0.028985507246376812,0.9710144927536232
92586242.png,ombres,fort,contraste_seul,0.932,0.9629629629629629,0.043478260869565216,0.9565217391304348
92586242.png,ombres,fort,binarisation_seule,0.444,0.7283950617283951,0.42028985507246375,0.5797101449275363
92586242.png,ombres,fort,pipeline_complet,0.87,0.9259259259259259,0.08695652173913043,0.9130434782608696
0030031163.png,ombres,fort,aucun,0.6886543535620053,0.732824427480916,0.41414141414141414,0.5858585858585859
0030031163.png,ombres,fort,deskew_seul,0.6886543535620053,0.732824427480916,0.41414141414141414,0.5858585858585859
0030031163.png,ombres,fort,denoise_seul,0.6688654353562006,0.7099236641221374,0.42424242424242425,0.5757575757575757
0030031163.png,ombres,fort,contraste_seul,0.7216358839050132,0.816793893129771,0.3333333333333333,0.6666666666666667
0030031163.png,ombres,fort,binarisation_seule,0.2941952506596306,0.4351145038167939,0.8484848484848485,0.1515151515151515
0030031163.png,ombres,fort,pipeline_complet,0.5369393139841688,0.6641221374045801,0.47474747474747475,0.5252525252525253
87682908.png,ombres,fort,aucun,0.6536030341340076,0.752,0.2571428571428571,0.7428571428571429
87682908.png,ombres,fort,deskew_seul,0.6523388116308471,0.744,0.26666666666666666,0.7333333333333334
87682908.png,ombres,fort,denoise_seul,0.6776232616940582,0.776,0.22857142857142856,0.7714285714285715
87682908.png,ombres,fort,contraste_seul,0.7193426042983565,0.792,0.21904761904761905,0.780952380952381
87682908.png,ombres,fort,binarisation_seule,0.584070796460177,0.776,0.6190476190476191,0.38095238095238093
87682908.png,ombres,fort,pipeline_complet,0.5891276864728192,0.848,0.3047619047619048,0.6952380952380952
0012529295.png,ombres,fort,aucun,0.8199018920812894,0.8937007874015748,0.18716577540106952,0.8128342245989305
0012529295.png,ombres,fort,deskew_seul,0.8093903293622985,0.8700787401574803,0.1925133689839572,0.8074866310160428
0012529295.png,ombres,fort,denoise_seul,0.8528381219341276,0.8937007874015748,0.16042780748663102,0.839572192513369
0012529295.png,ombres,fort,contraste_seul,0.8276103714085494,0.905511811023622,0.15508021390374332,0.8449197860962567
0012529295.png,ombres,fort,binarisation_seule,0.6706377014716188,0.8661417322834646,0.4385026737967914,0.5614973262032086
0012529295.png,ombres,fort,pipeline_complet,0.6909600560616679,0.9409448818897638,0.19786096256684493,0.8021390374331551
0001456787.png,ombres,fort,aucun,0.7678571428571429,0.9341317365269461,0.3157894736842105,0.6842105263157895
0001456787.png,ombres,fort,deskew_seul,0.7678571428571429,0.9341317365269461,0.3157894736842105,0.6842105263157895
0001456787.png,ombres,fort,denoise_seul,0.8067226890756303,0.9221556886227545,0.2736842105263158,0.7263157894736842
0001456787.png,ombres,fort,contraste_seul,0.8151260504201681,0.9221556886227545,0.18947368421052632,0.8105263157894737
0001456787.png,ombres,fort,binarisation_seule,0.43592436974789917,0.7425149700598802,0.4421052631578947,0.5578947368421052
0001456787.png,ombres,fort,pipeline_complet,0.7048319327731093,0.9341317365269461,0.11578947368421053,0.8842105263157894
01191071_1072.png,ombres,fort,aucun,0.7255936675461742,0.7666666666666667,0.40350877192982454,0.5964912280701755
01191071_1072.png,ombres,fort,deskew_seul,0.6358839050131926,0.75,0.5087719298245614,0.49122807017543857
01191071_1072.png,ombres,fort,denoise_seul,0.6675461741424802,0.75,0.43859649122807015,0.5614035087719298
01191071_1072.png,ombres,fort,contraste_seul,0.7546174142480211,0.8,0.3684210526315789,0.631578947368421
01191071_1072.png,ombres,fort,binarisation_seule,0.604221635883905,0.75,0.5789473684210527,0.42105263157894735
01191071_1072.png,ombres,fort,pipeline_complet,0.5514511873350924,0.6833333333333333,0.43859649122807015,0.5614035087719298
71366499.png,ombres,fort,aucun,0.6710182767624021,0.8450704225352113,0.34545454545454546,0.6545454545454545
71366499.png,ombres,fort,deskew_seul,0.7101827676240209,0.9154929577464789,0.18181818181818182,0.8181818181818181
71366499.png,ombres,fort,denoise_seul,0.6814621409921671,0.8591549295774648,0.34545454545454546,0.6545454545454545
71366499.png,ombres,fort,contraste_seul,0.6788511749347258,0.8169014084507042,0.23636363636363636,0.7636363636363637
71366499.png,ombres,fort,binarisation_seule,0.6475195822454308,0.8591549295774648,0.34545454545454546,0.6545454545454545
71366499.png,ombres,fort,pipeline_complet,0.6684073107049608,0.9154929577464789,0.12727272727272726,0.8727272727272728
71206427.png,ombres,fort,aucun,0.6577319587628866,0.7540983606557377,0.46296296296296297,0.537037037037037
71206427.png,ombres,fort,deskew_seul,0.6577319587628866,0.7540983606557377,0.46296296296296297,0.537037037037037
71206427.png,ombres,fort,denoise_seul,0.6061855670103092,0.7213114754098361,0.5370370370370371,0.4629629629629629
71206427.png,ombres,fort,contraste_seul,0.6969072164948453,0.7540983606557377,0.42592592592592593,0.5740740740740741
71206427.png,ombres,fort,binarisation_seule,0.4350515463917526,0.6885245901639344,0.7962962962962963,0.20370370370370372
71206427.png,ombres,fort,pipeline_complet,0.8886597938144329,0.9836065573770492,0.018518518518518517,0.9814814814814815
0060207528.png,ombres,fort,aucun,0.6276190476190476,0.75,0.35036496350364965,0.6496350364963503
0060207528.png,ombres,fort,deskew_seul,0.6276190476190476,0.75,0.35036496350364965,0.6496350364963503
0060207528.png,ombres,fort,denoise_seul,0.6228571428571429,0.7670454545454546,0.3284671532846715,0.6715328467153285
0060207528.png,ombres,fort,contraste_seul,0.6095238095238096,0.75,0.34306569343065696,0.656934306569343
0060207528.png,ombres,fort,binarisation_seule,0.3476190476190476,0.5852272727272727,0.5693430656934306,0.43065693430656937
0060207528.png,ombres,fort,pipeline_complet,0.9304761904761905,0.9772727272727273,0.029197080291970802,0.9708029197080292
00836244.png,ombres,fort,aucun,0.8125,0.8839779005524862,0.14864864864864866,0.8513513513513513
00836244.png,ombres,fort,deskew_seul,0.86875,0.9005524861878453,0.14189189189189189,0.8581081081081081
00836244.png,ombres,fort,denoise_seul,0.8197916666666667,0.8895027624309392,0.14864864864864866,0.8513513513513513
00836244.png,ombres,fort,contraste_seul,0.846875,0.8950276243093923,0.14189189189189189,0.8581081081081081
00836244.png,ombres,fort,binarisation_seule,0.7145833333333333,0.861878453038674,0.22972972972972974,0.7702702702702703
00836244.png,ombres,fort,pipeline_complet,0.853125,0.9613259668508287,0.07432432432432433,0.9256756756756757
0011973451.png,ombres,fort,aucun,0.6831072749691739,0.7903225806451613,0.2616822429906542,0.7383177570093458
0011973451.png,ombres,fort,deskew_seul,0.6744759556103576,0.7903225806451613,0.27102803738317754,0.7289719626168225
0011973451.png,ombres,fort,denoise_seul,0.7102342786683107,0.8145161290322581,0.22429906542056074,0.7757009345794392
0011973451.png,ombres,fort,contraste_seul,0.8199753390875463,0.8870967741935484,0.1308411214953271,0.8691588785046729
0011973451.png,ombres,fort,binarisation_seule,0.5277435265104808,0.7580645161290323,0.3925233644859813,0.6074766355140186
0011973451.png,ombres,fort,pipeline_complet,0.5437731196054254,0.7580645161290323,0.29906542056074764,0.7009345794392523
71202511.png,ombres,fort,aucun,0.6704980842911877,0.8403755868544601,0.3618421052631579,0.638157894736842
71202511.png,ombres,fort,deskew_seul,0.789272030651341,0.892018779342723,0.18421052631578946,0.8157894736842105
71202511.png,ombres,fort,denoise_seul,0.7049808429118773,0.8497652582159625,0.3355263157894737,0.6644736842105263
71202511.png,ombres,fort,contraste_seul,0.7724137931034483,0.8685446009389671,0.23684210526315788,0.7631578947368421
71202511.png,ombres,fort,binarisation_seule,0.542528735632184,0.7793427230046949,0.4605263157894737,0.5394736842105263
71202511.png,ombres,fort,pipeline_complet,0.8773946360153256,0.9859154929577465,0.019736842105263157,0.9802631578947368
92657391.png,ombres,fort,aucun,0.6680555555555555,0.7786259541984732,0.3090909090909091,0.6909090909090909
92657391.png,ombres,fort,deskew_seul,0.7138888888888889,0.8015267175572519,0.2636363636363636,0.7363636363636363
92657391.png,ombres,fort,denoise_seul,0.6694444444444444,0.7404580152671756,0.35454545454545455,0.6454545454545455
92657391.png,ombres,fort,contraste_seul,0.6694444444444444,0.8091603053435115,0.2636363636363636,0.7363636363636363
92657391.png,ombres,fort,binarisation_seule,0.4527777777777778,0.7022900763358778,0.4909090909090909,0.509090909090909
92657391.png,ombres,fort,pipeline_complet,0.46805555555555556,0.7404580152671756,0.4727272727272727,0.5272727272727273
81619486_9488.png,ombres,fort,aucun,0.8310160427807487,0.8961038961038961,0.17777777777777778,0.8222222222222222
81619486_9488.png,ombres,fort,deskew_seul,0.9219251336898395,0.948051948051948,0.05555555555555555,0.9444444444444444
81619486_9488.png,ombres,fort,denoise_seul,0.841711229946524,0.9025974025974026,0.13333333333333333,0.8666666666666667
81619486_9488.png,ombres,fort,contraste_seul,0.853475935828877,0.9155844155844156,0.12222222222222222,0.8777777777777778
81619486_9488.png,ombres,fort,binarisation_seule,0.6021390374331551,0.8246753246753247,0.4,0.6
81619486_9488.png,ombres,fort,pipeline_complet,0.8438502673796792,0.961038961038961,0.08888888888888889,0.9111111111111111
0060000813.png,ombres,fort,aucun,0.7252124645892352,0.8761904761904762,0.3125,0.6875
0060000813.png,ombres,fort,deskew_seul,0.7252124645892352,0.8761904761904762,0.3125,0.6875
0060000813.png,ombres,fort,denoise_seul,0.7308781869688386,0.8857142857142857,0.265625,0.734375
0060000813.png,ombres,fort,contraste_seul,0.7592067988668555,0.9047619047619048,0.28125,0.71875
0060000813.png,ombres,fort,binarisation_seule,0.7407932011331445,0.9428571428571428,0.59375,0.40625
0060000813.png,ombres,fort,pipeline_complet,0.7847025495750708,0.9714285714285714,0.09375,0.90625
